datetime,ensemble_equity,buyhold_equity
2023-07-06 13:30:00,10000.0,10000.0
2023-07-06 14:30:00,10000.0,9981.955773247304
2023-07-06 15:30:00,10000.0,10024.879123204266
2023-07-06 16:30:00,10000.0,10031.377781463698
2023-07-06 17:30:00,10000.0,10034.994636458516
2023-07-06 18:30:00,10000.0,10047.844275160982
2023-07-06 19:30:00,10000.0,10046.477629605846
2023-07-07 13:30:00,10000.0,10035.784754493137
2023-07-07 14:30:00,10000.0,10056.864302692467
2023-07-07 15:30:00,10000.0,10088.30716251593
2023-07-07 16:30:00,10000.0,10127.43010313001
2023-07-07 17:30:00,10000.0,10107.171543469298
2023-07-07 18:30:00,10000.0,10057.960622753177
2023-07-07 19:30:00,10000.0,10012.849638702466
2023-07-10 13:30:00,10000.0,10008.472701839073
2023-07-10 14:30:00,10000.0,9995.079074795976
2023-07-10 15:30:00,10000.0,9964.559827078454
2023-07-10 16:30:00,10000.0,10003.281451140629
2023-07-10 17:30:00,10000.0,10017.49773539823
2023-07-10 18:30:00,10000.0,10005.468250896434
2023-07-10 19:30:00,10000.0,10018.864380953368
2023-07-11 13:30:00,10000.0,10010.116347592197
2023-07-11 14:30:00,10000.0,10013.943455749344
2023-07-11 15:30:00,10000.0,10022.771585553304
2023-07-11 16:30:00,10000.0,10025.15278605047
2023-07-11 17:30:00,10000.0,10012.384912466685
2023-07-11 18:30:00,10000.0,10039.366567294237
2023-07-11 19:30:00,10000.0,10065.342010559212
2023-07-12 13:30:00,10000.0,10217.62370374128
2023-07-12 14:30:00,10000.0,10192.470917690807
2023-07-12 15:30:00,10000.0,10153.649173075146
2023-07-12 16:30:00,10000.0,10185.909684085445
2023-07-12 17:30:00,10000.0,10207.781018995287
2023-07-12 18:30:00,10000.0,10188.096483841251
2023-07-12 19:30:00,10000.0,10194.658551784561
2023-07-13 13:30:00,10000.0,10270.388904106287
2023-07-13 14:30:00,10000.0,10295.538352804975
2023-07-13 15:30:00,10000.0,10325.88822991951
2023-07-13 16:30:00,10000.0,10334.909926126882
2023-07-13 17:30:00,10000.0,10340.378177023314
2023-07-13 18:30:00,10000.0,10373.462179586068
2023-07-13 19:30:00,10000.0,10366.487114359616
2023-07-14 13:30:00,10000.0,10440.987652549305
2023-07-14 14:30:00,10000.0,10434.563250367044
2023-07-14 15:30:00,10000.0,10412.007758341688
2023-07-14 16:30:00,10000.0,10398.337965438548
2023-07-14 17:30:00,10000.0,10375.291048363146
2023-07-14 18:30:00,10000.0,10348.033227675554
2023-07-14 19:30:00,10000.0,10364.43714602691
2023-07-17 13:30:00,10000.0,10398.624977691888
2023-07-17 14:30:00,10000.0,10417.476009238122
2023-07-17 15:30:00,10000.0,10413.04400607031
2023-07-17 16:30:00,10000.0,10423.217088642816
2023-07-17 17:30:00,10000.0,10450.556674449092
2023-07-17 18:30:00,10000.0,10475.982289007821
2023-07-17 19:30:00,10000.0,10460.26252777198
2023-07-18 13:30:00,10000.0,10410.913941294815
2023-07-18 14:30:00,10000.0,10420.482963194598
2023-07-18 15:30:00,10000.0,10504.005197591663
2023-07-18 16:30:00,10000.0,10522.323087190563
2023-07-18 17:30:00,10000.0,10563.742960169287
2023-07-18 18:30:00,10000.0,10570.033033942284
2023-07-18 19:30:00,10000.0,10546.928547548625
2023-07-19 13:30:00,10000.0,10556.908063717718
2023-07-19 14:30:00,10000.0,10586.708112126007
2023-07-19 15:30:00,10000.0,10551.166149975083
2023-07-19 16:30:00,10000.0,10528.200998018363
2023-07-19 17:30:00,10000.0,10515.351359315895
2023-07-19 18:30:00,10000.0,10553.900275423295
2023-07-19 19:30:00,10000.0,10536.129711516805
2023-07-20 13:30:00,10000.0,10408.180650184542
2023-07-20 14:30:00,10000.0,10400.798428040564
2023-07-20 15:30:00,10000.0,10381.113892886524
2023-07-20 16:30:00,10000.0,10377.286784729378
2023-07-20 17:30:00,10000.0,10315.49905381905
2023-07-20 18:30:00,10000.0,10275.720323579615
2023-07-20 19:30:00,10000.0,10298.274981267028
2023-07-21 13:30:00,10000.0,10275.575148777056
2023-07-21 14:30:00,10000.0,10329.980657543403
2023-07-21 15:30:00,10000.0,10291.44008481546
2023-07-21 16:30:00,10000.0,10324.79441287263
2023-07-21 17:30:00,10000.0,10306.52324619869
2023-07-21 18:30:00,10000.0,10276.403646357181
2023-07-21 19:30:00,10000.0,10268.20127001253
2023-07-24 13:30:00,10000.0,10298.002152758765
2023-07-24 14:30:00,10000.0,10280.512760739992
2023-07-24 15:30:00,10000.0,10282.555220031185
2023-07-24 16:30:00,10000.0,10280.778080206741
2023-07-24 17:30:00,10000.0,10296.06899173847
2023-07-24 18:30:00,10000.0,10262.733853454045
2023-07-24 19:30:00,10000.0,10286.245496765227
2023-07-25 13:30:00,10000.0,10331.082817969735
2023-07-25 14:30:00,10000.0,10345.026273719079
2023-07-25 15:30:00,10000.0,10356.23476968226
2023-07-25 16:30:00,10000.0,10381.661218578934
2023-07-25 17:30:00,10000.0,10384.668172535412
2023-07-25 18:30:00,10000.0,10379.74724733139
2023-07-25 19:30:00,10000.0,10357.8750780836
2023-07-26 13:30:00,10000.0,10317.413025066597
2023-07-26 14:30:00,10000.0,10280.504417360535
2023-07-26 15:30:00,10000.0,10285.425342564557
2023-07-26 16:30:00,10000.0,10288.583311689212
2023-07-26 17:30:00,10000.0,10286.792822457635
2023-07-26 18:30:00,10000.0,10296.361010019475
2023-07-26 19:30:00,10000.0,10321.78745891615
2023-07-27 13:30:00,10000.0,10430.325647940585
2023-07-27 14:30:00,10000.0,10465.593112907362
2023-07-27 15:30:00,10000.0,10482.53601357167
2023-07-27 16:30:00,10000.0,10411.376164516752
2023-07-27 17:30:00,10000.0,10328.07502967531
2023-07-27 18:30:00,10000.0,10299.131011999361
2023-07-27 19:30:00,10000.0,10294.447873109877
2023-07-28 13:30:00,10000.0,10448.642703201545
2023-07-28 14:30:00,10000.0,10491.968204048355
2023-07-28 15:30:00,10000.0,10509.19978564189
2023-07-28 16:30:00,10000.0,10468.054409847318
2023-07-28 17:30:00,10000.0,10488.332159280782
2023-07-28 18:30:00,10000.0,10480.08306001117
2023-07-28 19:30:00,10000.0,10484.184665352468
2023-07-31 13:30:00,10000.0,10493.069530136741
2023-07-31 14:30:00,10000.0,10487.328450732046
2023-07-31 15:30:00,10000.0,10491.839716004704
2023-07-31 16:30:00,10000.0,10471.881518004462
2023-07-31 17:30:00,10000.0,10472.318711088034
2023-07-31 18:30:00,10000.0,10472.701672205132
2023-07-31 19:30:00,10000.0,10494.300178606714
2023-08-01 13:30:00,10000.0,10442.081469596176
2023-08-01 14:30:00,10000.0,10469.557886825554
2023-08-01 15:30:00,10000.0,10451.617117978129
2023-08-01 16:30:00,10000.0,10467.2334213087
2023-08-01 17:30:00,10000.0,10474.889306298885
2023-08-01 18:30:00,10000.0,10476.802443208484
2023-08-01 19:30:00,10000.0,10465.593112907358
2023-08-02 13:30:00,10000.0,10288.296299435873
2023-08-02 14:30:00,10000.0,10261.640036407163
2023-08-02 15:30:00,10000.0,10210.788807289704
2023-08-02 16:30:00,10000.0,10253.164831554253
2023-08-02 17:30:00,10000.0,10255.76212557937
2023-08-02 18:30:00,10000.0,10214.615915446851
2023-08-02 19:30:00,10000.0,10235.94075900223
2023-08-03 13:30:00,10000.0,10167.318965978278
2023-08-03 14:30:00,10000.0,10237.30823889531
2023-08-03 15:30:00,10000.0,10244.963289547548
2023-08-03 16:30:00,10000.0,10257.676096826914
2023-08-03 17:30:00,10000.0,10241.135347052455
2023-08-03 18:30:00,10000.0,10224.184937346634
2023-08-03 19:30:00,10000.0,10218.990349296406
2023-08-04 13:30:00,10000.0,10243.322981146206
2023-08-04 14:30:00,10000.0,10293.08039321679
2023-08-04 15:30:00,10000.0,10324.247921518157
2023-08-04 16:30:00,10000.0,10298.272478253179
2023-08-04 17:30:00,10000.0,10214.479084023744
2023-08-04 18:30:00,10000.0,10184.269375684094
2023-08-04 19:30:00,10000.0,10170.599582780955
2023-08-07 13:30:00,10000.0,10216.803549540598
2023-08-07 14:30:00,10000.0,10173.743368160534
2023-08-07 15:30:00,10000.0,10214.878731899758
2023-08-07 16:30:00,10000.0,10216.529886694396
2023-08-07 17:30:00,10000.0,10218.716686450201
2023-08-07 18:30:00,10000.0,10229.379525396864
2023-08-07 19:30:00,10000.0,10257.539265403811
2023-08-08 13:30:00,10000.0,10127.265738554692
2023-08-08 14:30:00,10000.0,10110.178497425768
2023-08-08 15:30:00,10000.0,10115.100256967735
2023-08-08 16:30:00,10000.0,10126.992910046429
2023-08-08 17:30:00,10000.0,10143.396828397783
2023-08-08 18:30:00,10000.0,10158.02277258675
2023-08-08 19:30:00,10000.0,10168.685611533412
2023-08-09 13:30:00,10000.0,10126.58241577712
2023-08-09 14:30:00,10000.0,10052.492371856739
2023-08-09 15:30:00,10000.0,10069.442781562557
2023-08-09 16:30:00,10000.0,10101.432967078432
2023-08-09 17:30:00,10000.0,10132.187498096655
2023-08-09 18:30:00,10000.0,10104.711080867275
2023-08-09 19:30:00,10000.0,10057.686959906961
2023-08-10 13:30:00,10000.0,10207.097696217706
2023-08-10 14:30:00,10000.0,10140.662702949561
2023-08-10 15:30:00,10000.0,10099.516492817045
2023-08-10 16:30:00,10000.0,10076.551340860327
2023-08-10 17:30:00,10000.0,10082.29242026502
2023-08-10 18:30:00,10000.0,10079.831957663011
2023-08-10 19:30:00,10000.0,10076.277678014121
2023-08-11 13:30:00,10000.0,10042.24002717938
2023-08-11 14:30:00,10000.0,9983.596915986576
2023-08-11 15:30:00,10000.0,9999.999999999984
2023-08-11 16:30:00,10000.0,10014.055257034055
2023-08-11 17:30:00,10000.0,10019.00121237645
2023-08-11 18:30:00,10000.0,10022.692323448438
2023-08-11 19:30:00,10000.0,10012.029484501776
2023-08-14 13:30:00,10000.0,10043.74350415761
2023-08-14 14:30:00,10000.0,10093.231425071715
2023-08-14 15:30:00,10000.0,10072.450569856965
2023-08-14 16:30:00,10000.0,10099.105998547728
2023-08-14 17:30:00,10000.0,10088.580825362114
2023-08-14 18:30:00,10000.0,10095.278890390582
2023-08-14 19:30:00,10000.0,10128.496387024654
2023-08-15 13:30:00,10000.0,10039.096241799794
2023-08-15 14:30:00,10000.0,10062.659614063614
2023-08-15 15:30:00,9999.725090157825,10070.26043274938
2023-08-15 16:30:00,10000.156951798805,10065.382893118534
2023-08-15 17:30:00,10001.879004148725,10045.931138251364
2023-08-15 18:30:00,10005.265814187589,10007.655050652222
2023-08-15 19:30:00,10004.371590364519,10017.771398244417
2023-08-16 13:30:00,10004.299074258046,10018.591552445088
2023-08-16 14:30:00,10004.536029292733,10015.911658963343
2023-08-16 15:30:00,10009.713630558195,9957.350312889224
2023-08-16 16:30:00,10009.520514303538,9959.537946982977
2023-08-16 17:30:00,10006.380020652332,9995.111613975841
2023-08-16 18:30:00,10012.325871127237,9927.823927327143
2023-08-16 19:30:00,10013.893367564226,9910.053363420653
2023-08-17 13:30:00,10015.28180021599,9880.526143520625
2023-08-17 14:30:00,10015.681398958948,9867.676504818159
2023-08-17 15:30:00,10015.681398958948,9914.837457201573
2023-08-17 16:30:00,10015.681398958948,9892.009136667959
2023-08-17 17:30:00,10015.681398958948,9861.115271212795
2023-08-17 18:30:00,10015.681398958948,9818.739246948244
2023-08-17 19:30:00,10015.681398958948,9803.701974152023
2023-08-18 13:30:00,10015.681398958948,9716.215800174707
2023-08-18 14:30:00,10016.957148199628,9738.633626439016
2023-08-18 15:30:00,10014.841888470715,9763.51274964328
2023-08-18 16:30:00,10014.841888470715,9763.51274964328
2023-08-18 17:30:00,10013.19050111279,9782.923621951111
2023-08-18 18:30:00,10012.213097511578,9794.406615098442
2023-08-18 19:30:00,10012.469116875864,9791.399661141964
2023-08-21 13:30:00,10007.20001621049,9846.625324108982
2023-08-21 14:30:00,10007.20001621049,9833.775685406516
2023-08-21 15:30:00,10007.20001621049,9876.627282300144
2023-08-21 16:30:00,10007.20001621049,9913.743640154697
2023-08-21 17:30:00,10007.20001621049,9930.284389929153
2023-08-21 18:30:00,10007.20001621049,9952.153221825158
2023-08-21 19:30:00,10007.20001621049,9950.789079283859
2023-08-22 13:30:00,10007.20001621049,9967.73948898968
2023-08-22 14:30:00,10007.20001621049,9973.754231240579
2023-08-22 15:30:00,10007.20001621049,9935.615809402483
2023-08-22 16:30:00,10007.20001621049,9934.385160932505
2023-08-22 17:30:00,10007.20001621049,9946.961136788766
2023-08-22 18:30:00,10007.20001621049,9940.656879270695
2023-08-22 19:30:00,10007.20001621049,9934.385160932505
2023-08-23 13:30:00,10007.20001621049,10045.931138251362
2023-08-23 14:30:00,10007.20001621049,10086.803685537672
2023-08-23 15:30:00,10007.20001621049,10076.551340860318
2023-08-23 16:30:00,10007.20001621049,10106.901217974852
2023-08-23 17:30:00,10007.20001621049,10100.61030986391
2023-08-23 18:30:00,10007.20001621049,10112.639794365708
2023-08-23 19:30:00,10007.20001621049,10092.95525921167
2023-08-24 13:30:00,10007.20001621049,10014.517480255994
2023-08-24 14:30:00,10007.20001621049,9978.374794784128
2023-08-24 15:30:00,10007.20001621049,9962.272072431188
2023-08-24 16:30:00,10007.20001621049,9946.140982588093
2023-08-24 17:30:00,10007.20001621049,9946.138479574254
2023-08-24 18:30:00,10007.20001621049,9914.427797270202
2023-08-24 19:30:00,10007.20001621049,9872.461432937016
2023-08-25 13:30:00,10007.20001621049,9892.82929086862
2023-08-25 14:30:00,10007.20001621049,9875.058726962132
2023-08-25 15:30:00,10007.20001621049,9888.728519865268
2023-08-25 16:30:00,10007.20001621049,9881.073469213028
2023-08-25 17:30:00,10007.20001621049,9949.97142809702
2023-08-25 18:30:00,10007.215243356472,9976.214693842585
2023-08-25 19:30:00,10009.015287686147,9953.523204732071
2023-08-28 13:30:00,10002.946051732386,10030.073711254467
2023-08-28 14:30:00,10006.854808821632,9980.86279053835
2023-08-28 15:30:00,10007.527194999164,9972.387585685437
2023-08-28 16:30:00,10003.469800168567,10023.540010801313
2023-08-28 17:30:00,10006.511666890368,9985.237224387905
2023-08-28 18:30:00,10005.39454719466,9999.316677222407
2023-08-28 19:30:00,10002.996719611328,10029.527219900001
2023-08-29 13:30:00,9998.7511898054,10163.173975063779
2023-08-29 14:30:00,9998.7511898054,10198.211997095474
2023-08-29 15:30:00,9998.7511898054,10225.005091547286
2023-08-29 16:30:00,9998.7511898054,10220.356994851523
2023-08-29 17:30:00,9998.7511898054,10232.38647935332
2023-08-29 18:30:00,9998.7511898054,10253.438494400438
2023-08-29 19:30:00,9998.7511898054,10245.528970674744
2023-08-30 13:30:00,9998.7511898054,10241.955501253105
2023-08-30 14:30:00,9998.7511898054,10280.230754514303
2023-08-30 15:30:00,9998.7511898054,10310.85179146121
2023-08-30 16:30:00,9998.7511898054,10301.553095055844
2023-08-30 17:30:00,9998.7511898054,10275.528425852068
2023-08-30 18:30:00,9998.7511898054,10299.915289668339
2023-08-30 19:30:00,9998.7511898054,10305.383540564777
2023-08-31 13:30:00,9998.7511898054,10372.63868803359
2023-08-31 14:30:00,9998.7511898054,10354.8681241271
2023-08-31 15:30:00,9998.03324023971,10332.996789217259
2023-08-31 16:30:00,10000.155180086073,10356.071239444871
2023-08-31 17:30:00,10001.024548350368,10365.530963073763
2023-08-31 18:30:00,10000.22071884927,10356.78209537465
2023-08-31 19:30:00,9997.909170783114,10331.62930932418
2023-09-01 13:30:00,10001.202844575198,10367.444099983364
2023-09-01 14:30:00,9996.530974485506,10316.592870865903
2023-09-01 15:30:00,9996.002782039812,10310.851791461211
2023-09-01 16:30:00,9995.449324251158,10304.837049210313
2023-09-01 17:30:00,9994.266744205072,10291.987410507849
2023-09-01 18:30:00,9996.834071552776,10319.873487668587
2023-09-01 19:30:00,9997.311942320264,10325.068075718815
2023-09-05 13:30:00,9995.551610160323,10305.930031919244
2023-09-05 14:30:00,9998.118025905118,10333.81694341793
2023-09-05 15:30:00,9998.721387669253,10340.378177023294
2023-09-05 16:30:00,9997.942160880462,10331.902972170386
2023-09-05 17:30:00,10000.959205806523,10364.709974535152
2023-09-05 18:30:00,9999.280752352075,10346.442145212995
2023-09-05 19:30:00,9998.321185735214,10336.003743173738
2023-09-06 13:30:00,9990.254053777851,10239.505885044395
2023-09-06 14:30:00,9990.254053777851,10241.409009898645
2023-09-06 15:30:00,9990.254053777851,10207.507356149059
2023-09-06 16:30:00,9990.254053777851,10213.932592669265
2023-09-06 17:30:00,9990.254053777851,10229.105862550643
2023-09-06 18:30:00,9990.254053777851,10221.998137590814
2023-09-06 19:30:00,9990.254053777851,10246.876426457135
2023-09-07 13:30:00,9990.254053777851,10129.316541225324
2023-09-07 14:30:00,9991.706696021794,10139.432054479574
2023-09-07 15:30:00,9986.356871684298,10161.16739230426
2023-09-07 16:30:00,9984.975250431964,10166.77164028585
2023-09-07 17:30:00,9987.604240087581,10156.11213869097
2023-09-07 18:30:00,9982.484469456424,10176.887153540101
2023-09-07 19:30:00,9983.90147466612,10171.14607413541
2023-09-08 13:30:00,9967.345152090531,10238.253543787827
2023-09-08 14:30:00,9970.692363181372,10224.753955825623
2023-09-08 15:30:00,9973.262452008345,10214.378129132298
2023-09-08 16:30:00,9976.578105664696,10200.981999075364
2023-09-08 17:30:00,9980.440246027396,10185.362358393015
2023-09-08 18:30:00,9985.504393250743,10164.857669038307
2023-09-08 19:30:00,9980.447939167441,10185.362358393015
2023-09-11 13:30:00,9966.268274799953,10242.775655453783
2023-09-11 14:30:00,9963.62352874307,10253.438494400445
2023-09-11 15:30:00,9963.19543431376,10255.163070934308
2023-09-11 16:30:00,9956.9380700953,10280.367585937413
2023-09-11 17:30:00,9950.111662574187,10307.570340320586
2023-09-11 18:30:00,9950.111662574187,10316.592870865907
2023-09-11 19:30:00,9950.111662574187,10306.20369476545
2023-09-12 13:30:00,9950.111662574187,10248.243906350217
2023-09-12 14:30:00,9951.987681372371,10223.908771486578
2023-09-12 15:30:00,9957.685506271944,10235.940759002213
2023-09-12 16:30:00,9969.456010206406,10260.819882206477
2023-09-12 17:30:00,9949.704757011552,10218.990349296393
2023-09-12 18:30:00,9935.781280009243,10189.599960819467
2023-09-12 19:30:00,9937.274493283874,10192.744580536993
2023-09-13 13:30:00,9946.336103649315,10211.83256405982
2023-09-13 14:30:00,9967.742570217519,10256.992774049331
2023-09-13 15:30:00,9967.871435466242,10257.265602557593
2023-09-13 16:30:00,9969.937570145481,10261.640036407149
2023-09-13 17:30:00,9968.001356180974,10257.539265403799
2023-09-13 18:30:00,9952.18313427205,10224.04810592352
2023-09-13 19:30:00,9955.873037468575,10231.839987998861
2023-09-14 13:30:00,9966.612160960869,10254.531477109374
2023-09-14 14:30:00,9990.894037588041,10305.930031919244
2023-09-14 15:30:00,9993.595794465951,10311.671945661883
2023-09-14 16:30:00,10000.667770346348,10326.708384120157
2023-09-14 17:30:00,9991.291921242606,10306.750186119913
2023-09-14 18:30:00,9996.823463498074,10318.506842113451
2023-09-14 19:30:00,9995.024048578129,10314.678899618357
2023-09-15 13:30:00,9942.574031029622,10203.133756637448
2023-09-15 14:30:00,9922.213109257998,10160.210406680486
2023-09-15 15:30:00,9923.904869734437,10163.764686329372
2023-09-15 16:30:00,9963.176741852625,10129.042878379118
2023-09-15 17:30:00,9963.212512587648,10117.83354807799
2023-09-15 18:30:00,9938.14801253229,10138.885563125108
2023-09-15 19:30:00,9943.470740670537,10133.964637921084
2023-09-18 13:30:00,9949.382571740813,10128.496387024652
2023-09-18 14:30:00,9937.56626883294,10139.432054479576
2023-09-18 15:30:00,9918.343633373812,10157.202618386065
2023-09-18 16:30:00,9923.231358411216,10152.69218745135
2023-09-18 17:30:00,9931.863679155664,10144.722591393565
2023-09-18 18:30:00,9949.425121110246,10128.496387024654
2023-09-18 19:30:00,9944.107897291164,10133.417312228676
2023-09-19 13:30:00,10024.558239566888,10062.33422226477
2023-09-19 14:30:00,10033.916109059182,10050.031909254712
2023-09-19 15:30:00,10032.91820827047,10051.672217656054
2023-09-19 16:30:00,10011.549981947099,10076.523807708109
2023-09-19 17:30:00,9985.362654094406,10102.523446773512
2023-09-19 18:30:00,9985.63757214948,10102.250618265252
2023-09-19 19:30:00,9975.720390199845,10112.092468673298
2023-09-20 13:30:00,9976.546959039144,10111.272314472626
2023-09-20 14:30:00,10000.517964965662,10087.487008315236
2023-09-20 15:30:00,9974.546014055739,10113.268050838855
2023-09-20 16:30:00,9979.863745864914,10107.991697669942
2023-09-20 17:30:00,10002.731155712741,10085.300208559429
2023-09-20 18:30:00,10055.610348816172,10032.807836702681
2023-09-20 19:30:00,10106.738633590008,9966.372843434538
2023-09-21 13:30:00,10142.048220170145,9850.726095112328
2023-09-21 14:30:00,10142.048220170145,9835.41599380785
2023-09-21 15:30:00,10142.048220170145,9834.869502453384
2023-09-21 16:30:00,10142.048220170145,9862.481916767922
2023-09-21 17:30:00,10142.048220170145,9828.854760202486
2023-09-21 18:30:00,10142.048220170145,9803.701974152016
2023-09-21 19:30:00,10142.048220170145,9781.283313549764
2023-09-22 13:30:00,10142.048220170145,9842.25089025942
2023-09-22 14:30:00,10143.859848724102,9880.526143520618
2023-09-22 15:30:00,10146.958425717763,9876.425372517266
2023-09-22 16:30:00,10176.290535514663,9837.602793563658
2023-09-22 17:30:00,10202.601240820186,9800.147694503132
2023-09-22 18:30:00,10174.618336716032,9841.160410564331
2023-09-22 19:30:00,10212.346099293798,9785.93141024553
2023-09-25 13:30:00,10229.148012497515,9761.295913721422
2023-09-25 14:30:00,10198.755790228897,9805.889608245772
2023-09-25 15:30:00,10184.436798372522,9826.872373243392
2023-09-25 16:30:00,10203.058481242013,9799.601203148668
2023-09-25 17:30:00,10202.126028451738,9800.967848703804
2023-09-25 18:30:00,10201.357492934598,9802.09420493056
2023-09-25 19:30:00,10180.299500780857,9832.955531205842
2023-09-26 13:30:00,10255.733511862065,9722.503370933862
2023-09-26 14:30:00,10272.670962465403,9697.624247729596
2023-09-26 15:30:00,10255.373146642936,9723.050696626273
2023-09-26 16:30:00,10267.84398680826,9704.73280702737
2023-09-26 17:30:00,10281.424464155307,9684.774609027128
2023-09-26 18:30:00,10296.949113353818,9661.946288493513
2023-09-26 19:30:00,10281.898870911524,9684.091286249562
2023-09-27 13:30:00,10255.962897289055,9722.229708087658
2023-09-27 14:30:00,10267.20090828399,9705.72233183103
2023-09-27 15:30:00,10301.205144903615,9656.068377665719
2023-09-27 16:30:00,10318.359720872437,9626.54115776569
2023-09-27 17:30:00,10304.492105683583,9663.449765471752
2023-09-27 18:30:00,10276.95695678216,9722.777033780068
2023-09-27 19:30:00,10279.653116272186,9709.10724087693
2023-09-28 13:30:00,10280.946562563995,9702.546007271567
2023-09-28 14:30:00,10337.064103993593,9768.707337693506
2023-09-28 15:30:00,10349.1816869643,9843.754367237665
2023-09-28 16:30:00,10331.26018516405,9799.054711794206
2023-09-28 17:30:00,10337.9323047973,9800.421357349342
2023-09-28 18:30:00,10361.621688388777,9822.292692259185
2023-09-28 19:30:00,10325.534416345408,9788.93836420201
2023-09-29 13:30:00,10417.100948185078,9870.68429311258
2023-09-29 14:30:00,10399.141015238298,9853.323389137451
2023-09-29 15:30:00,10394.164062603299,9849.085786710995
2023-09-29 16:30:00,10335.25525810481,9796.046923499782
2023-09-29 17:30:00,10308.99408479152,9767.613520646633
2023-09-29 18:30:00,10341.89872754849,9803.155482797558
2023-09-29 19:30:00,10336.094115023174,9796.867077700455
2023-10-02 13:30:00,10376.998021661651,9841.157073212553
2023-10-02 14:30:00,10440.898508077024,9910.599854775117
2023-10-02 15:30:00,10365.600559918325,9828.310771861867
2023-10-02 16:30:00,10365.849583050103,9828.581097356291
2023-10-02 17:30:00,10346.457721751265,9807.529916647118
2023-10-02 18:30:00,10368.882861898532,9831.831677992925
2023-10-02 19:30:00,10411.461349162068,9878.065680918615
2023-10-03 13:30:00,10285.542801629255,9740.821260532768
2023-10-03 14:30:00,10258.00835363568,9715.121983127834
2023-10-03 15:30:00,10261.421686411655,9735.353009636336
2023-10-03 16:30:00,10254.68517458198,9707.466932475594
2023-10-03 17:30:00,10251.434779338342,9681.491489210617
2023-10-03 18:30:00,10251.434779338342,9667.140876543748
2023-10-03 19:30:00,10251.434779338342,9702.546007271572
2023-10-04 13:30:00,10259.031113165229,9717.035954375382
2023-10-04 14:30:00,10234.268483582724,9782.923621951115
2023-10-04 15:30:00,10212.271099337593,9810.263207757393
2023-10-04 16:30:00,10236.922625460158,9779.643005148435
2023-10-04 17:30:00,10232.743357786323,9784.837593198661
2023-10-04 18:30:00,10191.707128766146,9834.049348252725
2023-10-04 19:30:00,10190.49240490776,9835.962485162327
2023-10-05 13:30:00,10236.150155836818,9764.060075335696
2023-10-05 14:30:00,10254.14405100266,9735.626672482544
2023-10-05 15:30:00,10227.533241419304,9777.732371252672
2023-10-05 16:30:00,10230.045533820085,9773.765094320639
2023-10-05 17:30:00,10209.361955355369,9806.433596586408
2023-10-05 18:30:00,10202.339138123982,9817.50859847827
2023-10-05 19:30:00,10209.884403031321,9805.615945399577
2023-10-06 13:30:00,10218.205757266333,9792.492643850905
2023-10-06 14:30:00,10183.728649067445,9846.898986955199
2023-10-06 15:30:00,10146.060664366103,9923.449493477594
2023-10-06 16:30:00,10141.060182517434,9954.343358932756
2023-10-06 17:30:00,10141.060182517434,9979.768973491487
2023-10-06 18:30:00,10141.060182517434,9996.719383197307
2023-10-06 19:30:00,10138.043884772724,9970.47361443791
2023-10-09 13:30:00,10125.886931438194,9919.621550982503
2023-10-09 14:30:00,10129.884078299474,9917.708414072902
2023-10-09 15:30:00,10144.458790708668,9940.399903183416
2023-10-09 16:30:00,10160.588760803223,9965.552689233886
2023-10-09 17:30:00,10199.091980113037,10025.699277404927
2023-10-09 18:30:00,10197.523438504577,10023.238814802915
2023-10-09 19:30:00,10199.905494086457,10021.598506401575
2023-10-10 13:30:00,10253.51856894983,10088.853653870388
2023-10-10 14:30:00,10282.822114326449,10129.590204071543
2023-10-10 15:30:00,10288.309674127058,10141.8925170816
2023-10-10 16:30:00,10264.775559547032,10089.099783564387
2023-10-10 17:30:00,10259.73258058588,10079.285466308549
2023-10-10 18:30:00,10263.947107360069,10087.487008315253
2023-10-10 19:30:00,10257.765827602125,10075.457523813457
2023-10-11 13:30:00,10274.625190343946,10108.265360516167
2023-10-11 14:30:00,10273.361057235114,10105.804897914155
2023-10-11 15:30:00,10267.461251684761,10094.321904766823
2023-10-11 16:30:00,10263.550205964002,10086.710239687764
2023-10-11 17:30:00,10272.518636909494,10104.163755174868
2023-10-11 18:30:00,10282.638387157505,10123.859971060145
2023-10-11 19:30:00,10295.273368979086,10148.454585024912
2023-10-12 13:30:00,10310.051829557387,10179.621278988336
2023-10-12 14:30:00,10310.37213072466,10180.441433189008
2023-10-12 15:30:00,10321.422823373496,10208.738004619056
2023-10-12 16:30:00,10282.2079094712,10108.265360516169
2023-10-12 17:30:00,10258.4587388037,10080.105620509223
2023-10-12 18:30:00,10280.678611442407,10104.163755174872
2023-10-12 19:30:00,10287.996868779328,10112.092468673318
2023-10-13 13:30:00,10270.160805408874,10088.853653870394
2023-10-13 14:30:00,10212.703570728092,10011.482993147329
2023-10-13 15:30:00,10224.529889559577,10027.339585806272
2023-10-13 16:30:00,10228.732800581129,9958.170467089913
2023-10-13 17:30:00,10217.673299448043,9980.867796566044
2023-10-13 18:30:00,10218.50297381467,9978.40232793636
2023-10-13 19:30:00,10216.020695921328,9985.783715742393
2023-10-16 13:30:00,10183.817846630072,10103.890926666614
2023-10-16 14:30:00,10184.957539575891,10106.351389268624
2023-10-16 15:30:00,10190.743475419406,10092.95776222553
2023-10-16 16:30:00,10192.739264997075,10081.60909748746
2023-10-16 17:30:00,10186.617669792597,10107.043055425649
2023-10-16 18:30:00,10181.93356949721,10126.309587268865
2023-10-16 19:30:00,10188.02822662653,10101.4304640646
2023-10-17 13:30:00,10205.338258407262,10030.073711254488
2023-10-17 14:30:00,10197.73176657663,10062.334222264788
2023-10-17 15:30:00,10185.520147977439,10113.459948566398
2023-10-17 16:30:00,10193.583684662923,10080.378449017484
2023-10-17 17:30:00,10199.897924363744,10054.132680258082
2023-10-17 18:30:00,10200.418553160855,10051.945880502277
2023-10-17 19:30:00,10196.581654646234,10068.076136007427
2023-10-18 13:30:00,10209.279560922376,10015.037272796217
2023-10-18 14:30:00,10213.508508555915,9996.993046043519
2023-10-18 15:30:00,10216.18010476671,9985.510052896188
2023-10-18 16:30:00,10211.115144352267,10007.382222143977
2023-10-18 17:30:00,10218.438682356855,9976.036979860164
2023-10-18 18:30:00,10230.160701476954,9929.737898574707
2023-10-18 19:30:00,10231.919033418282,9926.18361892582
2023-10-19 13:30:00,10235.704776975472,9918.528568273578
2023-10-19 14:30:00,10242.886229775237,9925.316741800185
2023-10-19 15:30:00,10227.07072272242,9939.306086136547
2023-10-19 16:30:00,10189.651953469933,9982.776761785917
2023-10-19 17:30:00,10254.064434152695,9908.139392173121
2023-10-19 18:30:00,10306.11570641302,9847.991969664135
2023-10-19 19:30:00,10314.723478319638,9840.610581858102
2023-10-20 13:30:00,10355.219965452485,9763.375918220194
2023-10-20 14:30:00,10365.87110307361,9704.732807027392
2023-10-20 15:30:00,10365.87110307361,9724.963833535894
2023-10-20 16:30:00,10363.21656629805,9771.698439229032
2023-10-20 17:30:00,10394.304748431601,9726.604141937234
2023-10-20 18:30:00,10399.945888666472,9718.402599930529
2023-10-20 19:30:00,10415.923201672402,9695.163785127605
2023-10-23 13:30:00,10412.731281050843,9699.811881823369
2023-10-23 14:30:00,10379.304769432987,9748.476311185022
2023-10-23 15:30:00,10360.384840224264,9775.952728414402
2023-10-23 16:30:00,10356.331658327252,9781.830639242198
2023-10-23 17:30:00,10361.233207306746,9774.724582958263
2023-10-23 18:30:00,10381.593911379774,9745.195694382342
2023-10-23 19:30:00,10396.08768084465,9724.143679335224
2023-10-24 13:30:00,10329.912729013582,9820.365371604523
2023-10-24 14:30:00,10351.066972293835,9789.758518402698
2023-10-24 15:30:00,10377.66771523243,9751.21043663324
2023-10-24 16:30:00,10363.734591961991,9771.441463141742
2023-10-24 17:30:00,10348.56177902616,9793.449629474688
2023-10-24 18:30:00,10328.276503349474,9822.840017951612
2023-10-24 19:30:00,10330.355649625442,9819.83222965719
2023-10-25 13:30:00,10435.793125497217,9667.277707966863
2023-10-25 14:30:00,10423.98093748749,9684.501780518889
2023-10-25 15:30:00,10450.628489842886,9645.679201565277
2023-10-25 16:30:00,10483.656913695655,9597.466149032276
2023-10-25 17:30:00,10492.933885733803,9583.891470654953
2023-10-25 18:30:00,10491.999977242891,9585.258950548034
2023-10-25 19:30:00,10497.602099685073,9577.056574203385
2023-10-26 13:30:00,10541.939549992572,9476.7207615236
2023-10-26 14:30:00,10549.568315749584,9437.078028369322
2023-10-26 15:30:00,10552.646682097748,9394.15467841236
2023-10-26 16:30:00,10552.646682097748,9373.103497703189
2023-10-26 17:30:00,10552.646682097748,9437.354194229365
2023-10-26 18:30:00,10552.646682097748,9441.726125065084
2023-10-26 19:30:00,10552.646682097748,9395.52215830544
2023-10-27 13:30:00,10552.646682097748,9484.37581217584
2023-10-27 14:30:00,10548.225625007384,9525.122374432345
2023-10-27 15:30:00,10573.416748875345,9489.296737379864
2023-10-27 16:30:00,10609.108567911457,9438.445508262403
2023-10-27 17:30:00,10622.698712350804,9419.033801616626
2023-10-27 18:30:00,10609.886754351946,9437.351691215526
2023-10-27 19:30:00,10605.865884812487,9443.095273634057
2023-10-30 13:30:00,10569.875076552444,9494.49132543009
2023-10-30 14:30:00,10570.068966531871,9494.215159570047
2023-10-30 15:30:00,10566.899993225212,9498.728927856544
2023-10-30 16:30:00,10543.477639582185,9532.08325591372
2023-10-30 17:30:00,10539.727424899493,9537.41467538705
2023-10-30 18:30:00,10520.299096353327,9565.027089701587
2023-10-30 19:30:00,10533.59037410145,9546.163543086166
2023-10-31 13:30:00,10543.020810412158,9532.766578691288
2023-10-31 14:30:00,10550.905943199616,9521.55724839016
2023-10-31 15:30:00,10543.02529653744,9532.766578691288
2023-10-31 16:30:00,10526.293665636495,9556.551884848677
2023-10-31 17:30:00,10521.862993412858,9562.842792959618
2023-10-31 18:30:00,10501.447720541704,9591.8201841534
2023-10-31 19:30:00,10499.906540843225,9594.004480895368
2023-11-01 13:30:00,10454.77437929567,9689.149042876707
2023-11-01 14:30:00,10452.982463986127,9662.3451020316
2023-11-01 15:30:00,10459.877007047471,9665.910228073782
2023-11-01 16:30:00,10460.674371210964,9666.730382274452
2023-11-01 17:30:00,10470.509405162351,9676.846729866651
2023-11-01 18:30:00,10530.077812281836,9754.49105343592
2023-11-01 19:30:00,10536.140674796015,9762.41893259642
2023-11-02 13:30:00,10623.090145421675,9889.54867406596
2023-11-02 14:30:00,10624.932832870621,9897.203724718198
2023-11-02 15:30:00,10624.86698111063,9896.930061871994
2023-11-02 16:30:00,10630.064316000144,9918.528568273576
2023-11-02 17:30:00,10633.0824024202,9931.924698330507
2023-11-02 18:30:00,10633.138722730955,9932.198361176714
2023-11-02 19:30:00,10633.98265544085,9936.299132180067
2023-11-03 13:30:00,10644.134592553928,9988.517841190609
2023-11-03 14:30:00,10644.134592553928,10007.382222143975
2023-11-03 15:30:00,10644.134592553928,10058.916774039004
2023-11-03 16:30:00,10644.134592553928,10049.411161823095
2023-11-03 17:30:00,10644.134592553928,10074.060842092278
2023-11-03 18:30:00,10644.134592553928,10067.802473161222
2023-11-03 19:30:00,10644.134592553928,10053.312526057414
2023-11-06 14:30:00,10644.134592553928,10079.831957663022
2023-11-06 15:30:00,10644.134592553928,10085.573037067712
2023-11-06 16:30:00,10644.134592553928,10074.090878258326
2023-11-06 17:30:00,10642.017161444199,10041.829532910082
2023-11-06 18:30:00,10659.03955721841,10054.67917161255
2023-11-06 19:30:00,10686.712531423987,10075.594355236566
2023-11-06 20:30:00,10711.441643373071,10094.321904766828
2023-11-07 14:30:00,10801.708630144582,10164.857669038325
2023-11-07 15:30:00,10819.432522637328,10195.751534493489
2023-11-07 16:30:00,10810.474832073978,10170.052257088551
2023-11-07 17:30:00,10841.477066392212,10199.85230549684
2023-11-07 18:30:00,10848.866610838151,10207.507356149079
2023-11-07 19:30:00,10845.508544427592,10203.54341656883
2023-11-07 20:30:00,10833.116002116547,10188.916638041921
2023-11-08 14:30:00,10820.834216857631,10174.42669093811
2023-11-08 15:30:00,10817.50766062233,10171.692565489893
2023-11-08 16:30:00,10801.831898563256,10150.915047626924
2023-11-08 17:30:00,10822.472189119733,10178.246290053743
2023-11-08 18:30:00,10834.644389938097,10194.38488893835
2023-11-08 19:30:00,10829.2869264022,10187.276329640576
2023-11-08 20:30:00,10836.501133990329,10196.845351540362
2023-11-09 14:30:00,10829.49824344221,10187.55249550062
2023-11-09 15:30:00,10852.143865761054,10217.590330223447
2023-11-09 16:30:00,10853.540545606784,10208.054681841491
2023-11-09 17:30:00,10865.395063489472,10199.032151296173
2023-11-09 18:30:00,10829.170486641162,10156.109635677158
2023-11-09 19:30:00,10795.862352535674,10116.740565369084
2023-11-09 20:30:00,10796.789190999703,10117.833548078015
2023-11-10 14:30:00,10840.83597144859,10169.779428580297
2023-11-10 15:30:00,10894.20201840112,10237.308238895317
2023-11-10 16:30:00,10913.732396638658,10264.647824701593
2023-11-10 17:30:00,10941.19388109282,10303.19590647105
2023-11-10 18:30:00,10957.834273892582,10325.888229919508
2023-11-10 19:30:00,10969.728535118818,10340.102011163272
2023-11-10 20:30:00,10973.017788131503,10345.026273719079
2023-11-13 14:30:00,10956.45764627868,10296.634672865683
2023-11-13 15:30:00,10980.825493101558,10327.528538320847
2023-11-13 16:30:00,10972.651435857599,10318.779670621734
2023-11-13 17:30:00,10965.497476771254,10311.124619969492
2023-11-13 18:30:00,10991.30905683065,10338.737868621973
2023-11-13 19:30:00,10983.521093564184,10330.399495192163
2023-11-13 20:30:00,10968.324044029923,10314.132408263911
2023-11-14 14:30:00,11069.423115263035,10536.67620287127
2023-11-14 15:30:00,11069.423115263035,10528.138422672428
2023-11-14 16:30:00,11061.45329700703,10507.422645817445
2023-11-14 17:30:00,11073.849652697,10534.078908846157
2023-11-14 18:30:00,11066.414703134824,10518.085484764108
2023-11-14 19:30:00,11083.195005538202,10554.1739382695
2023-11-14 20:30:00,11074.04665204748,10534.489403115465
2023-11-15 14:30:00,11092.46501858875,10574.109609145207
2023-11-15 15:30:00,11098.699628714383,10587.528266326675
2023-11-15 16:30:00,11082.951025900533,10553.626612577089
2023-11-15 17:30:00,11076.201669009957,10539.104126293398
2023-11-15 18:30:00,11086.89201237097,10562.101817429999
2023-11-15 19:30:00,11080.00618133735,10547.28397551351
2023-11-15 20:30:00,11077.744179049208,10542.417282275963
2023-11-16 14:30:00,11075.584023239557,10537.770019918147
2023-11-16 15:30:00,11056.1394490912,10495.94048700806
2023-11-16 16:30:00,11075.595161715715,10537.770019918147
2023-11-16 17:30:00,11073.180440654638,10532.575431867917
2023-11-16 18:30:00,11069.367656965784,10524.373889861214
2023-11-16 19:30:00,11075.596030806251,10537.770019918147
2023-11-16 20:30:00,11082.326688143572,10552.249120628658
2023-11-17 14:30:00,11074.89860061746,10536.266542939908
2023-11-17 15:30:00,11071.276443945706,10528.474660864564
2023-11-17 16:30:00,11074.326842396591,10535.03589446993
2023-11-17 17:30:00,11085.764036223638,10559.63885181415
2023-11-17 18:30:00,11089.259415739694,10567.160408395071
2023-11-17 19:30:00,11086.845660162739,10561.965820344843
2023-11-17 20:30:00,11083.478725579358,10554.720429623965
2023-11-20 14:30:00,11103.554366639226,10597.917442427131
2023-11-20 15:30:00,11118.919464815637,10630.998107638101
2023-11-20 16:30:00,11121.331135842565,10636.192695688329
2023-11-20 17:30:00,11136.909711020191,10671.187332146845
2023-11-20 18:30:00,11136.558172463174,10670.367177946175
2023-11-20 19:30:00,11146.753298839054,10694.152484103563
2023-11-20 20:30:00,11141.833433336775,10682.669490956232
2023-11-21 14:30:00,11097.312738710558,10578.779398627563
2023-11-21 15:30:00,11103.416417205915,10592.995682885165
2023-11-21 16:30:00,11110.222952372942,10608.853109882055
2023-11-21 17:30:00,11105.060982518136,10596.823625380259
2023-11-21 18:30:00,11110.88943049141,10610.403309785255
2023-11-21 19:30:00,11115.620566742928,10621.429085738317
2023-11-21 20:30:00,11114.6824031445,10619.242285982511
2023-11-22 14:30:00,11137.713244919136,10672.923589411948
2023-11-22 15:30:00,11138.45850163252,10674.662349690889
2023-11-22 16:30:00,11144.702870790377,10689.231558899544
2023-11-22 17:30:00,11148.58393317547,10698.289131638585
2023-11-22 18:30:00,11144.586260041151,10688.957896053336
2023-11-22 19:30:00,11136.385794663443,10669.819852253766
2023-11-22 20:30:00,11133.690703491777,10663.532281494608
2023-11-24 14:30:00,11119.567769707217,10630.587613368796
2023-11-24 15:30:00,11123.496602277522,10639.746975337219
2023-11-24 16:30:00,11125.022002209937,10643.303757999945
2023-11-27 14:30:00,11125.66568462855,10644.804731964343
2023-11-27 15:30:00,11129.534472456602,10653.826428171718
2023-11-27 16:30:00,11138.50210238558,10674.741611795733
2023-11-27 17:30:00,11140.341583365913,10679.033446188661
2023-11-27 18:30:00,11132.643821366879,10661.071818892593
2023-11-27 19:30:00,11132.292216505057,10660.251664691923
2023-11-27 20:30:00,11123.032674632635,10638.653158290339
2023-11-28 14:30:00,11117.456025613372,10626.760505211645
2023-11-28 15:30:00,11131.822262275686,10663.258618648399
2023-11-28 16:30:00,11132.037172455788,10663.805110002866
2023-11-28 17:30:00,11121.780684026255,10637.723705818778
2023-11-28 18:30:00,11120.640106605768,10634.825215795247
2023-11-28 19:30:00,11122.79206126796,10640.29346669168
2023-11-28 20:30:00,11133.76473013886,10668.17954385242
2023-11-29 14:30:00,11150.319963936514,10710.28273960871
2023-11-29 15:30:00,11125.368168923686,10668.453206698625
2023-11-29 16:30:00,11145.461810257138,10697.433100906243
2023-11-29 17:30:00,11144.703806451947,10696.339283859366
2023-11-29 18:30:00,11135.893783781037,10683.626476580002
2023-11-29 19:30:00,11114.763675057124,10653.143105394145
2023-11-29 20:30:00,11116.659968555527,10655.877230842361
2023-11-30 14:30:00,11095.22790075171,10609.67326408272
2023-11-30 15:30:00,11081.144225670134,10573.858473423532
2023-11-30 16:30:00,11076.732312544,10562.649143122404
2023-11-30 17:30:00,11086.19259487501,10556.634400871508
2023-11-30 18:30:00,11081.308471969853,10569.347208150872
2023-11-30 19:30:00,11080.07074214305,10566.203422771292
2023-11-30 20:30:00,11100.717643203281,10629.630627745015
2023-12-01 14:30:00,11094.660632502244,10565.65609707888
2023-12-01 15:30:00,11103.965486026786,10618.968623136296
2023-12-01 16:30:00,11118.68758651158,10658.337693444371
2023-12-01 17:30:00,11119.717099853402,10650.682642792133
2023-12-01 18:30:00,11121.11676824784,10656.380336623646
2023-12-01 19:30:00,11124.679706026864,10665.445418404199
2023-12-01 20:30:00,11123.175843093808,10661.61831024705
2023-12-04 14:30:00,11052.801924608926,10482.544356951117
2023-12-04 15:30:00,11057.44289885501,10494.300178606709
2023-12-04 16:30:00,11071.009068542342,10538.863836965009
2023-12-04 17:30:00,11067.350180639141,10526.971183886313
2023-12-04 18:30:00,11069.07559370789,10532.575431867903
2023-12-04 19:30:00,11070.421930520139,10536.949865717459
2023-12-04 20:30:00,11077.656331017197,10560.461509028644
2023-12-05 14:30:00,11082.368312622513,10575.796640471495
2023-12-05 15:30:00,11079.381297423215,10566.06659134818
2023-12-05 16:30:00,11081.19524542386,10571.972035328185
2023-12-05 17:30:00,11079.00404995117,10564.8359428782
2023-12-05 18:30:00,11082.573517850951,10576.455767448633
2023-12-05 19:30:00,11083.119058587688,10578.232907273077
2023-12-05 20:30:00,11086.30770367402,10588.621249035588
2023-12-06 14:30:00,11076.494127921644,10580.419707028883
2023-12-06 15:30:00,11078.456401543615,10588.621249035588
2023-12-06 16:30:00,11076.494812709743,10580.419707028883
2023-12-06 17:30:00,11073.616678138973,10568.390222527087
2023-12-06 18:30:00,11071.064414563278,10557.72821791837
2023-12-06 19:30:00,11065.46622309501,10534.352571692345
2023-12-06 20:30:00,11063.50008843277,10526.15102968564
2023-12-07 14:30:00,11092.774158431535,10648.222180190109
2023-12-07 15:30:00,11098.506091336503,10633.184907393892
2023-12-07 16:30:00,11090.498158939956,10685.485381523114
2023-12-07 17:30:00,11092.867409386477,10670.367177946158
2023-12-07 18:30:00,11112.498698891271,10691.964850009796
2023-12-07 19:30:00,11100.017146854572,10680.209028354204
2023-12-07 20:30:00,11099.325083962667,10678.022228598398
2023-12-08 14:30:00,11085.678771893678,10721.218407063618
2023-12-08 15:30:00,11090.423042195036,10691.41835865533
2023-12-08 16:30:00,11090.336643524814,10691.968187361577
2023-12-08 17:30:00,11087.88778261689,10707.548614160478
2023-12-08 18:30:00,11085.767647650142,10720.945578555356
2023-12-08 19:30:00,11084.679633755797,10727.780475006924
2023-12-08 20:30:00,11085.727336621365,10721.218407063616
2023-12-11 14:30:00,11073.80608775556,10754.709566543894
2023-12-11 15:30:00,11074.808517948908,10758.94716897035
2023-12-11 16:30:00,11121.331031700895,10782.729972113902
2023-12-11 17:30:00,11136.87709663483,10805.697627084459
2023-12-11 18:30:00,11145.288316208784,10813.626340582903
2023-12-11 19:30:00,11133.107412543353,10802.140844421732
2023-12-11 20:30:00,11145.293463759712,10813.626340582903
2023-12-12 14:30:00,11162.110126630621,10829.482933241845
2023-12-12 15:30:00,11182.974384058201,10849.16746839588
2023-12-12 16:30:00,11178.923473282495,10845.342863252572
2023-12-12 17:30:00,11188.043711809747,10853.952396514745
2023-12-12 18:30:00,11205.951197727165,10872.679946045011
2023-12-12 19:30:00,11221.739499187383,10893.047803976615
2023-12-12 20:30:00,11223.915903849811,10902.20633160709
2023-12-13 14:30:00,11232.495140588107,10938.322318264694
2023-12-13 15:30:00,11229.311150675132,10924.898655055551
2023-12-13 16:30:00,11228.82549680856,10922.164529607335
2023-12-13 17:30:00,11216.375129519454,10907.119747769602
2023-12-13 18:30:00,11278.859001116827,10983.40493482525
2023-12-13 19:30:00,11307.10691535778,10999.262361822142
2023-12-13 20:30:00,11311.75944872075,11038.357769284008
2023-12-14 14:30:00,11313.691943682492,11053.667870588488
2023-12-14 15:30:00,11311.934335262438,11036.170969528202
2023-12-14 16:30:00,11314.874216371627,11065.423692244081
2023-12-14 17:30:00,11306.541698877854,10982.44794920148
2023-12-14 18:30:00,11322.461316146053,11008.7980102041
2023-12-14 19:30:00,11324.415427612543,11013.341814656644
2023-12-14 20:30:00,11330.704130741635,11027.968593183552
2023-12-15 14:30:00,11361.474153377787,11099.598174501925
2023-12-15 15:30:00,11364.982816122038,11107.800550846576
2023-12-15 16:30:00,11361.475842037118,11099.598174501925
2023-12-15 17:30:00,11353.856785644373,11081.786728036093
2023-12-15 18:30:00,11341.055014507965,11051.890730764044
2023-12-15 19:30:00,11352.958869716846,11079.640810839628
2023-12-15 20:30:00,11349.212034929844,11070.891943140516
2023-12-18 14:30:00,11364.67543159948,11106.980396645904
2023-12-18 15:30:00,11363.959801924879,11105.306714726736
2023-12-18 16:30:00,11371.935610837034,11123.958339503934
2023-12-18 17:30:00,11377.704495021144,11137.46376783176
2023-12-18 18:30:00,11380.194403073201,11142.630822729778
2023-12-18 19:30:00,11382.50869561033,11151.407223581102
2023-12-18 20:30:00,11369.197466465414,11130.218377110883
2023-12-19 14:30:00,11411.303619147473,11166.854156308687
2023-12-19 15:30:00,11415.394228408713,11170.954927312037
2023-12-19 16:30:00,11406.398278419756,11161.932396766717
2023-12-19 17:30:00,11410.627767837994,11166.169999193171
2023-12-19 18:30:00,11420.583340700436,11176.149515362264
2023-12-19 19:30:00,11415.407124377592,11170.954927312036
2023-12-19 20:30:00,11430.166014991059,11186.265028616514
2023-12-20 14:30:00,11444.182001404433,11208.136363526357
2023-12-20 15:30:00,11443.430497458443,11200.699909415904
2023-12-20 16:30:00,11452.60075858689,11202.121621275459
2023-12-20 17:30:00,11442.592614181392,11211.58134490435
2023-12-20 18:30:00,11439.381115315122,11179.793903509291
2023-12-20 19:30:00,11407.964222246994,11036.991123728872
2023-12-20 20:30:00,11400.075378128982,11017.032925728628
2023-12-21 14:30:00,11416.934804129709,11099.188514570562
2023-12-21 15:30:00,11419.5958707683,11112.174984696136
2023-12-21 16:30:00,11411.866645536451,11074.446222789402
2023-12-21 17:30:00,11415.341510585145,11091.396632495223
2023-12-21 18:30:00,11417.414578101252,11101.512145749473
2023-12-21 19:30:00,11425.425313657728,11140.607553211341
2023-12-21 20:30:00,11427.104820826264,11148.809929555991
2023-12-22 14:30:00,11437.235725870727,11198.294513118317
2023-12-22 15:30:00,11433.600805508553,11180.523949211827
2023-12-22 16:30:00,11432.2581254294,11173.961881268517
2023-12-22 17:30:00,11435.607622275911,11190.329923088204
2023-12-22 18:30:00,11422.331503129513,11125.434283329965
2023-12-22 19:30:00,11432.242637091445,11173.82504984541
2023-12-22 20:30:00,11430.760132034608,11166.580493462481
2023-12-26 14:30:00,11439.544981858335,11209.503843419441
2023-12-26 15:30:00,11438.734159568909,11205.539069501247
2023-12-26 16:30:00,11439.57848473197,11209.667373656808
2023-12-26 17:30:00,11441.278271783474,11217.979048272355
2023-12-26 18:30:00,11441.64165347893,11219.756188096797
2023-12-26 19:30:00,11446.288895547399,11244.771308386218
2023-12-26 20:30:00,11445.673840546164,11232.878655307522
2023-12-27 14:30:00,11445.412225239405,11227.820898680398
2023-12-27 15:30:00,11445.31338984889,11225.910264784634
2023-12-27 16:30:00,11445.751686526992,11234.382966623705
2023-12-27 17:30:00,11446.373862536106,11246.41161678756
2023-12-27 18:30:00,11445.992126133708,11239.030228981526
2023-12-27 19:30:00,11445.596197349163,11231.375178329286
2023-12-27 20:30:00,11446.571987967029,11250.23955928265
2023-12-28 14:30:00,11447.862457768713,11268.283786035347
2023-12-28 15:30:00,11447.862457768713,11258.441101289356
2023-12-28 16:30:00,11447.862457768713,11261.722552429981
2023-12-28 17:30:00,11457.836591431242,11261.202759889778
2023-12-28 18:30:00,11463.369558237679,11265.440362316234
2023-12-28 19:30:00,11442.303107207472,11249.282573658877
2023-12-28 20:30:00,11433.16291617541,11242.310845784205
2023-12-29 14:30:00,11436.57625025951,11244.908139809322
2023-12-29 15:30:00,11390.78570416663,11146.21263553088
2023-12-29 16:30:00,11390.78570416663,11152.090546358673
2023-12-29 17:30:00,11390.78570416663,11181.616931920755
2023-12-29 18:30:00,11390.78570416663,11193.920079268757
2023-12-29 19:30:00,11390.78570416663,11205.812732347451
2023-12-29 20:30:00,11390.78570416663,11194.466570623223
2024-01-02 14:30:00,11390.78570416663,11008.013732535095
2024-01-02 15:30:00,11390.78570416663,11033.163181233782
2024-01-02 16:30:00,11390.43371535864,11032.069364186907
2024-01-02 17:30:00,11401.646730530269,11014.025137434212
2024-01-02 18:30:00,11414.894273340837,10992.700293878834
2024-01-02 19:30:00,11437.135219752816,10956.885503219648
2024-01-02 20:30:00,11406.593423303779,11006.097258273718
2024-01-03 14:30:00,11461.871637676466,10915.329633155772
2024-01-03 15:30:00,11457.655738444491,10922.711020961808
2024-01-03 16:30:00,11461.716020153703,10915.603296001978
2024-01-03 17:30:00,11458.202986867007,10921.754035338035
2024-01-03 18:30:00,11447.348798008974,10940.755247714507
2024-01-03 19:30:00,11469.222553184492,10902.479994453306
2024-01-03 20:30:00,11476.169345064369,10890.313678528408
2024-01-04 14:30:00,11485.142614032218,10874.593917292565
2024-01-04 15:30:00,11463.458025083366,10912.59550770756
2024-01-04 16:30:00,11478.759572211198,10885.803247593693
2024-01-04 17:30:00,11481.4125637794,10881.15515089793
2024-01-04 18:30:00,11495.455123049183,10856.549690539872
2024-01-04 19:30:00,11493.427796193306,10860.103970188757
2024-01-04 20:30:00,11508.86765847265,10833.03721289074
2024-01-05 14:30:00,11472.240594022316,10897.285406403076
2024-01-05 15:30:00,11479.578146275628,10884.433264686773
2024-01-05 16:30:00,11502.67247935485,10843.970377331822
2024-01-05 17:30:00,11497.21450898326,10853.541902245444
2024-01-05 18:30:00,11495.0312280375,10857.369844740537
2024-01-05 19:30:00,11517.019651219134,10818.820928633133
2024-01-05 20:30:00,11500.65978254076,10847.527159994546
2024-01-08 14:30:00,11435.11073312639,10965.908033764972
2024-01-08 15:30:00,11432.537167905894,10970.828958968998
2024-01-08 16:30:00,11420.167412002966,10994.477433703283
2024-01-08 17:30:00,11410.292445884546,11013.341814656647
2024-01-08 18:30:00,11395.470856928787,11041.638386086699
2024-01-08 19:30:00,11387.44406489513,11056.948487391179
2024-01-08 20:30:00,11379.26968468217,11072.53225154186
2024-01-09 14:30:00,11403.518166269425,11026.32828478222
2024-01-09 15:30:00,11385.50254704257,11060.708014174717
2024-01-09 16:30:00,11369.529020842137,11091.156343166855
2024-01-09 17:30:00,11368.235624159686,11093.619308782703
2024-01-09 18:30:00,11373.136208456393,11084.288073197455
2024-01-09 19:30:00,11369.834676461835,11090.576478294559
2024-01-09 20:30:00,11367.968224916236,11094.130757943445
2024-01-10 14:30:00,11357.486825730382,11114.088121605742
2024-01-10 15:30:00,11354.82879080477,11119.14587823287
2024-01-10 16:30:00,11346.421818984742,11135.140136652864
2024-01-10 17:30:00,11341.53335998752,11144.435495706444
2024-01-10 18:30:00,11325.426443961842,11175.053195301565
2024-01-10 19:30:00,11329.816130403855,11166.717324885598
2024-01-10 20:30:00,11328.448769727484,11169.31461891071
2024-01-11 14:30:00,11317.014127720822,11142.795187305106
2024-01-11 15:30:00,11328.693499373194,11079.9136393479
2024-01-11 16:30:00,11329.152626904766,11072.805914388071
2024-01-11 17:30:00,11324.888034740641,11138.967244810012
2024-01-11 18:30:00,11322.245789268203,11179.156469318754
2024-01-11 19:30:00,11322.263940380337,11178.883640810494
2024-01-11 20:30:00,11321.44554065283,11191.18595382055
2024-01-12 14:30:00,11324.635232746305,11193.373587914304
2024-01-12 15:30:00,11322.577354369108,11203.761929676817
2024-01-12 16:30:00,11327.562547974241,11178.609977964292
2024-01-12 17:30:00,11324.207354832102,11195.56038767011
2024-01-12 18:30:00,11323.72038925761,11198.018347258283
2024-01-12 19:30:00,11326.211739595057,11185.444874415858
2024-01-12 20:30:00,11323.883937515613,11197.20069607145
2024-01-16 14:30:00,11320.90469432894,11212.237134529723
2024-01-16 15:30:00,11320.525170202638,11214.15110577727
2024-01-16 16:30:00,11330.392797279806,11164.39285936874
2024-01-16 17:30:00,11327.688985868986,11178.062652271878
2024-01-16 18:30:00,11334.020345860758,11146.075804107786
2024-01-16 19:30:00,11329.2122562793,11170.407601619641
2024-01-16 20:30:00,11324.073325519128,11196.380541870782
2024-01-17 14:30:00,11351.806832209264,11056.401996036717
2024-01-17 15:30:00,11343.149467603309,11100.418328702608
2024-01-17 16:30:00,11364.163949627455,11081.007456394778
2024-01-17 17:30:00,11377.4110097386,11066.928003560279
2024-01-17 18:30:00,11359.362105488754,11089.208998401486
2024-01-17 19:30:00,11356.307319825817,11090.576478294566
2024-01-17 20:30:00,11326.527701693272,11132.67967405086
2024-01-18 14:30:00,11252.950410739018,11245.591462586903
2024-01-18 15:30:00,11252.950410739018,11280.042110704791
2024-01-18 16:30:00,11259.94955599289,11240.67304039672
2024-01-18 17:30:00,11225.365128203272,11195.013896315651
2024-01-18 18:30:00,11293.761357129644,11285.234195741183
2024-01-18 19:30:00,11300.977965721322,11295.106916653222
2024-01-18 20:30:00,11301.891421328291,11296.44352604231
2024-01-19 14:30:00,11351.029297895164,11368.346770206888
2024-01-19 15:30:00,11368.932279220517,11394.592538966288
2024-01-19 16:30:00,11382.574197609823,11414.604968933005
2024-01-19 17:30:00,11410.85034919957,11456.10660703041
2024-01-19 18:30:00,11439.44951415007,11497.662477094293
2024-01-19 19:30:00,11445.525400163007,11507.778824686487
2024-01-19 20:30:00,11448.82117975776,11516.526858047655
2024-01-22 14:30:00,11462.228013353208,11547.964711843448
2024-01-22 15:30:00,11463.206714482574,11552.068820198581
2024-01-22 16:30:00,11463.996703567378,11550.428511797241
2024-01-22 17:30:00,11440.400673688086,11516.254029539397
2024-01-22 18:30:00,11451.452592433132,11532.247453621445
2024-01-22 19:30:00,11461.744664974642,11547.147060656614
2024-01-22 20:30:00,11449.66282745033,11529.65015959633
2024-01-23 14:30:00,11452.68470827793,11534.024593445887
2024-01-23 15:30:00,11443.053518125549,11520.081137696543
2024-01-23 16:30:00,11446.831889605119,11525.549388592979
2024-01-23 17:30:00,11458.353415779715,11542.226135452596
2024-01-23 18:30:00,11456.6542317026,11539.765672850584
2024-01-23 19:30:00,11473.459232673164,11564.098304700383
2024-01-23 20:30:00,11481.950684564901,11576.40061771044
2024-01-24 14:30:00,11564.069439891438,11702.1628792869
2024-01-24 15:30:00,11565.01118976291,11696.968291236672
2024-01-24 16:30:00,11575.378436011602,11731.689264848981
2024-01-24 17:30:00,11575.68632415128,11729.77612793938
2024-01-24 18:30:00,11544.926711548911,11656.50540388172
2024-01-24 19:30:00,11531.727560874948,11636.821703065629
2024-01-24 20:30:00,11534.662053342681,11641.195302577244
2024-01-25 14:30:00,11584.557590325714,11715.569855737127
2024-01-25 15:30:00,11581.988475846496,11711.731901186684
2024-01-25 16:30:00,11562.038169591611,11681.931852778396
2024-01-25 17:30:00,11540.054913808319,11649.124016075684
2024-01-25 18:30:00,11518.90847617727,11612.62590263893
2024-01-25 19:30:00,11525.670063630863,11628.619326720976
2024-01-25 20:30:00,11536.868524756319,11655.138758326582
2024-01-26 14:30:00,11521.65904162272,11619.05030482119
2024-01-26 15:30:00,11529.977204107858,11638.734839975226
2024-01-26 16:30:00,11526.516479318818,11630.53329796852
2024-01-26 17:30:00,11511.45268967185,11594.85533873244
2024-01-26 18:30:00,11507.343890065482,11585.149485409549
2024-01-26 19:30:00,11512.582959521507,11591.847550438017
2024-01-26 20:30:00,11514.008492969318,11585.695976764016
2024-01-29 14:30:00,11516.518229636455,11601.006078068496
2024-01-29 15:30:00,11518.716733210864,11606.200666118724
2024-01-29 16:30:00,11528.784448796929,11629.997653007356
2024-01-29 17:30:00,11529.530043864834,11631.76311210056
2024-01-29 18:30:00,11535.706473329934,11646.389890627472
2024-01-29 19:30:00,11559.462809172439,11702.709370641367
2024-01-29 20:30:00,11560.726313800162,11705.71715893579
2024-01-30 14:30:00,11547.12095307408,11673.322319516225
2024-01-30 15:30:00,11543.264320192462,11664.161288871908
2024-01-30 16:30:00,11528.061498645002,11628.072835366518
2024-01-30 17:30:00,11530.76345238071,11634.469704396566
2024-01-30 18:30:00,11531.194085629311,11625.612372764504
2024-01-30 19:30:00,11529.721045667167,11636.000714527016
2024-01-30 20:30:00,11531.289371700339,11625.065047072094
2024-01-31 14:30:00,11553.969794287459,11456.380269876621
2024-01-31 15:30:00,11553.969794287459,11465.401966083997
2024-01-31 16:30:00,11550.136596146147,11478.662099055771
2024-01-31 17:30:00,11543.437462618034,11490.554752134465
2024-01-31 18:30:00,11559.921085043554,11461.301195080641
2024-01-31 19:30:00,11572.697464038085,11438.609705970128
2024-01-31 20:30:00,11595.774144664661,11397.600327260716
2024-02-01 14:30:00,11543.215075377486,11491.10124348893
2024-02-01 15:30:00,11575.720416707987,11433.415117919903
2024-02-01 16:30:00,11552.18517375831,11475.244650829985
2024-02-01 17:30:00,11541.25187801685,11494.65552313782
2024-02-01 18:30:00,11533.394179223204,11508.598978887163
2024-02-01 19:30:00,11516.90311146722,11537.851701603038
2024-02-01 20:30:00,11515.977690339876,11539.49201000438
2024-02-02 14:30:00,11461.293866195461,11637.368194420096
2024-02-02 15:30:00,11442.26742058328,11694.234165788455
2024-02-02 16:30:00,11439.73737881258,11745.359057752119
2024-02-02 17:30:00,11466.941407165074,11718.840460484458
2024-02-02 18:30:00,11493.353064207487,11744.675734974553
2024-02-02 19:30:00,11505.39168532716,11756.568388053245
2024-02-02 20:30:00,11481.184288006874,11732.646250472753
2024-02-05 14:30:00,11418.584839694886,11666.894579982176
2024-02-05 15:30:00,11410.56249442914,11657.462389505494
2024-02-05 16:30:00,11453.022108131354,11707.357467337128
2024-02-05 17:30:00,11448.61601453312,11702.165382300738
2024-02-05 18:30:00,11467.41193827228,11724.307877042946
2024-02-05 19:30:00,11468.107283030275,11725.128031243617
2024-02-05 20:30:00,11458.372897761112,11713.64587243423
2024-02-06 14:30:00,11418.481269780938,11666.621751473916
2024-02-06 15:30:00,11436.386370310629,11687.672932183088
2024-02-06 16:30:00,11407.120864291108,11653.224787079038
2024-02-06 17:30:00,11410.146240937567,11656.779066727924
2024-02-06 18:30:00,11402.0027838089,11647.210044828138
2024-02-06 19:30:00,11425.049596864199,11674.276802126153
2024-02-06 20:30:00,11439.925309045697,11691.773703186436
2024-02-07 14:30:00,11555.102366884315,11827.377815170941
2024-02-07 15:30:00,11533.896849796254,11802.225863458418
2024-02-07 16:30:00,11528.53136660056,11795.365936868473
2024-02-07 17:30:00,11548.515874513108,11815.704592971977
2024-02-07 18:30:00,11543.33140456788,11810.424902451283
2024-02-07 19:30:00,11553.26857321403,11820.54291871937
2024-02-07 20:30:00,11544.410916325534,11811.521222511994
2024-02-08 14:30:00,11548.97823718934,11816.171822221593
2024-02-08 15:30:00,11564.277449372654,11831.752249020494
2024-02-08 16:30:00,11580.91469595542,11848.703493064259
2024-02-08 17:30:00,11576.22085837751,11843.918564945392
2024-02-08 18:30:00,11550.872850303884,11818.082456117354
2024-02-08 19:30:00,11569.127784426235,11836.674008562462
2024-02-08 20:30:00,11565.371314650945,11832.846066067368
2024-02-09 14:30:00,11627.44697906706,11904.202818877482
2024-02-09 15:30:00,11632.270648821039,11912.678023730392
2024-02-09 16:30:00,11637.764657735619,11925.117168163553
2024-02-09 17:30:00,11647.602995180598,11947.398997342703
2024-02-09 18:30:00,11651.934503003164,11957.214148936486
2024-02-09 19:30:00,11650.653924860455,11951.910262615364
2024-02-09 20:30:00,11650.027147360704,11949.859459944713
2024-02-12 14:30:00,11649.275102764073,11947.398997342701
2024-02-12 15:30:00,11661.60210117988,11987.72505327455
2024-02-12 16:30:00,11658.223123757447,11976.652554396527
2024-02-12 17:30:00,11653.883519759027,11962.438773152762
2024-02-12 18:30:00,11642.637111648353,11911.037715329052
2024-02-12 19:30:00,11640.302423795316,11908.046613793544
2024-02-12 20:30:00,11634.954015764,11901.195030583058
2024-02-13 14:30:00,11520.38025604608,11757.799036523213
2024-02-13 15:30:00,11520.38025604608,11764.770764397887
2024-02-13 16:30:00,11512.049378141535,11724.03421419673
2024-02-13 17:30:00,11507.471494831736,11718.842963498284
2024-02-13 18:30:00,11467.188394794492,11673.18298507927
2024-02-13 19:30:00,11437.17992658779,11645.87927580466
2024-02-13 20:30:00,11460.272701188911,11715.55900934382
2024-02-14 14:30:00,11491.019440467442,11821.910398612448
2024-02-14 15:30:00,11479.982720575581,11766.137409953019
2024-02-14 16:30:00,11481.295583998852,11772.698643558382
2024-02-14 17:30:00,11480.967795439396,11771.05833515704
2024-02-14 18:30:00,11483.75507271772,11785.001790906384
2024-02-14 19:30:00,11491.167200211996,11822.184061458654
2024-02-14 20:30:00,11495.603179160193,11844.601887722962
2024-02-15 14:30:00,11490.163652730847,11816.989473408426
2024-02-15 15:30:00,11492.032004281971,11826.421663885109
2024-02-15 16:30:00,11496.73296792937,11850.19862666304
2024-02-15 17:30:00,11503.539954976955,11884.791112231705
2024-02-15 18:30:00,11501.883705762175,11876.315907378796
2024-02-15 19:30:00,11500.224160278047,11867.838199512049
2024-02-15 20:30:00,11502.5834603995,11879.870187027684
2024-02-16 14:30:00,11483.86532540509,11784.181636705718
2024-02-16 15:30:00,11496.566194976234,11847.882504525644
2024-02-16 16:30:00,11498.853816703755,11859.502329096078
2024-02-16 17:30:00,11492.705283565203,11828.198803709553
2024-02-16 18:30:00,11499.99947843104,11865.104074063833
2024-02-16 19:30:00,11487.019248949453,11798.945246655732
2024-02-16 20:30:00,11481.692717100535,11772.152152203918
2024-02-20 14:30:00,11443.769078810179,11615.223196664036
2024-02-20 15:30:00,11455.179989288172,11657.599220928585
2024-02-20 16:30:00,11437.868044184695,11591.710719014907
2024-02-20 17:30:00,11437.049329612208,11604.615424021793
2024-02-20 18:30:00,11435.02299008292,11636.548040219413
2024-02-20 19:30:00,11433.148345503463,11666.074425781497
2024-02-20 20:30:00,11432.08895665169,11682.752006979059
2024-02-21 14:30:00,11437.769440959159,11593.351027416249
2024-02-21 15:30:00,11437.08425729343,11604.150697786015
2024-02-21 16:30:00,11438.949102982973,11574.762812322926
2024-02-21 17:30:00,11438.533113833622,11581.321542914451
2024-02-21 18:30:00,11440.379998113927,11552.205651621676
2024-02-21 19:30:00,11440.007329937715,11558.083562449472
2024-02-21 20:30:00,11435.066785273324,11636.000714527005
2024-02-22 14:30:00,11431.88079289974,11919.512920181964
2024-02-22 15:30:00,11431.88079289974,11917.872611780622
2024-02-22 16:30:00,11431.88079289974,11940.290438044929
2024-02-22 17:30:00,11431.88079289974,11962.709098647181
2024-02-22 18:30:00,11431.88079289974,12004.27331209052
2024-02-22 19:30:00,11431.88079289974,11987.041730496983
2024-02-22 20:30:00,11431.88079289974,11978.839354152331
2024-02-23 14:30:00,11431.88079289974,11982.119970955011
2024-02-23 15:30:00,11431.88079289974,11954.780385148735
2024-02-23 16:30:00,11431.88079289974,11963.255590001645
2024-02-23 17:30:00,11455.073281314522,11984.854096403227
2024-02-23 18:30:00,11417.63698170746,11947.390653963246
2024-02-23 19:30:00,11401.75721322219,11931.542404683758
2024-02-23 20:30:00,11410.532766410011,11940.290438044927
2024-02-26 14:30:00,11435.748613020689,11965.443224095397
2024-02-26 15:30:00,11433.55948629112,11963.255590001647
2024-02-26 16:30:00,11455.398268769579,11985.0760302968
2024-02-26 17:30:00,11421.463885461504,11951.116807228957
2024-02-26 18:30:00,11443.17071403294,11972.78623235593
2024-02-26 19:30:00,11431.725120601377,11961.342453092047
2024-02-26 20:30:00,11407.64242569192,11937.283484088455
2024-02-27 14:30:00,11430.670443951061,11960.248636045175
2024-02-27 15:30:00,11408.22781971429,11937.829975442923
2024-02-27 16:30:00,11407.40545039317,11937.00982124225
2024-02-27 17:30:00,11384.582711457779,11914.249916420185
2024-02-27 18:30:00,11428.036481199026,11957.512007583118
2024-02-27 19:30:00,11440.768023209124,11970.22731787632
2024-02-27 20:30:00,11435.161774837075,11964.623069894731
2024-02-28 14:30:00,11361.28830328072,11890.805854482609
2024-02-28 15:30:00,11395.900623556485,11929.081107743805
2024-02-28 16:30:00,11382.607587036795,11909.396572589767
2024-02-28 17:30:00,11389.266962884825,11914.04717229937
2024-02-28 18:30:00,11369.309736967361,11895.462294557828
2024-02-28 19:30:00,11379.89110803242,11905.979124363983
2024-02-28 20:30:00,11374.25933937431,11900.377379396232
2024-02-29 14:30:00,11446.29996741099,11972.004457700765
2024-02-29 15:30:00,11420.898596104826,11946.617222687539
2024-02-29 16:30:00,11415.927392075764,11941.657917938013
2024-02-29 17:30:00,11464.1773389157,11989.775021607256
2024-02-29 18:30:00,11451.74706129573,11977.335877174095
2024-02-29 19:30:00,11485.327915510523,11993.056472747883
2024-02-29 20:30:00,11495.59622311028,12004.538631557269
2024-03-01 14:30:00,11605.454994949087,12081.36280092587
2024-03-01 15:30:00,11644.04943255868,12114.451809516298
2024-03-01 16:30:00,11660.359212831263,12138.502435140435
2024-03-01 17:30:00,11679.163470584304,12173.497071598951
2024-03-01 18:30:00,11691.608560591498,12206.30490830166
2024-03-01 19:30:00,11686.996030365272,12190.448315642714
2024-03-01 20:30:00,11685.24432567422,12184.433573391816
2024-03-04 14:30:00,11671.37689193541,12157.3668160938
2024-03-04 15:30:00,11678.05618052814,12166.935837993582
2024-03-04 16:30:00,11687.306333053179,12180.195970965357
2024-03-04 17:30:00,11658.90625153194,12154.092039656734
2024-03-04 18:30:00,11671.685580602456,12164.201712545366
2024-03-04 19:30:00,11689.327335621549,12177.598676940243
2024-03-04 20:30:00,11653.908199333227,12136.315635384623
2024-03-05 14:30:00,11563.84704327913,11941.930746446267
2024-03-05 15:30:00,11563.84704327913,11940.290438044925
2024-03-05 16:30:00,11563.84704327913,11950.133122790916
2024-03-05 17:30:00,11563.84704327913,11916.23146904133
2024-03-05 18:30:00,11563.84704327913,11897.09676259354
2024-03-05 19:30:00,11563.84704327913,11861.279468920517
2024-03-05 20:30:00,11563.84704327913,11921.426057091558
2024-03-06 14:30:00,11563.84704327913,11980.206834045408
2024-03-06 15:30:00,11563.84704327913,12032.972034410413
2024-03-06 16:30:00,11549.017197882144,12070.973624825407
2024-03-06 17:30:00,11550.146564366152,12069.333316424067
2024-03-06 18:30:00,11583.839276377483,12020.396058554155
2024-03-06 19:30:00,11611.527670265103,11980.753325399875
2024-03-06 20:30:00,11600.56052012802,11998.25022646016
2024-03-07 14:30:00,11521.430410987385,12131.941201535066
2024-03-07 15:30:00,11503.069790579812,12164.201712545368
2024-03-07 16:30:00,11495.124622504243,12178.145168294712
2024-03-07 17:30:00,11487.642934283884,12191.268469843382
2024-03-07 18:30:00,11482.497100789882,12200.290166050756
2024-03-07 19:30:00,11496.536363337897,12175.684705692694
2024-03-07 20:30:00,11494.042692185994,12180.059139542253
2024-03-08 14:30:00,11462.471371769167,12260.981576900367
2024-03-08 15:30:00,11487.0112035971,12107.63610283747
2024-03-08 16:30:00,11485.25521296398,12101.047336079897
2024-03-08 17:30:00,11462.351209719101,12015.201470503922
2024-03-08 18:30:00,11465.539578356078,12052.85847934732
2024-03-08 19:30:00,11459.117448031662,12009.459556761281
2024-03-08 20:30:00,11458.011197618456,12002.078168955248
2024-03-11 13:30:00,11451.248868081158,11930.72225048308
2024-03-11 14:30:00,11465.018029422063,11931.54240468375
2024-03-11 15:30:00,11448.772640165753,11959.702144690698
2024-03-11 16:30:00,11457.325767893512,11972.27812054696
2024-03-11 17:30:00,11457.357670125288,11972.414951970062
2024-03-11 18:30:00,11477.491145048181,11949.312968590242
2024-03-11 19:30:00,11467.492055366602,11956.96801924248
2024-03-12 13:30:00,11479.02742687126,12056.483677721595
2024-03-12 14:30:00,11492.432008882359,12115.537283183707
2024-03-12 15:30:00,11482.2651755192,12069.88314513031
2024-03-12 16:30:00,11482.14090621035,12069.333316424063
2024-03-12 17:30:00,11491.060274675401,12108.789992216438
2024-03-12 18:30:00,11494.701818045478,12125.10630508349
2024-03-12 19:30:00,11495.79427554246,12130.027230287513
2024-03-13 13:30:00,11477.130396575903,12045.821673112876
2024-03-13 14:30:00,11473.829854605823,12031.33172600907
2024-03-13 15:30:00,11475.581677416294,12038.98677666131
2024-03-13 16:30:00,11483.008680071678,12071.520950517814
2024-03-13 17:30:00,11482.5763094383,12069.606979270266
2024-03-13 18:30:00,11472.379516140041,12024.4968295575
2024-03-13 19:30:00,11474.950379795348,12035.706159858626
2024-03-14 13:30:00,11473.856897649288,12030.921231739761
2024-03-14 14:30:00,11468.506918747067,12007.54641985168
2024-03-14 15:30:00,11468.75896059001,12008.639402560608
2024-03-14 16:30:00,11461.826579971033,11978.56652564406
2024-03-14 17:30:00,11471.753079289349,12021.216212754818
2024-03-14 18:30:00,11455.621106440765,11950.953276991579
2024-03-14 19:30:00,11468.84510840337,12007.272757005474
2024-03-15 13:30:00,11443.24567858006,11896.274105379027
2024-03-15 14:30:00,11442.657846954871,11893.813642777015
2024-03-15 15:30:00,11433.048753201769,11853.624418268273
2024-03-15 16:30:00,11434.53826509192,11859.775991942273
2024-03-15 17:30:00,11435.430089656249,11863.466268676319
2024-03-15 18:30:00,11440.379096721765,11883.968455017188
2024-03-15 19:30:00,11435.13407621782,11862.099623121183
2024-03-18 13:30:00,11480.954872935661,12051.838918377613
2024-03-18 14:30:00,11473.33877628967,12018.345255883498
2024-03-18 15:30:00,11469.222747716703,12000.437860553908
2024-03-18 16:30:00,11468.59069310032,11997.70373510569
2024-03-18 17:30:00,11472.133062205157,12013.013836410168
2024-03-18 18:30:00,11467.60081227732,11993.329301256133
2024-03-18 19:30:00,11459.936065364662,11960.24863604516
2024-03-19 13:30:00,11437.08198009888,11862.646114475649
2024-03-19 14:30:00,11445.615457617418,11897.98282949192
2024-03-19 15:30:00,11453.179355677927,11941.110592245588
2024-03-19 16:30:00,11458.782771772798,11976.652554396516
2024-03-19 17:30:00,11460.559399903797,11988.126369826445
2024-03-19 18:30:00,11456.89924225692,11964.349407048512
2024-03-19 19:30:00,11460.988719815363,11990.595175807912
2024-03-20 13:30:00,11462.446025223144,12010.279710961948
2024-03-20 14:30:00,11460.746357815719,12002.898323155912
2024-03-20 15:30:00,11459.736701178565,11998.523889306354
2024-03-20 16:30:00,11457.177496913855,11987.45139042833
2024-03-20 17:30:00,11473.696991388835,12058.67131181534
2024-03-20 18:30:00,11490.866188367308,12134.401664137062
2024-03-20 19:30:00,11490.684756279823,12133.581509936394
2024-03-21 13:30:00,11493.668465759003,12253.465860685057
2024-03-21 14:30:00,11501.091410998619,12252.235212215079
2024-03-21 15:30:00,11519.797695556856,12282.30892346957
2024-03-21 16:30:00,11503.816826406064,12256.609646064635
2024-03-21 17:30:00,11484.856490481474,12226.126274878781
2024-03-21 18:30:00,11472.52430873828,12206.30490830164
2024-03-21 19:30:00,11460.785357813294,12187.440527348272
2024-03-22 13:30:00,11452.022430274586,12173.36107451377
2024-03-22 14:30:00,11460.446339142556,12186.894035993808
2024-03-22 15:30:00,11460.606279632382,12187.151012081098
2024-03-22 16:30:00,11478.651470013714,12216.144255695848
2024-03-22 17:30:00,11483.082894847994,12223.266164400755
2024-03-22 18:30:00,11467.767047676982,12198.6498576494
2024-03-22 19:30:00,11467.937355228943,12198.923520495604
2024-03-25 13:30:00,11437.148688622134,12162.698235567106
2024-03-25 14:30:00,11439.845175361123,12172.526736568021
2024-03-25 15:30:00,11439.207930817396,12170.203105389113
2024-03-25 16:30:00,11442.623515336667,12182.65643356735
2024-03-25 17:30:00,11445.35900408056,12192.635115398496
2024-03-25 18:30:00,11440.414466915361,12174.5908886458
2024-03-25 19:30:00,11436.14104968462,12159.007124495116
2024-03-26 13:30:00,11445.293303621082,12192.36145255229
2024-03-26 14:30:00,11447.540971788621,12200.56382889694
2024-03-26 15:30:00,11446.04233479656,12195.09307498667
2024-03-26 16:30:00,11444.058038476513,12187.851021617575
2024-03-26 17:30:00,11445.818814320197,12194.275423799836
2024-03-26 18:30:00,11437.203987059747,12162.835066990207
2024-03-26 19:30:00,11425.352768835055,12119.638054187042
2024-03-27 13:30:00,11421.370462799385,12105.148107083232
2024-03-27 14:30:00,11418.96389037725,12096.396736370283
2024-03-27 15:30:00,11425.16940104034,12118.954731409476
2024-03-27 16:30:00,11423.508741772255,12112.912456006368
2024-03-27 17:30:00,11428.36418247947,12130.574555979914
2024-03-27 18:30:00,11424.60894175968,12116.904763076775
2024-03-27 19:30:00,11435.614370248817,12163.928884037088
2024-03-28 13:30:00,11435.496115534339,12151.533125177108
2024-03-28 14:30:00,11436.94443086731,12163.108729836416
2024-03-28 15:30:00,11444.153569118516,12151.899399535288
2024-03-28 16:30:00,11452.920601403597,12138.20207347994
2024-03-28 17:30:00,11448.484420183659,12145.173801354611
2024-03-28 18:30:00,11437.036503381863,12163.111232850251
2024-03-28 19:30:00,11452.863485350665,12138.502435140408
2024-04-01 13:30:00,11390.691498484715,12188.531007043362
2024-04-01 14:30:00,11379.729342125751,12148.345119886399
2024-04-01 15:30:00,11380.477067631638,12151.081748348453
2024-04-01 16:30:00,11376.144158019139,12135.221818337726
2024-04-01 17:30:00,11379.769129610606,12148.481951309503
2024-04-01 18:30:00,11379.432882885267,12147.251302839524
2024-04-01 19:30:00,11384.512626578635,12165.842020946684
2024-04-02 13:30:00,11347.753600385562,11999.344043507017
2024-04-02 14:30:00,11347.753600385562,12019.026075647216
2024-04-02 15:30:00,11354.243927311423,12009.730716593636
2024-04-02 16:30:00,11343.003520107184,12026.40746345325
2024-04-02 17:30:00,11342.079847386674,12027.77744636017
2024-04-02 18:30:00,11331.572666403868,12043.361210510855
2024-04-02 19:30:00,11320.878481744898,12059.217803169799
2024-04-03 13:30:00,11285.648595994366,12111.439015194179
2024-04-03 14:30:00,11271.250050456318,12132.76135573572
2024-04-03 15:30:00,11277.991125081737,12122.78267390457
2024-04-03 16:30:00,11280.115071201926,12119.638054187048
2024-04-03 17:30:00,11285.93149225434,12111.026017911034
2024-04-03 18:30:00,11319.254788256843,12061.678265771814
2024-04-03 19:30:00,11303.023150645386,12085.737234775406
2024-04-04 13:30:00,11237.274104227035,12181.972276451837
2024-04-04 14:30:00,11240.287038275308,12177.871505448487
2024-04-04 15:30:00,11240.669144331368,12210.679342151196
2024-04-04 16:30:00,11241.337086762876,12202.476965806545
2024-04-04 17:30:00,11264.335945690536,12068.786825069588
2024-04-04 18:30:00,11294.754870995275,11921.426057091547
2024-04-04 19:30:00,11299.289511020563,11899.281059335495
2024-04-05 13:30:00,11281.731786870785,11985.127759249417
2024-04-05 14:30:00,11271.28663949446,12035.959798594125
2024-04-05 15:30:00,11255.222266354343,12082.456617972726
2024-04-05 16:30:00,11250.658319427112,12090.111668624962
2024-04-05 17:30:00,11285.218136255073,12032.151880209729
2024-04-05 18:30:00,11281.309389338285,12038.713113815094
2024-04-05 19:30:00,11278.540079398696,12043.361210510857
2024-04-08 13:30:00,11259.481114649867,12075.348058674952
2024-04-08 14:30:00,11261.273666638232,12072.341104718476
2024-04-08 15:30:00,11282.2973625629,12037.072805413753
2024-04-08 16:30:00,11270.732758110584,12056.483677721586
2024-04-08 17:30:00,11270.504528548658,12056.866638838683
2024-04-08 18:30:00,11269.266413065743,12058.944140323598
2024-04-08 19:30:00,11276.761481361515,12046.368164467336
2024-04-09 13:30:00,11281.15980049864,12038.986776661302
2024-04-09 14:30:00,11304.757694114829,12001.667674685932
2024-04-09 15:30:00,11283.766278715062,12040.080593708179
2024-04-09 16:30:00,11286.607281925735,12034.886005657952
2024-04-09 17:30:00,11292.587965424202,12023.949503865086
2024-04-09 18:30:00,11268.254736566607,12068.240333715126
2024-04-09 19:30:00,11256.946817997687,12090.93182282564
2024-04-10 13:30:00,11316.253986635438,11972.004457700748
2024-04-10 14:30:00,11314.62770368739,11975.27756546192
2024-04-10 15:30:00,11324.40545257104,11955.600539349396
2024-04-10 16:30:00,11316.802266144925,11970.910640653874
2024-04-10 17:30:00,11327.493592726441,11949.392230695083
2024-04-10 18:30:00,11314.365565448115,11975.832400195843
2024-04-10 19:30:00,11311.105150822534,11982.393633801204
2024-04-11 13:30:00,11302.408407408437,11999.891369199437
2024-04-11 14:30:00,11290.512202718945,12023.813506779925
2024-04-11 15:30:00,11274.933839869876,12055.117032166452
2024-04-11 16:30:00,11236.937115672887,12131.394710180586
2024-04-11 17:30:00,11208.95231501264,12187.440527348272
2024-04-11 18:30:00,11207.242918792648,12190.857975574056
2024-04-11 19:30:00,11213.329121620653,12178.691659649157
2024-04-12 13:30:00,11279.90888502935,12045.548010266662
2024-04-12 14:30:00,11283.312655004753,12038.713113815094
2024-04-12 15:30:00,11303.594709125531,11997.977397951885
2024-04-12 16:30:00,11317.268588696963,11956.144527690018
2024-04-12 17:30:00,11313.191075772893,11976.378891550301
2024-04-12 18:30:00,11317.294142492794,11956.1478650418
2024-04-12 19:30:00,11311.839954541394,11983.213788001869
2024-04-15 13:30:00,11303.898343302631,12016.294453212839
2024-04-15 14:30:00,11308.97260248032,11994.14945545679
2024-04-15 15:30:00,11328.296074054435,11955.297674675081
2024-04-15 16:30:00,11389.398065135525,11832.299574712883
2024-04-15 17:30:00,11407.800335524158,11795.117304160618
2024-04-15 18:30:00,11418.748061911647,11772.972306404568
2024-04-15 19:30:00,11413.750630991277,11783.08781965882
2024-04-16 13:30:00,11418.4791024519,11773.51963209698
2024-04-16 14:30:00,11401.05540491302,11808.787097063756
2024-04-16 15:30:00,11404.773691676495,11801.268877834616
2024-04-16 16:30:00,11404.976251304728,11800.859217903255
2024-04-16 17:30:00,11425.336249058792,11772.972306404568
2024-04-16 18:30:00,11390.065941090506,11830.932094819802
2024-04-16 19:30:00,11417.53896560991,11785.821945107036
2024-04-17 13:30:00,11424.130248735692,11770.785506648763
2024-04-17 14:30:00,11449.24658146346,11715.832672190003
2024-04-17 15:30:00,11465.701978454046,11659.51319217611
2024-04-17 16:30:00,11463.752039017989,11681.384527085951
2024-04-17 17:30:00,11464.237828594685,11678.651235975682
2024-04-17 18:30:00,11482.371737608579,11643.030011719908
2024-04-17 19:30:00,11483.304658967483,11641.195302577209
2024-04-18 13:30:00,11480.663448711908,11646.389890627437
2024-04-18 14:30:00,11462.936426433705,11681.248530000796
2024-04-18 15:30:00,11469.69592339385,11667.971710270107
2024-04-18 16:30:00,11502.781125627573,11602.958428861517
2024-04-18 17:30:00,11510.991968571103,11586.789793810864
2024-04-18 18:30:00,11511.40824598779,11585.969639610192
2024-04-18 19:30:00,11517.236398875037,11574.486646462861
2024-04-19 13:30:00,11569.573090546268,11465.6397523985
2024-04-19 14:30:00,11573.465741403741,11437.51588892322
2024-04-19 15:30:00,11573.465741403741,11355.223468658187
2024-04-19 16:30:00,11573.465741403741,11390.218105116703
2024-04-19 17:30:00,11573.465741403741,11356.317285705061
2024-04-19 18:30:00,11573.465741403741,11336.90641339723
2024-04-19 19:30:00,11573.465741403741,11336.35908770482
2024-04-22 13:30:00,11573.465741403741,11345.91976622515
2024-04-22 14:30:00,11573.465741403741,11354.690326710854
2024-04-22 15:30:00,11573.465741403741,11389.261119492929
2024-04-22 16:30:00,11573.465741403741,11446.015289576557
2024-04-22 17:30:00,11573.465741403741,11502.036910943818
2024-04-22 18:30:00,11573.465741403741,11476.575419853421
2024-04-22 19:30:00,11573.465741403741,11451.185681826359
2024-04-23 13:30:00,11573.465741403741,11594.855338732412
2024-04-23 14:30:00,11573.465741403741,11608.66446607249
2024-04-23 15:30:00,11573.465741403741,11621.237938914917
2024-04-23 16:30:00,11573.465741403741,11617.137167911562
2024-04-23 17:30:00,11573.465741403741,11649.124016075655
2024-04-23 18:30:00,11573.465741403741,11633.813914771179
2024-04-23 19:30:00,11573.465741403741,11623.151910162464
2024-04-24 13:30:00,11573.465741403741,11703.256696333747
2024-04-24 14:30:00,11573.465741403741,11657.599220928567
2024-04-24 15:30:00,11573.465741403741,11625.062544058226
2024-04-24 16:30:00,11573.465741403741,11654.865095480354
2024-04-24 17:30:00,11573.465741403741,11644.7495822261
2024-04-24 18:30:00,11573.465741403741,11665.527934427013
2024-04-24 19:30:00,11573.465741403741,11658.419375129239
2024-04-25 13:30:00,11573.465741403741,11514.613721138026
2024-04-25 14:30:00,11573.465741403741,11497.662477094264
2024-04-25 15:30:00,11573.465741403741,11532.400137465489
2024-04-25 16:30:00,11573.465741403741,11555.895928355703
2024-04-25 17:30:00,11573.465741403741,11567.378921503034
2024-04-25 18:30:00,11573.465741403741,11623.698401516927
2024-04-25 19:30:00,11573.465741403741,11602.37355796155
2024-04-26 13:30:00,11573.465741403741,11755.475405344285
2024-04-26 14:30:00,11573.465741403741,11783.361482505026
2024-04-26 15:30:00,11573.465741403741,11789.649887602129
2024-04-26 16:30:00,11573.465741403741,11818.356118963542
2024-04-26 17:30:00,11573.465741403741,11791.891753662356
2024-04-26 18:30:00,11573.465741403741,11816.715810562202
2024-04-26 19:30:00,11573.465741403741,11784.728128060164
2024-04-29 13:30:00,11573.465741403741,11823.471444908926
2024-04-29 14:30:00,11573.465741403741,11812.067713866441
2024-04-29 15:30:00,11573.465741403741,11832.023408852843
2024-04-29 16:30:00,11573.465741403741,11842.961579321602
2024-04-29 17:30:00,11573.465741403741,11818.774122274363
2024-04-29 18:30:00,11573.465741403741,11792.520010135504
2024-04-29 19:30:00,11573.465741403741,11830.659266311544
2024-04-30 13:30:00,11573.465741403741,11780.080865702344
2024-04-30 14:30:00,11572.20734669255,11744.812566397623
2024-04-30 15:30:00,11570.911291798206,11740.985458240479
2024-04-30 16:30:00,11555.76999914526,11696.284968459075
2024-04-30 17:30:00,11553.774564931095,11690.409560645114
2024-04-30 18:30:00,11554.238023058255,11691.773703186413
2024-04-30 19:30:00,11525.539106680078,11607.294483165573
2024-05-01 13:30:00,11510.56171194469,11546.326906455917
2024-05-01 14:30:00,11510.56171194469,11535.391239001
2024-05-01 15:30:00,11510.56171194469,11543.204813862927
2024-05-01 16:30:00,11510.56171194469,11533.146869926932
2024-05-01 17:30:00,11503.573283495776,11607.193528274136
2024-05-01 18:30:00,11522.750773471029,11711.132846541608
2024-05-01 19:30:00,11504.892911818035,11522.268771790266
2024-05-02 13:30:00,11510.113320605697,11572.026183860848
2024-05-02 14:30:00,11511.677628898653,11587.33628516533
2024-05-02 15:30:00,11512.979723528604,11600.185923867799
2024-05-02 16:30:00,11517.216461722175,11642.289119624087
2024-05-02 17:30:00,11518.775569923331,11658.146546620977
2024-05-02 18:30:00,11521.46649001965,11685.758960935515
2024-05-02 19:30:00,11520.128752331788,11671.816339524115
2024-05-03 13:30:00,11560.068471626859,11866.474056970728
2024-05-03 14:30:00,11560.419030440424,11868.660856726534
2024-05-03 15:30:00,11564.682593348,11895.259550436986
2024-05-03 16:30:00,11564.93254043528,11896.82059673348
2024-05-03 17:30:00,11567.86665686055,11915.146829711837
2024-05-03 18:30:00,11567.865322061796,11915.138486332382
2024-05-03 19:30:00,11566.356331548379,11905.706295855698
2024-05-06 13:30:00,11576.738725989879,11970.57773981351
2024-05-06 14:30:00,11576.835543401336,11971.18430350007
2024-05-06 15:30:00,11576.006423620343,11965.989715449843
2024-05-06 16:30:00,11578.530547713675,11981.800419521769
2024-05-06 17:30:00,11582.092893871117,12004.128971625883
2024-05-06 18:30:00,11581.373820222929,11999.617706353221
2024-05-06 19:30:00,11587.562969511893,12038.439450968883
2024-05-07 13:30:00,11587.858142392859,12033.51852576486
2024-05-07 14:30:00,11587.858142392859,12071.247287671593
2024-05-07 15:30:00,11587.858142392859,12077.535692768699
2024-05-07 16:30:00,11587.858142392859,12076.98586406245
2024-05-07 17:30:00,11587.73687422071,12031.194894585955
2024-05-07 18:30:00,11600.85499153169,12040.080593708171
2024-05-07 19:30:00,11597.224968138482,12037.619296768216
2024-05-08 13:30:00,11540.126299073178,12044.727856065989
2024-05-08 14:30:00,11533.059998136367,12032.972034410397
2024-05-08 15:30:00,11530.427460555302,12028.597600560837
2024-05-08 16:30:00,11517.061556318966,12006.39753650037
2024-05-08 17:30:00,11533.408735956802,12033.488489598814
2024-05-08 18:30:00,11532.193198466564,12031.46855743216
2024-05-08 19:30:00,11532.110840473135,12031.331726009055
2024-05-09 13:30:00,11522.895657502224,12016.021624704576
2024-05-09 14:30:00,11553.715423062717,12067.146516668241
2024-05-09 15:30:00,11540.645186015538,12045.353609525298
2024-05-09 16:30:00,11550.293284069923,12061.405437263546
2024-05-09 17:30:00,11548.488331401697,12058.397648969123
2024-05-09 18:30:00,11545.534429137047,12053.476723765101
2024-05-09 19:30:00,11547.997228688319,12057.577494768455
2024-05-10 13:30:00,11555.957593331863,12070.83762774023
2024-05-10 14:30:00,11558.66172109811,12075.348058674947
2024-05-10 15:30:00,11557.514759186275,12073.434087427398
2024-05-10 16:30:00,11553.744664026795,12067.144013654404
2024-05-10 17:30:00,11563.58439945844,12083.550435019599
2024-05-10 18:30:00,11567.349196511812,12089.838005778756
2024-05-10 19:30:00,11564.895322115452,12085.737234775404
2024-05-13 13:30:00,11585.844434268829,12120.731871233918
2024-05-13 14:30:00,11575.895683860004,12104.055124374305
2024-05-13 15:30:00,11584.635929351281,12118.681902901213
2024-05-13 16:30:00,11580.965371839447,12112.530329227213
2024-05-13 17:30:00,11577.139150626237,12106.121779465922
2024-05-13 18:30:00,11579.089116773142,12109.38570950969
2024-05-13 19:30:00,11581.946846231145,12114.170637628555
2024-05-14 13:30:00,11606.265005953386,12161.057927165766
2024-05-14 14:30:00,11605.08495552415,12157.640478939982
2024-05-14 15:30:00,11594.604471591427,12127.29310483928
2024-05-14 16:30:00,11596.873547572202,12133.85517278259
2024-05-14 17:30:00,11609.92021081062,12169.940288936195
2024-05-14 18:30:00,11612.681921234438,12197.146380671153
2024-05-14 19:30:00,11612.45249903969,12192.361452552288
2024-05-15 13:30:00,11614.704577026043,12273.150395839082
2024-05-15 14:30:00,11614.704577026043,12315.93691437294
2024-05-15 15:30:00,11614.704577026043,12326.598918981656
2024-05-15 16:30:00,11614.704577026043,12355.03232183481
2024-05-15 17:30:00,11614.704577026043,12374.716856988845
2024-05-15 18:30:00,11614.704577026043,12381.004427748003
2024-05-15 19:30:00,11614.704577026043,12381.004427748003
2024-05-16 13:30:00,11614.704577026043,12401.236288594451
2024-05-16 14:30:00,11614.704577026043,12421.193652256748
2024-05-16 15:30:00,11614.704577026043,12407.52385935361
2024-05-16 16:30:00,11614.704577026043,12384.285878888631
2024-05-16 17:30:00,11621.62064045131,12374.580025565745
2024-05-16 18:30:00,11630.012045954365,12382.374410654924
2024-05-16 19:30:00,11602.107384165874,12356.398967389947
2024-05-17 13:30:00,11615.863639632811,12369.111774669314
2024-05-17 14:30:00,11614.347755203218,12362.14088113259
2024-05-17 15:30:00,11598.78712002387,12353.386173067855
2024-05-17 16:30:00,11577.390795949486,12341.362528931677
2024-05-17 17:30:00,11525.711317797857,12307.324878096935
2024-05-17 18:30:00,11589.160252347952,12346.023975034572
2024-05-17 19:30:00,11597.616722524019,12351.204379339724
2024-05-20 13:30:00,11712.982743186421,12428.575874400736
2024-05-20 14:30:00,11712.033583107886,12427.755720200066
2024-05-20 15:30:00,11708.236760383708,12424.475103397386
2024-05-20 16:30:00,11705.704414598431,12422.287469303632
2024-05-20 17:30:00,11710.439407628668,12426.37739391369
2024-05-20 18:30:00,11732.283526175177,12445.250118246513
2024-05-20 19:30:00,11723.120457276933,12437.32474209985
2024-05-21 13:30:00,11697.979108199204,12415.589404275164
2024-05-21 14:30:00,11715.57180667122,12430.779360915456
2024-05-21 15:30:00,11724.090968325103,12438.141558948739
2024-05-21 16:30:00,11717.769969695453,12432.676645404086
2024-05-21 17:30:00,11717.554697420694,12432.490588042185
2024-05-21 18:30:00,11730.581225243797,12443.749144282112
2024-05-21 19:30:00,11750.593540655584,12461.382876765501
2024-05-22 13:30:00,11756.651908963806,12474.77984116038
2024-05-22 14:30:00,11760.04847469903,12486.261999969765
2024-05-22 15:30:00,11760.04847469903,12476.969143930024
2024-05-22 16:30:00,11760.04847469903,12475.326332514844
2024-05-22 17:30:00,11728.966494447233,12392.21375804914
2024-05-22 18:30:00,11771.515024652312,12423.654949196714
2024-05-22 19:30:00,11811.969890432878,12458.102259962821
2024-05-23 13:30:00,11915.430044360868,12531.919475374943
2024-05-23 14:30:00,11923.005511000312,12533.559783776285
2024-05-23 15:30:00,11936.84318971621,12552.970656084115
2024-05-23 16:30:00,11902.637622380136,12501.572101274243
2024-05-23 17:30:00,11851.829472410147,12391.393603848468
2024-05-23 18:30:00,11851.829472410147,12372.529222895104
2024-05-23 19:30:00,11851.638306207713,12402.602934149594
2024-05-24 13:30:00,11835.782964179582,12493.644222113742
2024-05-24 14:30:00,11835.782964179582,12538.071049048942
2024-05-24 15:30:00,11835.782964179582,12541.761325782987
2024-05-24 16:30:00,11835.782964179582,12534.379937976953
2024-05-24 17:30:00,11835.782964179582,12537.386891933429
2024-05-24 18:30:00,11835.782964179582,12513.328757267782
2024-05-24 19:30:00,11835.782964179582,12521.80396212069
2024-05-28 13:30:00,11835.782964179582,12536.020246378292
2024-05-28 14:30:00,11835.782964179582,12556.388104309897
2024-05-28 15:30:00,11835.782964179582,12549.416376435225
2024-05-28 16:30:00,11835.782964179582,12554.88462733166
2024-05-28 17:30:00,11835.782964179582,12523.71709903029
2024-05-28 18:30:00,11835.782964179582,12524.892681195846
2024-05-28 19:30:00,11835.782964179582,12567.460603187921
2024-05-29 13:30:00,11835.782964179582,12510.04730612715
2024-05-29 14:30:00,11835.782964179582,12507.860506371344
2024-05-29 15:30:00,11835.782964179582,12510.320968973356
2024-05-29 16:30:00,11835.782964179582,12509.774477618894
2024-05-29 17:30:00,11835.782964179582,12501.16244134288
2024-05-29 18:30:00,11835.782964179582,12506.629857901367
2024-05-29 19:30:00,11835.782964179582,12480.794583411276
2024-05-30 13:30:00,11835.782964179582,12422.880683583058
2024-05-30 14:30:00,11835.782964179582,12393.03391224981
2024-05-30 15:30:00,11835.782964179582,12400.96262574825
2024-05-30 16:30:00,11838.39468415798,12421.464812089122
2024-05-30 17:30:00,11871.48252062791,12393.03391224981
2024-05-30 18:30:00,11898.943127575956,12367.198637759715
2024-05-30 19:30:00,11922.294421321069,12345.189637088824
2024-05-31 13:30:00,12027.774774389633,12231.593691437263
2024-05-31 14:30:00,12047.636165476402,12176.231197047146
2024-05-31 15:30:00,12049.693245372684,12125.652796437944
2024-05-31 16:30:00,12038.73421233839,12189.69323980179
2024-05-31 17:30:00,12061.646351842088,12164.475375391554
2024-05-31 18:30:00,12007.324283762495,12224.349135054334
2024-05-31 19:30:00,11934.472994143356,12349.564070938384
2024-06-03 13:30:00,11934.472994143356,12418.186698300278
2024-06-03 14:30:00,11934.472994143356,12364.601343734603
2024-06-03 15:30:00,11934.472994143356,12289.717844427812
2024-06-03 16:30:00,11934.472994143356,12308.008200874507
2024-06-03 17:30:00,11934.472994143356,12313.40803605939
2024-06-03 18:30:00,11934.472994143356,12346.013128641282
2024-06-03 19:30:00,11934.472994143356,12388.933141246462
2024-06-04 13:30:00,11934.472994143356,12366.514480644208
2024-06-04 14:30:00,11934.472994143356,12356.1261388817
2024-06-04 15:30:00,11934.472994143356,12359.953247038846
2024-06-04 16:30:00,11934.472994143356,12380.457936393552
2024-06-04 17:30:00,11934.472994143356,12444.159638551424
2024-06-04 18:30:00,11934.472994143356,12400.142471547588
2024-06-04 19:30:00,11934.472994143356,12421.467315102966
2024-06-05 13:30:00,11934.472994143356,12549.690039281435
2024-06-05 14:30:00,11934.472994143356,12597.260651596214
2024-06-05 15:30:00,11934.472994143356,12602.728902492647
2024-06-05 16:30:00,11934.472994143356,12618.312666643329
2024-06-05 17:30:00,11934.472994143356,12638.278373685085
2024-06-05 18:30:00,11934.472994143356,12643.260205559149
2024-06-05 19:30:00,11934.472994143356,12674.358483811022
2024-06-06 13:30:00,11934.472994143356,12677.366272105444
2024-06-06 14:30:00,11934.472994143356,12669.987387313246
2024-06-06 15:30:00,11934.472994143356,12661.78250795476
2024-06-06 16:30:00,11934.472994143356,12677.912763459912
2024-06-06 17:30:00,11934.472994143356,12658.77471966034
2024-06-06 18:30:00,11934.472994143356,12667.24992451325
2024-06-06 19:30:00,11934.472994143356,12669.437558607002
2024-06-07 13:30:00,11934.472994143356,12657.68173695141
2024-06-07 14:30:00,11934.472994143356,12675.315469434798
2024-06-07 15:30:00,11934.472994143356,12705.798840620655
2024-06-07 16:30:00,11934.472994143356,12713.7275541191
2024-06-07 17:30:00,11934.472994143356,12660.142199553424
2024-06-07 18:30:00,11934.472994143356,12663.149153509901
2024-06-07 19:30:00,11934.472994143356,12657.681736951412
2024-06-10 13:30:00,11969.047975909314,12656.861582750742
2024-06-10 14:30:00,11971.432220172901,12692.402710563721
2024-06-10 15:30:00,11976.906431655114,12703.885703711056
2024-06-10 16:30:00,11943.511193653303,12674.358483811027
2024-06-10 17:30:00,11931.5759331617,12667.386755936357
2024-06-10 18:30:00,12001.565233909076,12708.259303222667
2024-06-10 19:30:00,11999.696345358308,12707.166320513736
2024-06-11 13:30:00,11975.853542651292,12693.222864764393
2024-06-11 14:30:00,12008.3609942561,12712.224077140861
2024-06-11 15:30:00,11986.158535601908,12699.23760701529
2024-06-11 16:30:00,12011.877560811468,12714.274045473567
2024-06-11 17:30:00,12095.558319434202,12775.788113537687
2024-06-11 18:30:00,12080.791921426837,12763.758629035889
2024-06-11 19:30:00,12134.089990482,12796.292802892394
2024-06-12 13:30:00,12252.257013778673,12996.145108389239
2024-06-12 14:30:00,12251.044890952471,12989.994369053184
2024-06-12 15:30:00,12246.814194680066,12968.532694074704
2024-06-12 16:30:00,12249.943215278825,12984.38928673365
2024-06-12 17:30:00,12261.257356257538,12985.105983029047
2024-06-12 18:30:00,12234.26320258267,12945.567542117986
2024-06-12 19:30:00,12246.027965812125,12962.79161467001
2024-06-13 13:30:00,12288.732660207896,13019.111094683905
2024-06-13 14:30:00,12290.59010561878,13022.938202841053
2024-06-13 15:30:00,12267.621356838657,12975.60787985465
2024-06-13 16:30:00,12288.628515291331,13018.837431837703
2024-06-13 17:30:00,12293.073552396685,13027.995959468177
2024-06-13 18:30:00,12298.048166629338,13038.24830414553
2024-06-13 19:30:00,12295.528399735684,13033.053716095303
2024-06-14 13:30:00,12308.52699608272,13059.846810547113
2024-06-14 14:30:00,12306.406369545637,13055.472376697555
2024-06-14 15:30:00,12303.225236051025,13048.91114309219
2024-06-14 16:30:00,12319.928497684195,13083.355950844458
2024-06-14 17:30:00,12318.704585042473,13080.829575544733
2024-06-14 18:30:00,12323.629691062632,13090.995149075728
2024-06-14 19:30:00,12328.151690901179,13100.33139068865
2024-06-17 13:30:00,12328.935458440084,13101.950006303403
2024-06-17 14:30:00,12349.05675729405,13143.50587636728
2024-06-17 15:30:00,12371.534763144567,13189.98350597313
2024-06-17 16:30:00,12394.510104154375,13237.551615274071
2024-06-17 17:30:00,12419.830917881698,13290.04565580671
2024-06-17 18:30:00,12426.01995896647,13302.895294509179
2024-06-17 19:30:00,12405.879918377606,13261.065761599095
2024-06-18 13:30:00,12401.79452633709,13252.590556746185
2024-06-18 14:30:00,12393.885704577147,13236.187472732774
2024-06-18 15:30:00,12399.985051509831,13248.831864300588
2024-06-18 16:30:00,12412.60790948778,13275.009217348435
2024-06-18 17:30:00,12403.386176764507,13255.871173548863
2024-06-18 18:30:00,12405.89054372398,13261.065761599093
2024-06-18 19:30:00,12408.263033218747,13265.98752114106
2024-06-20 13:30:00,12399.82956644188,13248.48978574283
2024-06-20 14:30:00,12406.571750877547,13262.471621037677
2024-06-20 15:30:00,12367.149902481518,13180.687312581602
2024-06-20 16:30:00,12349.978947468797,13145.14618476862
2024-06-20 17:30:00,12369.282644323705,13185.06174643116
2024-06-20 18:30:00,12356.340093490802,13158.269486317293
2024-06-20 19:30:00,12357.529567297117,13160.729948919305
2024-06-21 13:30:00,12338.234324077428,13120.814387256767
2024-06-21 14:30:00,12348.6864487553,13142.412059320402
2024-06-21 15:30:00,12363.36401040619,13172.759433421103
2024-06-21 16:30:00,12341.485615776086,13127.484919133021
2024-06-21 17:30:00,12349.501883304223,13144.052367721744
2024-06-21 18:30:00,12347.518626330342,13139.95159671839
2024-06-21 19:30:00,12340.37767133602,13125.187986768377
2024-06-24 13:30:00,12305.849395961224,13053.83206829621
2024-06-24 14:30:00,12311.682128948534,13065.861552798006
2024-06-24 15:30:00,12308.766759962635,13059.84681054711
2024-06-24 16:30:00,12282.504131080561,13005.67324772968
2024-06-24 17:30:00,12270.842456509588,12981.655161285425
2024-06-24 18:30:00,12286.170662429588,13015.017832722058
2024-06-24 19:30:00,12261.857733345618,12956.5032095729
2024-06-25 13:30:00,12306.401513692797,13048.090988891516
2024-06-25 14:30:00,12323.238135672409,13081.991808303157
2024-06-25 15:30:00,12321.965799008254,13074.063094804713
2024-06-25 16:30:00,12320.139975278598,13059.573147700907
2024-06-25 17:30:00,12336.502207269536,13102.906991927171
2024-06-25 18:30:00,12341.601280496763,13113.432165112783
2024-06-25 19:30:00,12337.629107775943,13105.23062310608
2024-06-26 13:30:00,12336.83570127501,13103.592817718574
2024-06-26 14:30:00,12336.303370743144,13102.493994644024
2024-06-26 15:30:00,12350.610855935996,13132.026220571726
2024-06-26 16:30:00,12337.508760377785,13104.959463273712
2024-06-26 17:30:00,12340.288738314981,13110.698039664569
2024-06-26 18:30:00,12337.11196358075,13104.13930907304
2024-06-26 19:30:00,12351.41515760793,13133.664025959231
2024-06-27 13:30:00,12375.896925526564,13184.241592230486
2024-06-27 14:30:00,12349.173054219338,13128.953353917539
2024-06-27 15:30:00,12361.38006087325,13154.16871531394
2024-06-27 16:30:00,12368.654174450729,13169.205153772215
2024-06-27 17:30:00,12355.301485722692,13141.591905119732
2024-06-27 18:30:00,12368.664575456143,13169.205153772215
2024-06-27 19:30:00,12366.81353039328,13165.37721127712
2024-06-28 13:30:00,12425.443196308363,13281.29762244553
2024-06-28 14:30:00,12397.203977761761,13209.082335889245
2024-06-28 15:30:00,12389.39770584138,13189.163351772451
2024-06-28 16:30:00,12383.929927301613,13175.219896023107
2024-06-28 17:30:00,12374.492416477318,13151.163430033352
2024-06-28 18:30:00,12368.695300563497,13136.3973170695
2024-06-28 19:30:00,12352.587883225027,13095.387938360085
2024-07-01 13:30:00,12397.320641084714,13100.582526410313
2024-07-01 14:30:00,12387.456093736333,13111.534880624147
2024-07-01 15:30:00,12418.447699026365,13155.261698022867
2024-07-01 16:30:00,12412.834331742266,13147.333818862366
2024-07-01 17:30:00,12413.221346526305,13147.880310216831
2024-07-01 18:30:00,12413.60835652835,13148.426801571299
2024-07-01 19:30:00,12433.163050845811,13176.04005022378
2024-07-02 13:30:00,12438.967469148583,13184.241592230483
2024-07-02 14:30:00,12463.385515185444,13226.89127934124
2024-07-02 15:30:00,12458.43712204085,13214.317806498815
2024-07-02 16:30:00,12476.627046986086,13260.51927024462
2024-07-02 17:30:00,12488.663628318027,13291.134466825903
2024-07-02 18:30:00,12489.417389866452,13293.053444101124
2024-07-02 19:30:00,12498.115294222252,13315.19844185717
2024-07-03 13:30:00,12501.012552058059,13322.579829663204
2024-07-03 14:30:00,12519.64437785632,13377.806326968164
2024-07-03 15:30:00,12527.89968060119,13428.146106924878
2024-07-05 13:30:00,12536.694939807698,13496.733692093052
2024-07-05 14:30:00,12540.192162738756,13524.34610640759
2024-07-05 15:30:00,12544.724457590799,13560.160897066775
2024-07-05 16:30:00,12544.623206781722,13559.359932638858
2024-07-05 17:30:00,12543.647589425078,13551.642306640688
2024-07-05 18:30:00,12545.360856849436,13565.191954879638
2024-07-05 19:30:00,12545.58884744298,13566.995793518345
2024-07-08 13:30:00,12545.934399915139,13569.72991896656
2024-07-08 14:30:00,12548.507472863404,13595.019536440133
2024-07-08 15:30:00,12548.507472863404,13569.729918966563
2024-07-08 16:30:00,12548.507472863404,13587.774145719259
2024-07-08 17:30:00,12548.507472863404,13589.06486652133
2024-07-08 18:30:00,12548.507472863404,13571.233395944799
2024-07-08 19:30:00,12548.507472863404,13598.436984665917
2024-07-09 13:30:00,12548.507472863404,13625.50290762599
2024-07-09 14:30:00,12539.377855723145,13614.840068679328
2024-07-09 15:30:00,12549.670506961214,13622.222290823309
2024-07-09 16:30:00,12487.976258236644,13577.945644718346
2024-07-09 17:30:00,12503.267744142528,13588.87880915943
2024-07-09 18:30:00,12518.150950358033,13599.529967374852
2024-07-09 19:30:00,12531.12792139494,13608.82532642843
2024-07-10 13:30:00,12617.701847572846,13670.886720184963
2024-07-10 14:30:00,12608.856835766193,13658.739594032815
2024-07-10 15:30:00,12673.386391788561,13698.772797345706
2024-07-10 16:30:00,12713.96372217986,13724.034881667068
2024-07-10 17:30:00,12728.265968611893,13732.949782617387
2024-07-10 18:30:00,12734.959435347715,13735.287597541375
2024-07-10 19:30:00,12758.269032097445,13750.991506356248
2024-07-11 13:30:00,12639.41433367618,13620.682937313406
2024-07-11 14:30:00,12639.41433367618,13518.194532733592
2024-07-11 15:30:00,12658.855671487187,13503.704585629786
2024-07-11 16:30:00,12641.814035902076,13485.79719030019
2024-07-11 17:30:00,12596.49818305659,13438.226577985413
2024-07-11 18:30:00,12612.166310945873,13454.630496336766
2024-07-11 19:30:00,12606.426641574031,13448.61575408587
2024-07-12 13:30:00,12687.852474049112,13533.91512830738
2024-07-12 14:30:00,12754.088221625374,13603.630738378208
2024-07-12 15:30:00,12710.101503866952,13557.156446124141
2024-07-12 16:30:00,12762.243019049882,13612.106777569063
2024-07-12 17:30:00,12783.451366988953,13634.52460383337
2024-07-12 18:30:00,12767.693487853665,13617.847856973754
2024-07-12 19:30:00,12684.176528359885,13529.540694457823
2024-07-15 13:30:00,12773.55529482329,13623.588936378448
2024-07-15 14:30:00,12815.446521082282,13656.669601589418
2024-07-15 15:30:00,12793.915764501218,13611.012960522186
2024-07-15 16:30:00,12776.359785109538,13573.830689969918
2024-07-15 17:30:00,12774.809251736548,13570.550073167238
2024-07-15 18:30:00,12781.077007351561,13583.810206139013
2024-07-15 19:30:00,12759.640196696928,13564.808993762545
2024-07-16 13:30:00,12748.035524312652,13520.245335404245
2024-07-16 14:30:00,12753.960719975614,13542.936824514758
2024-07-16 15:30:00,12741.9841032877,13497.006520601322
2024-07-16 16:30:00,12746.130720110907,13512.86394759821
2024-07-16 17:30:00,12749.951800883051,13527.490726125123
2024-07-16 18:30:00,12757.551166354506,13556.606617417896
2024-07-16 19:30:00,12761.326572206413,13571.09739885965
2024-07-17 13:30:00,12737.068284615789,13263.799887047302
2024-07-17 14:30:00,12737.068284615789,13264.07354989351
2024-07-17 15:30:00,12737.068284615789,13201.192001936306
2024-07-17 16:30:00,12737.068284615789,13208.574224080285
2024-07-17 17:30:00,12740.627142369072,13216.77576608699
2024-07-17 18:30:00,12743.029703486423,13214.315303484977
2024-07-17 19:30:00,12784.135749032224,13172.212107728687
2024-07-18 13:30:00,12745.852609401318,13211.526946070288
2024-07-18 14:30:00,12892.047382945462,13061.760781794654
2024-07-18 15:30:00,12895.019780514429,13069.142169600687
2024-07-18 16:30:00,12865.733130479011,13115.34613636033
2024-07-18 17:30:00,12887.259102905386,13081.441979596906
2024-07-18 18:30:00,12898.699486252755,13063.401090195995
2024-07-18 19:30:00,12869.072419783273,13110.151548310103
2024-07-19 13:30:00,12903.955944760988,13055.198713851345
2024-07-19 14:30:00,12926.853972527842,13019.05602837948
2024-07-19 15:30:00,12930.373893749094,13019.111094683902
2024-07-19 16:30:00,12946.365614209632,12982.202486977838
2024-07-19 17:30:00,12945.69637398359,12983.749349529257
2024-07-19 18:30:00,12925.073556076397,13031.413407693959
2024-07-19 19:30:00,12941.784222168259,12992.864491586555
2024-07-22 13:30:00,12867.85046976329,13159.499300449326
2024-07-22 14:30:00,12890.595180617223,13079.805008547353
2024-07-22 15:30:00,12873.831917192832,13114.5284851735
2024-07-22 16:30:00,12856.021527167242,13172.761936434938
2024-07-22 17:30:00,12842.986860368048,13200.325959148622
2024-07-22 18:30:00,12850.260967076078,13183.148609521557
2024-07-22 19:30:00,12848.757784725,13186.702054832498
2024-07-23 13:30:00,12842.39530228232,13201.739327628717
2024-07-23 14:30:00,12831.5922542804,13230.445558990132
2024-07-23 15:30:00,12840.33952546917,13167.017519678464
2024-07-23 16:30:00,12840.526850901866,13165.650874123327
2024-07-23 17:30:00,12840.751657546234,13164.010565721986
2024-07-23 18:30:00,12838.260311182006,13182.191623897785
2024-07-23 19:30:00,12844.021038441822,13140.225259564597
2024-07-24 13:30:00,12907.879723821401,12855.620071200708
2024-07-24 14:30:00,12921.92961264728,12795.746311537927
2024-07-24 15:30:00,12931.771443022204,12753.730721265942
2024-07-24 16:30:00,12929.489225902505,12763.48580052763
2024-07-24 17:30:00,12938.317598162163,12725.483375774693
2024-07-24 18:30:00,12943.93006406739,12677.912763459915
2024-07-24 19:30:00,12997.406730201055,12667.249924513253
2024-07-25 13:30:00,13008.678263792446,12586.051321295095
2024-07-25 14:30:00,13008.678263792446,12669.109663794326
2024-07-25 15:30:00,13008.678263792446,12760.068352301845
2024-07-25 16:30:00,13008.678263792446,12710.71726281084
2024-07-25 17:30:00,13008.678263792446,12682.150365886366
2024-07-25 18:30:00,13008.678263792446,12678.186426306118
2024-07-25 19:30:00,13008.678263792446,12528.365195726063
2024-07-26 13:30:00,13008.678263792446,12631.299136768905
2024-07-26 14:30:00,13008.678263792446,12614.211895639985
2024-07-26 15:30:00,13008.678263792446,12695.136836011938
2024-07-26 16:30:00,13008.678263792446,12733.138426426929
2024-07-26 17:30:00,13008.678263792446,12659.64994016543
2024-07-26 18:30:00,13008.678263792446,12662.876325001638
2024-07-26 19:30:00,13008.678263792446,12658.228228305874
2024-07-29 13:30:00,13008.678263792446,12737.923354545796
2024-07-29 14:30:00,13008.678263792446,12668.891067252536
2024-07-29 15:30:00,13008.678263792446,12742.707448326715
2024-07-29 16:30:00,13008.678263792446,12714.547708319767
2024-07-29 17:30:00,13008.678263792446,12688.848430914832
2024-07-29 18:30:00,13008.678263792446,12702.518223817971
2024-07-29 19:30:00,13008.678263792446,12681.193380262594
2024-07-30 13:30:00,13008.678263792446,12654.950114517032
2024-07-30 14:30:00,13008.678263792446,12562.266015137704
2024-07-30 15:30:00,13008.678263792446,12504.30622672247
2024-07-30 16:30:00,13008.678263792446,12485.989171461519
2024-07-30 17:30:00,13008.678263792446,12527.001053184767
2024-07-30 18:30:00,13008.678263792446,12503.481066494127
2024-07-30 19:30:00,13008.678263792446,12504.579889568677
2024-07-31 13:30:00,13008.678263792446,12837.849507294219
2024-07-31 14:30:00,13008.678263792446,12869.83635545831
2024-07-31 15:30:00,13008.678263792446,12843.590586698912
2024-07-31 16:30:00,13008.678263792446,12838.119832788641
2024-07-31 17:30:00,13023.216883857927,12860.264830544687
2024-07-31 18:30:00,13014.273441408537,12835.935536046672
2024-07-31 19:30:00,13029.854230702089,12878.311560311224
2024-08-01 13:30:00,13017.99717236989,12846.051049300924
2024-08-01 14:30:00,12973.670904049017,12725.483375774691
2024-08-01 15:30:00,12947.217505746097,12653.607664762323
2024-08-01 16:30:00,12913.779559023982,12562.813340830115
2024-08-01 17:30:00,12892.28406570134,12498.565147317777
2024-08-01 18:30:00,12904.21733805555,12537.11406342518
2024-08-01 19:30:00,12914.620028238967,12570.741219990616
2024-08-02 13:30:00,12870.537862364616,12220.248364050993
2024-08-02 14:30:00,12870.537862364616,12214.165206088543
2024-08-02 15:30:00,12860.959884319658,12287.777174366014
2024-08-02 16:30:00,12884.777363278408,12217.787901448983
2024-08-02 17:30:00,12869.248745893821,12263.444542516216
2024-08-02 18:30:00,12869.388127679142,12263.034882584854
2024-08-02 19:30:00,12868.132560109609,12266.725159318901
2024-08-05 13:30:00,13029.07086733808,11808.240605709309
2024-08-05 14:30:00,12989.525253142376,11970.774643568726
2024-08-05 15:30:00,12960.824930748528,12088.471360223639
2024-08-05 16:30:00,12991.40859921499,11963.255590001643
2024-08-05 17:30:00,13000.541107247624,11925.800490941114
2024-08-05 18:30:00,13009.535733847393,11888.891883235054
2024-08-05 19:30:00,13003.608872361125,11913.224515084852
2024-08-06 13:30:00,12979.893921080236,12010.55337380816
2024-08-06 14:30:00,12976.024946069525,12026.410800805048
2024-08-06 15:30:00,12952.272952218587,12123.739659528357
2024-08-06 16:30:00,12937.708545208543,12183.33975634493
2024-08-06 17:30:00,12932.359420004002,12205.211091254772
2024-08-06 18:30:00,12950.8866504828,12129.480738933047
2024-08-06 19:30:00,12978.280784901819,12017.388270259726
2024-08-07 13:30:00,12928.969199379042,12190.475014456968
2024-08-07 14:30:00,12925.264722718246,12215.326604509024
2024-08-07 15:30:00,12933.463633070869,12160.37126703643
2024-08-07 16:30:00,12951.49862885461,12039.257102155734
2024-08-07 17:30:00,12963.174179264437,11960.52229889137
2024-08-07 18:30:00,12962.47727868964,11966.537041142272
2024-08-07 19:30:00,12976.088734839172,11887.798900526122
2024-08-08 13:30:00,12929.25647657166,12159.280787341335
2024-08-08 14:30:00,12929.113955523697,12160.100941542005
2024-08-08 15:30:00,12922.676877523358,12197.143043319385
2024-08-08 16:30:00,12915.9469718961,12235.83129386373
2024-08-08 17:30:00,12914.045010143307,12246.753611911518
2024-08-08 18:30:00,12922.090677485807,12200.563828896953
2024-08-08 19:30:00,12912.86358754893,12253.602692108165
2024-08-09 13:30:00,12914.911830168885,12241.846036114628
2024-08-09 14:30:00,12913.48327112549,12250.04841245928
2024-08-09 15:30:00,12916.340882345747,12233.644494107923
2024-08-09 16:30:00,12896.489491887049,12347.650934028788
2024-08-09 17:30:00,12904.416613982943,12302.267121469817
2024-08-09 18:30:00,12914.272847285289,12315.936914372956
2024-08-09 19:30:00,12912.444273296229,12317.30355992809
2024-08-12 13:30:00,12894.336148820645,12376.903656744664
2024-08-12 14:30:00,12900.200378079204,12333.707478279446
2024-08-12 15:30:00,12893.876272278236,12375.946671120892
2024-08-12 16:30:00,12898.0575637405,12348.060593960148
2024-08-12 17:30:00,12901.026729522973,12328.239227383012
2024-08-12 18:30:00,12901.231306610809,12326.872581827874
2024-08-12 19:30:00,12898.816837319917,12343.002837333024
2024-08-13 13:30:00,12872.939146935576,12515.785882518014
2024-08-13 14:30:00,12866.59472139421,12557.89158128814
2024-08-13 15:30:00,12862.139011545833,12587.418801188169
2024-08-13 16:30:00,12856.646321261436,12623.780083201818
2024-08-13 17:30:00,12856.563536816408,12624.327408894229
2024-08-13 18:30:00,12857.390640069227,12618.859157997797
2024-08-13 19:30:00,12852.567424657635,12647.292560850949
2024-08-14 13:30:00,12852.567424657635,12587.00830691886
2024-08-14 14:30:00,12992.608115382993,12652.75997740944
2024-08-14 15:30:00,12948.68671430931,12629.93165687582
2024-08-14 16:30:00,12957.917946873102,12637.723538951162
2024-08-14 17:30:00,12959.860768995826,12639.363847352502
2024-08-14 18:30:00,12936.547154642518,12619.679312198467
2024-08-14 19:30:00,12976.40037671935,12653.307303101848
2024-08-15 13:30:00,13145.388113446681,12896.35578706391
2024-08-15 14:30:00,13145.388113446681,12913.579859615937
2024-08-15 15:30:00,13145.388113446681,12956.500706559058
2024-08-15 16:30:00,13145.388113446681,12940.91944542221
2024-08-15 17:30:00,13145.388113446681,12966.618722827143
2024-08-15 18:30:00,13145.388113446681,12966.892385673347
2024-08-15 19:30:00,13145.388113446681,12972.63346507804
2024-08-16 13:30:00,13145.388113446681,12965.524905780267
2024-08-16 14:30:00,13145.388113446681,12939.552799867071
2024-08-16 15:30:00,13145.388113446681,12994.778462834089
2024-08-16 16:30:00,13145.388113446681,13010.088564138567
2024-08-16 17:30:00,13145.388113446681,12994.504799987884
2024-08-16 18:30:00,13145.388113446681,12986.303257981177
2024-08-16 19:30:00,13145.388113446681,12986.849749335643
2024-08-19 13:30:00,13145.388113446681,12995.052125680293
2024-08-19 14:30:00,13170.382718223767,13025.669825275412
2024-08-19 15:30:00,13162.837384391218,13029.256644104184
2024-08-19 16:30:00,13170.25909319095,13048.569064534415
2024-08-19 17:30:00,13182.714535957151,13081.034822679367
2024-08-19 18:30:00,13193.226987843425,13108.513742922583
2024-08-19 19:30:00,13207.4680649933,13157.722160624866
2024-08-20 13:30:00,13207.4680649933,13136.670979915692
2024-08-20 14:30:00,13220.69618309365,13114.79964500585
2024-08-20 15:30:00,13222.796048782926,13128.332606485885
2024-08-20 16:30:00,13209.069581679998,13113.159336604505
2024-08-20 17:30:00,13209.069581679998,13154.149525541166
2024-08-20 18:30:00,13209.069581679998,13136.39731706948
2024-08-20 19:30:00,13209.069581679998,13128.469437908983
2024-08-21 13:30:00,13209.069581679998,13172.817002739333
2024-08-21 14:30:00,13209.069581679998,13166.033835240403
2024-08-21 15:30:00,13209.069581679998,13149.246955771949
2024-08-21 16:30:00,13209.069581679998,13159.638634886242
2024-08-21 17:30:00,13209.069581679998,13210.186999329395
2024-08-21 18:30:00,13209.069581679998,13168.934828277768
2024-08-21 19:30:00,13209.069581679998,13192.17030572891
2024-08-22 13:30:00,13209.069581679998,13203.43386799651
2024-08-22 14:30:00,13209.069581679998,13132.433377489233
2024-08-22 15:30:00,13209.069581679998,13134.75700866814
2024-08-22 16:30:00,13261.232590293148,13066.131878292406
2024-08-22 17:30:00,13304.078761990842,13033.464210364582
2024-08-22 18:30:00,13294.585807203188,12980.28851573027
2024-08-22 19:30:00,13294.845113034451,12981.655161285405
2024-08-23 13:30:00,13321.404619186023,13182.804027949942
2024-08-23 14:30:00,13325.43073207448,13112.338348065889
2024-08-23 15:30:00,13329.218148260063,13039.342121192381
2024-08-23 16:30:00,13327.276210724012,13081.171654102463
2024-08-23 17:30:00,13326.449758005749,13097.848400962077
2024-08-23 18:30:00,13324.831611026018,13129.699252041013
2024-08-23 19:30:00,13325.158763685164,13123.547678367011
2024-08-26 13:30:00,13331.025329788954,13012.276198232308
2024-08-26 14:30:00,13326.796595236527,13007.081610182078
2024-08-26 15:30:00,13325.24037105515,13011.319212608534
2024-08-26 16:30:00,13330.61321466751,12996.692434081622
2024-08-26 17:30:00,13334.426325722205,12986.303257981166
2024-08-26 18:30:00,13332.571073675916,12991.361014608292
2024-08-26 19:30:00,13331.11663522292,12995.324954188542
2024-08-27 13:30:00,13342.586978326619,13021.297894439684
2024-08-27 14:30:00,13343.104085868223,13018.563768991467
2024-08-27 15:30:00,13343.416099848795,13017.194620422491
2024-08-27 16:30:00,13336.556753419849,13047.295030491248
2024-08-27 17:30:00,13337.435172253352,13043.44289219573
2024-08-27 18:30:00,13339.554650100261,13034.147533142148
2024-08-27 19:30:00,13339.05613037815,13036.334332897957
2024-08-28 13:30:00,13349.402484686241,12990.95135467693
2024-08-28 14:30:00,13376.517439317708,12862.454967652253
2024-08-28 15:30:00,13375.961490049523,12870.383681150697
2024-08-28 16:30:00,13380.367806719005,12891.161199013663
2024-08-28 17:30:00,13444.14484965076,12824.179714391055
2024-08-28 18:30:00,13367.374953594901,12908.658934411891
2024-08-28 19:30:00,13389.341329770414,12884.599965408297
2024-08-29 13:30:00,13258.067533551271,13005.347855930811
2024-08-29 14:30:00,13249.44523156392,13024.032019887894
2024-08-29 15:30:00,13223.594552884124,13049.731297292832
2024-08-29 16:30:00,13256.338173375338,13017.197123436326
2024-08-29 17:30:00,13320.520925793831,12939.128956190616
2024-08-29 18:30:00,13368.693799479612,12876.671251909853
2024-08-29 19:30:00,13374.791052565908,12868.743372749354
2024-08-30 13:30:00,13288.718141931695,12980.699009999573
2024-08-30 14:30:00,13330.6568662218,12926.42949831838
2024-08-30 15:30:00,13354.998388933464,12894.852310085651
2024-08-30 16:30:00,13331.533966433424,12925.335681271506
2024-08-30 17:30:00,13326.265484129271,12932.170577723075
2024-08-30 18:30:00,13281.78326650509,12989.860040643885
2024-08-30 19:30:00,13255.152556211131,13024.305682734099
2024-09-03 13:30:00,13405.042031905188,12830.740947996414
2024-09-03 14:30:00,13460.832614586441,12751.045821756492
2024-09-03 15:30:00,13468.415480744316,12731.225289517299
2024-09-03 16:30:00,13467.474582734414,12733.685752119309
2024-09-03 17:30:00,13492.837538922491,12644.011944048241
2024-09-03 18:30:00,13493.192408629795,12642.371635646901
2024-09-03 19:30:00,13496.54862877784,12625.967717295547
2024-09-04 13:30:00,13496.54862877784,12615.852204041297
2024-09-04 14:30:00,13540.437135080736,12630.342151145107
2024-09-04 15:30:00,13517.02208108394,12652.213486054949
2024-09-04 16:30:00,13528.056883472897,12634.989413502924
2024-09-04 17:30:00,13530.93134924115,12631.563621897682
2024-09-04 18:30:00,13558.561764880125,12598.628131489273
2024-09-04 19:30:00,13563.599579084468,12592.613389238371
2024-09-05 13:30:00,13479.140820073757,12693.47984085165
2024-09-05 14:30:00,13611.183630094698,12536.566737732739
2024-09-05 15:30:00,13568.716729051053,12587.418801188143
2024-09-05 16:30:00,13598.699737722982,12551.604010528958
2024-09-05 17:30:00,13542.722117444244,12618.585495151568
2024-09-05 18:30:00,13558.538932859847,12599.7211141982
2024-09-05 19:30:00,13552.125770314906,12607.376999188387
2024-09-06 13:30:00,13716.213579187714,12394.127729296664
2024-09-06 14:30:00,13743.577847339318,12303.633767024927
2024-09-06 15:30:00,13743.577847339318,12266.181170978236
2024-09-06 16:30:00,13743.577847339318,12294.884899325809
2024-09-06 17:30:00,13743.577847339318,12270.279438967747
2024-09-06 18:30:00,13743.577847339318,12307.18804667381
2024-09-06 19:30:00,13743.577847339318,12271.91974736909
2024-09-09 13:30:00,13745.954645559446,12381.278090594193
2024-09-09 14:30:00,13749.678067633482,12345.31562211861
2024-09-09 15:30:00,13736.374816696145,12417.147947557798
2024-09-09 16:30:00,13722.071344878663,12442.792158658314
2024-09-09 17:30:00,13765.391388690958,12365.147835089043
2024-09-09 18:30:00,13747.408158883489,12397.40834609934
2024-09-09 19:30:00,13731.399896008894,12426.115411798699
2024-09-10 13:30:00,13696.476168813027,12488.722462571754
2024-09-10 14:30:00,13698.45978844158,12485.169017260809
2024-09-10 15:30:00,13747.600225578271,12397.135517591083
2024-09-10 16:30:00,13708.419140948186,12467.397619016372
2024-09-10 17:30:00,13679.276428157667,12519.616328026914
2024-09-10 18:30:00,13667.349471717896,12540.974545100118
2024-09-10 19:30:00,13667.978611956638,12539.848188873357
2024-09-11 13:30:00,13740.972376920621,12409.165002092874
2024-09-11 14:30:00,13728.681201290536,12431.20320459187
2024-09-11 15:30:00,13646.231097093174,12578.943596335226
2024-09-11 16:30:00,13624.442294529415,12626.787871496208
2024-09-11 17:30:00,13599.421764044839,12716.461679567275
2024-09-11 18:30:00,13596.921119844299,12770.047034132953
2024-09-11 19:30:00,13596.921119844299,12807.22930468522
2024-09-12 13:30:00,13596.921119844299,12864.09277303974
2024-09-12 14:30:00,13596.921119844299,12831.56110219707
2024-09-12 15:30:00,13596.921119844299,12850.971974504904
2024-09-12 16:30:00,13596.921119844299,12909.752751458755
2024-09-12 17:30:00,13596.921119844299,12952.675267077766
2024-09-12 18:30:00,13620.742993496979,12935.452028863687
2024-09-12 19:30:00,13623.451637522046,12938.185319973958
2024-09-13 13:30:00,13632.459709539817,12952.128775723302
2024-09-13 14:30:00,13657.171639036118,12990.406531998338
2024-09-13 15:30:00,13647.768039501514,12975.813126989255
2024-09-13 16:30:00,13676.04062940421,13019.65758603832
2024-09-13 17:30:00,13654.227235239256,12985.756766626682
2024-09-13 18:30:00,13661.271767615242,12996.68659371598
2024-09-13 19:30:00,13661.275529839479,12996.6924340816
2024-09-16 13:30:00,13601.9544131273,12905.867239645399
2024-09-16 14:30:00,13600.159664609318,12902.37052931477
2024-09-16 15:30:00,13593.422555042023,12889.248062104043
2024-09-16 16:30:00,13600.587809412365,12903.19068351544
2024-09-16 17:30:00,13626.132744309749,12934.358211816807
2024-09-16 18:30:00,13618.582761259453,12925.335681271488
2024-09-16 19:30:00,13628.882062956107,12937.63882861949
2024-09-17 13:30:00,13700.935752964853,13023.75835704167
2024-09-17 14:30:00,13682.24954415902,13001.339696439418
2024-09-17 15:30:00,13641.875600840978,12952.948929923969
2024-09-17 16:30:00,13634.560538491229,12944.200062224852
2024-09-17 17:30:00,13624.727508424052,12932.44424056926
2024-09-17 18:30:00,13619.46489757813,12926.15583547216
2024-09-17 19:30:00,13635.714610557017,12945.567542117935
2024-09-18 13:30:00,13646.662884813693,12958.657470148777
2024-09-18 14:30:00,13627.836527498657,12936.135351641251
2024-09-18 15:30:00,13631.151218166846,12940.096788207662
2024-09-18 16:30:00,13649.450710576682,12961.970626131342
2024-09-18 17:30:00,13709.699707207554,13034.057424643985
2024-09-18 18:30:00,13673.330009071928,12990.404028984496
2024-09-18 19:30:00,13585.923629314932,12885.693782455157
2024-09-19 13:30:00,13832.31194935143,13245.755660294562
2024-09-19 14:30:00,13833.073111138927,13249.30993994345
2024-09-19 15:30:00,13836.526893317443,13265.440195448598
2024-09-19 16:30:00,13836.825903108305,13266.837711507726
2024-09-19 17:30:00,13835.708125238316,13261.613087291453
2024-09-19 18:30:00,13829.213907608806,13231.265713190754
2024-09-19 19:30:00,13825.991629890133,13216.229274732481
2024-09-20 13:30:00,13815.819377557875,13168.79465950286
2024-09-20 14:30:00,13787.0065655468,13107.417422861843
2024-09-20 15:30:00,13838.400066640575,13179.867158380885
2024-09-20 16:30:00,13834.456665044947,13171.665616374179
2024-09-20 17:30:00,13814.482394033028,13139.67793387214
2024-09-20 18:30:00,13842.04296166694,13194.619921937605
2024-09-20 19:30:00,13839.445487982575,13189.436180280674
2024-09-23 13:30:00,13854.722117943404,13219.920385804473
2024-09-23 14:30:00,13852.188630278568,13214.861794839404
2024-09-23 15:30:00,13843.01399966277,13196.544739578449
2024-09-23 16:30:00,13835.753639625242,13182.05479247464
2024-09-23 17:30:00,13844.11213619517,13198.731539334254
2024-09-23 18:30:00,13847.125763458576,13204.746281585154
2024-09-23 19:30:00,13847.536644415579,13205.566435785824
2024-09-24 13:30:00,13819.45926218519,13149.520618618135
2024-09-24 14:30:00,13860.594378044096,13231.539376036964
2024-09-24 15:30:00,13884.27708835736,13278.837159843486
2024-09-24 16:30:00,13878.943046536853,13268.174320896824
2024-09-24 17:30:00,13867.127592154227,13252.044065391676
2024-09-24 18:30:00,13871.771751460392,13256.147339408864
2024-09-24 19:30:00,13886.61938452671,13269.268137943698
2024-09-25 13:30:00,13918.839238595068,13306.17674564976
2024-09-25 14:30:00,13909.640394965067,13290.86664434528
2024-09-25 15:30:00,13912.433858150449,13295.513906703098
2024-09-25 16:30:00,13911.28807926043,13277.486366709316
2024-09-25 17:30:00,13923.83480941573,13288.12918154528
2024-09-25 18:30:00,13911.28468334427,13277.469679950402
2024-09-25 19:30:00,13920.309190893993,13285.124730602643
2024-09-26 13:30:00,14083.949547921175,13385.187714774167
2024-09-26 14:30:00,14131.480804017921,13326.817432089627
2024-09-26 15:30:00,14123.365664409615,13325.313955111389
2024-09-26 16:30:00,14108.08214918308,13321.814741766919
2024-09-26 17:30:00,14176.084516919509,13384.641223419705
2024-09-26 18:30:00,14176.63085216797,13384.914051927963
2024-09-26 19:30:00,14171.837854558156,13381.086943770817
2024-09-27 13:30:00,14154.028186135645,13366.870659513212
2024-09-27 14:30:00,14118.023796352585,13338.163593813855
2024-09-27 15:30:00,14104.620310880191,13327.501589205138
2024-09-27 16:30:00,14088.624774824419,13314.788781925772
2024-09-27 17:30:00,14060.903643258469,13292.779781254882
2024-09-27 18:30:00,14086.091803904226,13318.752721506022
2024-09-27 19:30:00,14074.857678880744,13308.363545405566
2024-09-30 13:30:00,14049.40350276382,13284.851902094384
2024-09-30 14:30:00,14078.192018815498,13311.37133369999
2024-09-30 15:30:00,14085.884368903528,13318.479058659817
2024-09-30 16:30:00,14043.607751434944,13279.38365119795
2024-09-30 17:30:00,13989.110104143578,13226.48161940984
2024-09-30 18:30:00,13980.28078607421,13265.14483981581
2024-09-30 19:30:00,13962.467333176292,13343.084519017879
2024-10-01 13:30:00,14008.638262481156,13110.151548310065
2024-10-01 14:30:00,14010.005257332918,13101.539512034053
2024-10-01 15:30:00,14006.603002282878,13139.814765295252
2024-10-01 16:30:00,14052.954071698567,13074.063094804675
2024-10-01 17:30:00,13959.585452348774,13206.660252832702
2024-10-01 18:30:00,13968.5576622468,13193.947445553338
2024-10-01 19:30:00,13996.047068229376,13154.988869514573
2024-10-02 13:30:00,13991.45282920947,13174.94623317687
2024-10-02 14:30:00,13973.467511932853,13206.933915678912
2024-10-02 15:30:00,13968.697013769262,13215.409120531818
2024-10-02 16:30:00,13987.015107770698,13182.874946675316
2024-10-02 17:30:00,13985.785226288539,13185.06174643112
2024-10-02 18:30:00,13976.866155531428,13200.91917342801
2024-10-02 19:30:00,13990.867153949657,13176.040050223748
2024-10-03 13:30:00,14005.317340674963,13150.340772818809
2024-10-03 14:30:00,13994.642743906034,13169.34198519528
2024-10-03 15:30:00,13981.194889396926,13193.264122775772
2024-10-03 16:30:00,14012.164199915302,13138.218676805036
2024-10-03 17:30:00,14009.810795815734,13142.40955630653
2024-10-03 18:30:00,14020.090782932022,13124.105850452705
2024-10-03 19:30:00,13995.851572576199,13167.29118252463
2024-10-04 13:30:00,13931.098191318386,13203.926127384486
2024-10-04 14:30:00,13927.81147132641,13218.963400180706
2024-10-04 15:30:00,13921.833832171791,13246.30298598698
2024-10-04 16:30:00,13916.091881793483,13272.54875474638
2024-10-04 17:30:00,13915.972253017453,13273.095246100846
2024-10-04 18:30:00,13908.90347662494,13305.386627615138
2024-10-04 19:30:00,13903.336065120031,13327.774417713399
2024-10-07 13:30:00,13908.207950963417,13297.154215104441
2024-10-07 14:30:00,13909.946064705093,13286.21854764952
2024-10-07 15:30:00,13910.771382556923,13281.023959599292
2024-10-07 16:30:00,13913.550801227797,13263.527058539008
2024-10-07 17:30:00,13915.677661931391,13250.13009414413
2024-10-07 18:30:00,13917.697473085025,13177.954021471294
2024-10-07 19:30:00,13918.483654990632,13179.320667026428
2024-10-08 13:30:00,13988.808068352704,13301.597064665553
2024-10-08 14:30:00,14006.010758768218,13332.148851562959
2024-10-08 15:30:00,14007.924892530204,13335.566299788747
2024-10-08 16:30:00,13993.615642635856,13310.003853806913
2024-10-08 17:30:00,14008.218988093575,13335.976794058055
2024-10-08 18:30:00,14027.194605586692,13369.877613469695
2024-10-08 19:30:00,14030.269296761699,13378.079155476398
2024-10-09 13:30:00,14054.96383249641,13407.880038222633
2024-10-09 14:30:00,14061.995426570727,13436.569582825128
2024-10-09 15:30:00,14068.444210136362,13453.399847866764
2024-10-09 16:30:00,14070.065074563207,13457.637450293218
2024-10-09 17:30:00,14131.9885491667,13481.39605763634
2024-10-09 18:30:00,14116.83282224024,13466.932809346796
2024-10-09 19:30:00,14134.072837827092,13483.336727698152
2024-10-10 13:30:00,14099.049559831596,13449.900634522293
2024-10-10 14:30:00,14119.866904237115,13469.639401642804
2024-10-10 15:30:00,14144.593425457306,13493.179412444142
2024-10-10 16:30:00,14138.019554249617,13486.89100734704
2024-10-10 17:30:00,14101.676062869237,13452.17003373473
2024-10-10 18:30:00,14108.7369659112,13458.868098763198
2024-10-10 19:30:00,14117.803105903033,13467.48013503921
2024-10-11 13:30:00,14143.948116823916,13492.359258243474
2024-10-11 14:30:00,14124.795203818832,13474.041368644574
2024-10-11 15:30:00,14133.403479821818,13482.243744989224
2024-10-11 16:30:00,14133.116753112485,13481.970082143018
2024-10-11 17:30:00,14144.57247177796,13492.903246584103
2024-10-11 18:30:00,14160.867507968082,13508.489513748626
2024-10-11 19:30:00,14139.212654116682,13487.711161547713
2024-10-14 13:30:00,14241.01896003646,13614.293577324841
2024-10-14 14:30:00,14255.194478041318,13553.845793155386
2024-10-14 15:30:00,14304.498742661583,13590.508271167451
2024-10-14 16:30:00,14299.929525395779,13592.148579568793
2024-10-14 17:30:00,14304.446632296022,13597.069504772813
2024-10-14 18:30:00,14318.617173876404,13612.516437500395
2024-10-14 19:30:00,14308.479327684956,13601.443938622371
2024-10-15 13:30:00,14247.020007299956,13533.094974106682
2024-10-15 14:30:00,14194.619149605927,13455.997141891878
2024-10-15 15:30:00,14196.093288932241,13446.975445684502
2024-10-15 16:30:00,14199.755342761227,13424.556785082248
2024-10-15 17:30:00,14198.46120083079,13432.485498580696
2024-10-15 18:30:00,14205.893211949255,13386.96485459862
2024-10-15 19:30:00,14200.879477601558,13417.72188863068
2024-10-16 13:30:00,14201.68249298875,13412.800963426656
2024-10-16 14:30:00,14203.734340749106,13400.224987570395
2024-10-16 15:30:00,14204.826833896934,13393.526088203982
2024-10-16 16:30:00,14203.912937279016,13399.13117052352
2024-10-16 17:30:00,14197.715663468167,13437.132760938513
2024-10-16 18:30:00,14200.033951874399,13422.93566645366
2024-10-16 19:30:00,14200.260138521604,13421.549831125774
2024-10-17 13:30:00,14189.328805569108,13488.528812734543
2024-10-17 14:30:00,14188.344483578174,13494.54605799928
2024-10-17 15:30:00,14194.088637012026,13513.54727037575
2024-10-17 16:30:00,14198.877924157416,13507.122033855545
2024-10-17 17:30:00,14237.787400977584,13454.904159182948
2024-10-17 18:30:00,14244.086148952436,13446.428119992092
2024-10-17 19:30:00,14253.833507485271,13433.305652781364
2024-10-18 13:30:00,14181.789646514682,13530.360848658467
2024-10-18 14:30:00,14175.87438955429,13538.289562156915
2024-10-18 15:30:00,14200.258892240743,13505.618556877307
2024-10-18 16:30:00,14186.101233302827,13524.61976925378
2024-10-18 17:30:00,14181.003545786944,13531.454665705349
2024-10-18 18:30:00,14185.45577086,13524.893432099985
2024-10-18 19:30:00,14188.479054195444,13519.698844049755
2024-10-21 13:30:00,14178.299995551586,13537.19574511004
2024-10-21 14:30:00,14234.02417184703,13441.545574333577
2024-10-21 15:30:00,14203.697635590079,13493.999566644821
2024-10-21 16:30:00,14192.269228056988,13513.684101798855
2024-10-21 17:30:00,14193.498146016016,13511.570723782277
2024-10-21 18:30:00,14189.726157852216,13518.058535648417
2024-10-21 19:30:00,14173.504857741473,13545.944612809155
2024-10-22 13:30:00,14184.979612750403,13526.262580668958
2024-10-22 14:30:00,14191.272710073417,13520.382166827325
2024-10-22 15:30:00,14215.673241491622,13493.999566644823
2024-10-22 16:30:00,14177.413270721925,13535.418605285598
2024-10-22 17:30:00,14147.175262332898,13568.089610565206
2024-10-22 18:30:00,14150.216269366088,13564.808993762525
2024-10-22 19:30:00,14153.510439536552,13561.254714113638
2024-10-23 13:30:00,14259.675296602956,13483.66462251084
2024-10-23 14:30:00,14297.529115358784,13412.322053445807
2024-10-23 15:30:00,14327.846529563138,13379.391569065072
2024-10-23 16:30:00,14369.683916262245,13333.879268462453
2024-10-23 17:30:00,14408.337205027912,13289.225501606012
2024-10-23 18:30:00,14396.5792336005,13330.37171173853
2024-10-23 19:30:00,14383.283833196152,13351.83338671701
2024-10-24 13:30:00,14351.517171887013,13416.355243075554
2024-10-24 14:30:00,14346.470579619712,13433.852144135835
2024-10-24 15:30:00,14349.312150039406,13424.006956376006
2024-10-24 16:30:00,14343.316579392367,13444.787811590757
2024-10-24 17:30:00,14342.053465881512,13449.162245440315
2024-10-24 18:30:00,14337.23700486945,13465.839826637874
2024-10-24 19:30:00,14338.896346453042,13460.097912895235
2024-10-25 13:30:00,14317.497870683945,13668.426257582934
2024-10-25 14:30:00,14317.497870683945,13630.697495676202
2024-10-25 15:30:00,14333.631603720238,13648.465556568855
2024-10-25 16:30:00,14291.564064818529,13586.407500164107
2024-10-25 17:30:00,14278.396110134398,13566.99913087011
2024-10-25 18:30:00,14269.02391672584,13553.189169192086
2024-10-25 19:30:00,14260.209426638337,13540.203533404463
2024-10-28 13:30:00,14307.170952585238,13609.375155134661
2024-10-28 14:30:00,14290.016597586413,13584.083034647252
2024-10-28 15:30:00,14288.996501110922,13582.579557669014
2024-10-28 16:30:00,14280.092261934207,13569.45625612034
2024-10-28 17:30:00,14278.235097573426,13566.719627658285
2024-10-28 18:30:00,14276.28896289573,13563.852008138749
2024-10-28 19:30:00,14262.279846928532,13543.210487360937
2024-10-29 13:30:00,14282.696453391727,13573.284198615433
2024-10-29 14:30:00,14307.000217534653,13609.09898927462
2024-10-29 15:30:00,14315.34485688817,13621.402136622622
2024-10-29 16:30:00,14337.314623316168,13653.799479056024
2024-10-29 17:30:00,14351.120495296627,13674.167336987626
2024-10-29 18:30:00,14371.035833370666,13703.556891126605
2024-10-29 19:30:00,14350.758486908619,13673.62084563316
2024-10-30 13:30:00,14350.109996331877,13672.663860009387
2024-10-30 14:30:00,14347.05294709324,13668.152594736728
2024-10-30 15:30:00,14332.415841688164,13646.554088335146
2024-10-30 16:30:00,14318.886826634356,13626.596724672849
2024-10-30 17:30:00,14308.690260013323,13611.559451876628
2024-10-30 18:30:00,14297.008379343586,13594.335379324602
2024-10-30 19:30:00,14281.058200273616,13570.823736013419
2024-10-31 13:30:00,14163.979140616011,13313.558133455806
2024-10-31 14:30:00,14163.979140616011,13285.398393448862
2024-10-31 15:30:00,14163.979140616011,13279.109988351756
2024-10-31 16:30:00,14182.03545666275,13267.08050384996
2024-10-31 17:30:00,14185.132762580879,13247.123140187663
2024-10-31 18:30:00,14173.765571980312,13274.189063147734
2024-10-31 19:30:00,14165.51044273912,13229.352576281173
2024-11-01 13:30:00,14159.296601310223,13405.957723595635
2024-11-01 14:30:00,14158.691379649928,13414.167608981797
2024-11-01 15:30:00,14161.735038508705,13372.885401764126
2024-11-01 16:30:00,14160.445856389368,13390.382302824411
2024-11-01 17:30:00,14164.556366177241,13334.609314164982
2024-11-01 18:30:00,14164.717394718202,13332.422514409176
2024-11-01 19:30:00,14165.240827140937,13325.313955111402
2024-11-04 14:30:00,14163.348509241121,13351.015735530174
2024-11-04 15:30:00,14163.590328969965,13347.732615713654
2024-11-04 16:30:00,14166.691300754861,13305.629419957366
2024-11-04 17:30:00,14165.676342091394,13321.213184108046
2024-11-04 18:30:00,14166.807172808847,13318.752721506035
2024-11-04 19:30:00,14171.698883835077,13308.109072332129
2024-11-04 20:30:00,14181.884241777956,13285.944884803326
2024-11-05 14:30:00,14126.741641136467,13405.966066975092
2024-11-05 15:30:00,14117.058317216715,13427.017247684264
2024-11-05 16:30:00,14101.838352624938,13460.097912895233
2024-11-05 17:30:00,14110.018211453145,13442.324845974905
2024-11-05 18:30:00,14111.398427123491,13439.325401059938
2024-11-05 19:30:00,14106.494681613409,13449.982399640981
2024-11-05 20:30:00,14102.845948265573,13457.911113139424
2024-11-06 14:30:00,14014.659201727245,13757.006248607124
2024-11-06 15:30:00,14014.659201727245,13743.336455703988
2024-11-06 16:30:00,14014.659201727245,13758.37289416226
2024-11-06 17:30:00,14014.659201727245,13797.741964470333
2024-11-06 18:30:00,14014.659201727245,13815.239699868565
2024-11-06 19:30:00,14014.659201727245,13826.858690101053
2024-11-06 20:30:00,14014.659201727245,13823.441241875269
2024-11-07 14:30:00,14014.659201727245,13968.341547251302
2024-11-07 15:30:00,14014.659201727245,13996.774115766508
2024-11-07 16:30:00,14014.659201727245,14013.178034117864
2024-11-07 17:30:00,14014.659201727245,14008.80443460625
2024-11-07 18:30:00,14014.659201727245,14016.732313766748
2024-11-07 19:30:00,14014.659201727245,14047.626179221912
2024-11-07 20:30:00,14014.659201727245,14041.610602633067
2024-11-08 14:30:00,14014.659201727245,14030.402106669886
2024-11-08 15:30:00,14014.659201727245,14041.608933957175
2024-11-08 16:30:00,14014.659201727245,14037.51066596766
2024-11-08 17:30:00,14014.659201727245,14056.648709767233
2024-11-08 18:30:00,14014.659201727245,14074.144776489573
2024-11-08 19:30:00,14014.659201727245,14047.626179221912
2024-11-08 20:30:00,14014.659201727245,14056.920703937547
2024-11-11 14:30:00,14014.659201727245,14027.39515271341
2024-11-11 15:30:00,14014.659201727245,14038.850612708535
2024-11-11 16:30:00,14014.659201727245,14016.184988074341
2024-11-11 17:30:00,14014.659201727245,13996.227624412046
2024-11-11 18:30:00,14014.659201727245,14008.532440435936
2024-11-11 19:30:00,14014.659201727245,14030.265275246786
2024-11-11 20:30:00,14014.659201727245,14047.899842068118
2024-11-12 14:30:00,14014.659201727245,14045.712207974368
2024-11-12 15:30:00,14014.659201727245,14019.465604877021
2024-11-12 16:30:00,14014.659201727245,14006.958879070256
2024-11-12 17:30:00,14024.774713614786,13982.557831508906
2024-11-12 18:30:00,14041.54742006759,14027.39515271341
2024-11-12 19:30:00,14040.11845239082,14023.567210218318
2024-11-12 20:30:00,14039.811923528207,14022.746221679701
2024-11-13 14:30:00,14020.110773354265,13969.98185565264
2024-11-13 15:30:00,14033.618372511228,14006.069474820086
2024-11-13 16:30:00,14041.2990793083,14026.62422445154
2024-11-13 17:30:00,14051.282928429815,14053.36809296455
2024-11-13 18:30:00,14045.880031417504,14038.877311522798
2024-11-13 19:30:00,14039.17354280256,14020.902334819599
2024-11-13 20:30:00,14033.328812526292,14005.250154957363
2024-11-14 14:30:00,14020.04730164375,13969.708192806436
2024-11-14 15:30:00,14023.082522333521,13977.817123301164
2024-11-14 16:30:00,14010.944053310672,13945.37556095664
2024-11-14 17:30:00,14018.957993716076,13966.761311182057
2024-11-14 18:30:00,14011.259101115305,13946.19571515731
2024-11-14 19:30:00,14000.399797853843,13917.215820949694
2024-11-14 20:30:00,13996.501793963698,13906.82747918718
2024-11-15 14:30:00,13946.447080386755,13639.101781803722
2024-11-15 15:30:00,13946.447080386755,13633.157958278212
2024-11-15 16:30:00,13946.447080386755,13577.316553907234
2024-11-15 17:30:00,13946.447080386755,13564.262502408057
2024-11-15 18:30:00,13946.447080386755,13529.811854290168
2024-11-15 19:30:00,13946.447080386755,13566.995793518328
2024-11-15 20:30:00,13946.447080386755,13573.010535769228
2024-11-18 14:30:00,13946.447080386755,13681.002233439196
2024-11-18 15:30:00,13946.447080386755,13710.391787578177
2024-11-18 16:30:00,13946.447080386755,13684.829341596347
2024-11-18 17:30:00,13946.447080386755,13678.54177083719
2024-11-18 18:30:00,13946.447080386755,13648.191893722653
2024-11-18 19:30:00,13938.524056136472,13682.096050486076
2024-11-18 20:30:00,13941.549285831834,13669.792903138074
2024-11-19 14:30:00,13945.446613889208,13653.936310479132
2024-11-19 15:30:00,13932.552005609181,13706.427847997933
2024-11-19 16:30:00,13932.201508437438,13707.852062871327
2024-11-19 17:30:00,13925.083209889732,13736.775222098633
2024-11-19 18:30:00,13922.321904862478,13747.983718061814
2024-11-19 19:30:00,13932.674648693808,13752.631814757577
2024-11-19 20:30:00,13931.864220864334,13762.747328011827
2024-11-20 14:30:00,13953.466257916292,13603.357909869934
2024-11-20 15:30:00,13948.4630506604,13632.884295432013
2024-11-20 16:30:00,13941.128182535276,13676.077970883396
2024-11-20 17:30:00,13943.589212563278,13672.527028586292
2024-11-20 18:30:00,13943.613247204776,13637.805220636037
2024-11-20 19:30:00,13943.61855042973,13692.49023261421
2024-11-20 20:30:00,13943.544282986084,13757.27991145334
2024-11-21 14:30:00,13955.366382409868,13612.653268923515
2024-11-21 15:30:00,13942.998442400321,13777.508434948004
2024-11-21 16:30:00,13942.247670953166,13787.079959861629
2024-11-21 17:30:00,13939.571068816847,13821.11761069637
2024-11-21 18:30:00,13957.807767052185,13811.548588796582
2024-11-21 19:30:00,13960.220991351718,13837.10853176458
2024-11-21 20:30:00,13951.367250596584,13805.944340814993
2024-11-22 14:30:00,13946.442759695692,13758.37289416227
2024-11-22 15:30:00,13944.586264255791,13782.158200319658
2024-11-22 16:30:00,13941.57965561953,13820.436790932637
2024-11-22 17:30:00,13940.864075444899,13829.455984126176
2024-11-22 18:30:00,13942.081640705723,13814.145882821696
2024-11-22 19:30:00,13942.319620768401,13811.141431879058
2024-11-22 20:30:00,13940.934994769794,13828.635829925503
2024-11-25 14:30:00,13919.43547051138,13887.142944033149
2024-11-25 15:30:00,13919.66450782629,13888.509589588282
2024-11-25 16:30:00,13906.973418808664,13812.779237266559
2024-11-25 17:30:00,13912.39456049984,13845.039748276857
2024-11-25 18:30:00,13910.467181009995,13833.556755129526
2024-11-25 19:30:00,13910.880332625944,13836.017217731538
2024-11-25 20:30:00,13913.08375168597,13849.14051928021
2024-11-26 14:30:00,13921.984815442716,13902.17938249142
2024-11-26 15:30:00,13921.801600796884,13901.085565444544
2024-11-26 16:30:00,13921.205733479404,13892.219890433023
2024-11-26 17:30:00,13931.821627167992,13903.956522315866
2024-11-26 18:30:00,13909.7095408416,13879.487893380907
2024-11-26 19:30:00,13928.521557235139,13900.265411243876
2024-11-26 20:30:00,13950.02230036839,13924.050717401266
2024-11-27 14:30:00,13827.587048961861,13788.172942570556
2024-11-27 15:30:00,13820.075007313868,13754.818614513382
2024-11-27 16:30:00,13819.983490911134,13754.272123158917
2024-11-27 17:30:00,13829.05904659649,13784.892325767876
2024-11-27 18:30:00,13821.280687149329,13805.944340814993
2024-11-27 19:30:00,13822.192214961198,13803.483878212981
2024-11-27 20:30:00,13818.243492034504,13814.145882821698
2024-11-29 14:30:00,13783.719706755197,13905.733662140312
2024-11-29 15:30:00,13777.641589040131,13933.893402147258
2024-11-29 16:30:00,13778.591570961074,13929.518968297698
2024-12-02 14:30:00,13788.679148247276,14063.483606218808
2024-12-02 15:30:00,13788.859073435511,14064.576588927739
2024-12-02 16:30:00,13793.536049256867,14097.384425630451
2024-12-02 17:30:00,13792.370925357336,14083.214029959863
2024-12-02 18:30:00,13791.040684096926,14067.039554543588
2024-12-02 19:30:00,13793.761926770905,14100.11771674072
2024-12-02 20:30:00,13792.772881980527,14088.088232238924
2024-12-03 14:30:00,13795.170513105872,14064.576588927743
2024-12-03 15:30:00,13806.562297410514,14113.24018395145
2024-12-03 16:30:00,13801.144981168218,14081.253335787356
2024-12-03 17:30:00,13803.97047822281,14097.93008264697
2024-12-03 18:30:00,13804.665259909423,14102.031687988268
2024-12-03 19:30:00,13807.027059389178,14115.97514373761
2024-12-03 20:30:00,13809.80500478936,14132.378227751018
2024-12-04 14:30:00,13824.218980545107,14251.306427213856
2024-12-04 15:30:00,13824.907916734686,14259.234306374356
2024-12-04 16:30:00,13839.940334474995,14267.435848381061
2024-12-04 17:30:00,13831.679477534173,14257.593997973016
2024-12-04 18:30:00,13853.716929700555,14283.842269746252
2024-12-04 19:30:00,13861.97283992204,14293.682451478408
2024-12-04 20:30:00,13871.8334343613,14305.438273133997
2024-12-05 14:30:00,13862.662885996908,14294.50177134113
2024-12-05 15:30:00,13868.510535391822,14301.473499215803
2024-12-05 16:30:00,13884.904203502289,14321.022037284683
2024-12-05 17:30:00,13853.05107370317,14283.019612531745
2024-12-05 18:30:00,13850.298572841604,14279.738995729063
2024-12-05 19:30:00,13837.678826243055,14264.699219919006
2024-12-05 20:30:00,13838.599102091935,14265.79553997972
2024-12-06 14:30:00,13932.690046556718,14377.888842990988
2024-12-06 15:30:00,13924.68042752507,14368.318986753256
2024-12-06 16:30:00,13932.233818663635,14377.341517298577
2024-12-06 17:30:00,13946.420892434195,14394.291927004397
2024-12-06 18:30:00,13924.006203174198,14367.499666890531
2024-12-06 19:30:00,13939.979454979868,14386.5793070339
2024-12-06 20:30:00,13946.662194135932,14394.565589850601
2024-12-09 14:30:00,13890.624419199132,14327.583270890047
2024-12-09 15:30:00,13860.887273001328,14296.689405434883
2024-12-09 16:30:00,13858.627642764222,14293.682451478408
2024-12-09 17:30:00,13867.668492244336,14305.711935980205
2024-12-09 18:30:00,13852.059782152759,14284.933583779293
2024-12-09 19:30:00,13829.757810690993,14255.269532456163
2024-12-09 20:30:00,13849.41073538875,14281.379304130405
2024-12-10 14:30:00,13889.086218643277,14334.144504495413
2024-12-10 15:30:00,13844.161644916325,14274.274082184413
2024-12-10 16:30:00,13847.655791039415,14278.91967586634
2024-12-10 17:30:00,13845.59909149372,14276.184716080175
2024-12-10 18:30:00,13833.67295735243,14260.327289083285
2024-12-10 19:30:00,13792.729628815043,14205.92178031694
2024-12-10 20:30:00,13812.111880608658,14231.621057721874
2024-12-11 14:30:00,13953.1074209533,14418.761390277297
2024-12-11 15:30:00,13989.40147938284,14467.288153877902
2024-12-11 16:30:00,13997.157149347619,14477.677329978358
2024-12-11 17:30:00,14008.581777340336,14492.987431282838
2024-12-11 18:30:00,14009.310941437503,14493.808419821455
2024-12-11 19:30:00,14015.401673954866,14503.920595723923
2024-12-11 20:30:00,14005.691715491108,14487.792843232612
2024-12-12 14:30:00,13977.318136025557,14436.651264510032
2024-12-12 15:30:00,13981.53891352324,14442.68019050601
2024-12-12 16:30:00,13981.445471117808,14442.54669643469
2024-12-12 17:30:00,13987.090580710632,14450.611407018292
2024-12-12 18:30:00,13959.539121067208,14411.24233671022
2024-12-12 19:30:00,13952.067896657643,14400.577829087666
2024-12-12 20:30:00,13947.6629147191,14394.291927004399
2024-12-13 14:30:00,14040.82657813819,14507.20454987839
2024-12-13 15:30:00,14021.402473921175,14437.21861431314
2024-12-13 16:30:00,14021.553697323481,14437.762602653767
2024-12-13 17:30:00,14029.457572304245,14466.195171168974
2024-12-13 18:30:00,14041.191822878709,14508.434364010422
2024-12-13 19:30:00,14042.373234321383,14512.691156209627
2024-12-13 20:30:00,14039.864311249697,14503.6502702295
2024-12-16 14:30:00,14075.786134580221,14637.070919809983
2024-12-16 15:30:00,14082.018515663485,14662.766859863135
2024-12-16 16:30:00,14086.126590579805,14679.717269568955
2024-12-16 17:30:00,14093.226051520167,14720.042491162854
2024-12-16 18:30:00,14093.417417565022,14724.00726508105
2024-12-16 19:30:00,14093.984807661867,14735.763086736642
2024-12-16 20:30:00,14092.942530414517,14714.165414673005
2024-12-17 14:30:00,14087.690197871736,14605.35272846442
2024-12-17 15:30:00,14090.57036596744,14664.954493956888
2024-12-17 16:30:00,14090.557149715241,14664.680831110683
2024-12-17 17:30:00,14089.830979083017,14649.64439265241
2024-12-17 18:30:00,14087.353379930091,14629.959023160429
2024-12-17 19:30:00,14079.956218722507,14620.390835598586
2024-12-17 20:30:00,14103.212082517008,14650.463712515133
2024-12-18 14:30:00,14101.760838365242,14651.83035807027
2024-12-18 15:30:00,14101.759630032808,14651.828689394377
2024-12-18 16:30:00,14096.417592009502,14644.451473278074
2024-12-18 17:30:00,14093.148150593224,14639.937704991575
2024-12-18 18:30:00,13993.224151624076,14502.006624476378
2024-12-18 19:30:00,13953.714876722384,14270.44280233754
2024-12-18 20:30:00,13953.714876722384,14121.989051650566
2024-12-19 14:30:00,13953.714876722384,14131.969402157605
2024-12-19 15:30:00,13953.714876722384,14201.000855112918
2024-12-19 16:30:00,13953.714876722384,14106.952613192292
2024-12-19 17:30:00,13953.714876722384,14155.617876891893
2024-12-19 18:30:00,13953.714876722384,14138.393804339868
2024-12-19 19:30:00,13953.714876722384,14129.097610948342
2024-12-19 20:30:00,13953.714876722384,14057.194366783766
2024-12-20 14:30:00,13953.714876722384,14120.075080403021
2024-12-20 15:30:00,13953.714876722384,14256.773009434402
2024-12-20 16:30:00,13931.291927429174,14347.538965876456
2024-12-20 17:30:00,13972.744869930691,14254.860706862748
2024-12-20 18:30:00,13959.550029277972,14284.386258086888
2024-12-20 19:30:00,13978.49284438653,14242.010233822337
2024-12-20 20:30:00,14005.562347582805,14183.776782560897
2024-12-23 14:30:00,14017.412531539561,14154.599984598084
2024-12-23 15:30:00,13993.800843820232,14212.756676768515
2024-12-23 16:30:00,13983.445997065272,14238.24236365934
2024-12-23 17:30:00,13970.691702381235,14269.623482474817
2024-12-23 18:30:00,13960.398654426232,14294.037879443302
2024-12-23 19:30:00,13971.745855069637,14263.062248869455
2024-12-23 20:30:00,13959.53476658973,14296.415742588684
2024-12-24 14:30:00,13916.66736874915,14413.429970803974
2024-12-24 15:30:00,13903.99533570346,14447.943194267793
2024-12-24 16:30:00,13899.800607507006,14459.360274717412
2024-12-26 14:30:00,13895.982701221976,14469.749450817868
2024-12-26 15:30:00,13895.78152490175,14470.29677651028
2024-12-26 16:30:00,13887.541795717683,14492.713768436643
2024-12-26 17:30:00,13885.530982520697,14498.182019333077
2024-12-26 18:30:00,13892.097345433156,14480.327187294064
2024-12-26 19:30:00,13882.316831974873,14506.930887032193
2024-12-26 20:30:00,13893.077054333107,14477.677329978369
2024-12-27 14:30:00,13995.49211665238,14199.086883865379
2024-12-27 15:30:00,13975.597289347252,14253.492392631726
2024-12-27 16:30:00,14002.117489618993,14181.04349145063
2024-12-27 17:30:00,13989.774967470094,14214.807479439165
2024-12-27 18:30:00,13977.324462087745,14248.845130273907
2024-12-27 19:30:00,13976.323405859692,14251.580090060068
2024-12-27 20:30:00,13963.414058159202,14286.847555026843
2024-12-30 14:30:00,14064.857188523643,14009.897417315193
2024-12-30 15:30:00,14036.877921274849,14089.046052200649
2024-12-30 16:30:00,14000.811377197684,14164.089744393023
2024-12-30 17:30:00,13998.706571334336,14168.466681256417
2024-12-30 18:30:00,14003.176325627868,14159.172156540782
2024-12-30 19:30:00,14015.9290547643,14132.65189059723
2024-12-30 20:30:00,14033.804734457823,14095.470454382908
2024-12-31 14:30:00,14029.204358259363,14105.04197929653
2024-12-31 15:30:00,14065.475892430017,14029.58111813128
2024-12-31 16:30:00,14077.427157523289,14004.702829264961
2024-12-31 17:30:00,14089.941635387819,13975.725438071182
2024-12-31 18:30:00,14095.715948775722,13962.05314215421
2024-12-31 19:30:00,14065.699670605467,14033.13539778017
2024-12-31 20:30:00,14090.077621961715,13975.449272211143
2025-01-02 14:30:00,14074.204166035452,14026.574164174808
2025-01-02 15:30:00,14074.350301259972,14027.391815361641
2025-01-02 16:30:00,14113.820839129547,13935.807373394808
2025-01-02 17:30:00,14138.041839099098,13879.555474754521
2025-01-02 18:30:00,14125.011555253715,13909.83443314367
2025-01-02 19:30:00,14112.771819992948,13938.267835996821
2025-01-02 20:30:00,14108.887150956067,13947.289532204195
2025-01-03 14:30:00,14056.676146850992,14061.295972125063
2025-01-03 15:30:00,14035.520114623027,14119.2557605403
2025-01-03 16:30:00,14030.109191373562,14134.063590401438
2025-01-03 17:30:00,14017.034945286245,14169.833326811555
2025-01-03 18:30:00,14008.603217679798,14192.88608425258
2025-01-03 19:30:00,14011.535915392598,14184.871433945722
2025-01-03 20:30:00,14014.336910786702,14177.215548955537
2025-01-06 14:30:00,13925.327204053498,14420.538530101752
2025-01-06 15:30:00,13922.715335825898,14427.645420723637
2025-01-06 16:30:00,13936.356228533346,14387.45703055284
2025-01-06 17:30:00,13943.925957431433,14361.210427455493
2025-01-06 18:30:00,13958.10261468468,14311.999506739374
2025-01-06 19:30:00,13954.7625628858,14323.618496971863
2025-01-06 20:30:00,13950.00503837227,14340.160081084268
2025-01-07 14:30:00,13982.346122649942,14227.793115226797
2025-01-07 15:30:00,13982.11855078532,14215.763630725
2025-01-07 16:30:00,14013.473758269965,14130.000364605656
2025-01-07 17:30:00,13993.746077315458,14184.047108055329
2025-01-07 18:30:00,14006.131663671345,14150.149625995471
2025-01-07 19:30:00,14037.550510345663,14064.106022326354
2025-01-07 20:30:00,14030.40196822952,14083.71463272733
2025-01-08 14:30:00,14046.853735910037,14038.603648676615
2025-01-08 15:30:00,14036.094380052828,14068.130868576643
2025-01-08 16:30:00,14070.283574470468,13974.356289502224
2025-01-08 17:30:00,14024.015035837134,14101.484362295872
2025-01-08 18:30:00,14015.636597339755,14124.450348590535
2025-01-08 19:30:00,14031.801424371157,14080.16035307844
2025-01-08 20:30:00,14028.910334802653,14088.08823223894
2025-01-10 14:30:00,14105.092528908472,13879.214230534722
2025-01-10 15:30:00,14126.94504155633,13819.066808025736
2025-01-10 16:30:00,14123.174672961146,13829.455984126193
2025-01-10 17:30:00,14087.238450824287,13930.612785344592
2025-01-10 18:30:00,14092.376051723186,13920.223609244136
2025-01-10 19:30:00,14119.548963642832,13865.270774785378
2025-01-10 20:30:00,14119.626216671932,13867.184746032923
2025-01-13 14:30:00,14193.609371629946,13672.390197163204
2025-01-13 15:30:00,14187.569885805704,13696.858826098161
2025-01-13 16:30:00,14172.857548866668,13756.459757252684
2025-01-13 17:30:00,14165.668818977652,13785.575648545457
2025-01-13 18:30:00,14165.73618758312,13785.302820037197
2025-01-13 19:30:00,14166.985080804006,13780.245063410073
2025-01-13 20:30:00,14156.453943288607,13822.894750520827
2025-01-14 14:30:00,14139.792092754511,13871.665975139538
2025-01-14 15:30:00,14152.956109197963,13799.10944436344
2025-01-14 16:30:00,14158.854894337735,13766.575270506935
2025-01-14 17:30:00,14149.092602683959,13820.434287918817
2025-01-14 18:30:00,14144.035575845348,13848.320365079557
2025-01-14 19:30:00,14161.293619516839,13753.178306112055
2025-01-14 20:30:00,14151.136043620443,13809.224957617687
2025-01-15 14:30:00,14125.570527464537,14116.657632177245
2025-01-15 15:30:00,14125.570527464537,14077.69905613848
2025-01-15 16:30:00,14126.11878746854,14074.251571746649
2025-01-15 17:30:00,14141.681676897371,14113.785840967981
2025-01-15 18:30:00,14149.730966983056,14134.240470045943
2025-01-15 19:30:00,14155.775060912807,14149.602300303059
2025-01-15 20:30:00,14144.805117766595,14121.717057480264
2025-01-16 14:30:00,14141.093298163581,14112.284032665633
2025-01-16 15:30:00,14149.646357556208,14134.018536152375
2025-01-16 16:30:00,14152.820071694827,14142.084915411868
2025-01-16 17:30:00,14133.034009250709,14091.79269271806
2025-01-16 18:30:00,14133.137780974086,14092.056343508913
2025-01-16 19:30:00,14129.396096540993,14082.549896955059
2025-01-16 20:30:00,14107.577963359252,14027.121489867224
2025-01-17 14:30:00,14183.776394635654,14217.951264818746
2025-01-17 15:30:00,14207.046088933379,14282.472286839346
2025-01-17 16:30:00,14206.061066412414,14279.738995729074
2025-01-17 17:30:00,14212.85781946517,14298.598370654765
2025-01-17 18:30:00,14207.460459142443,14283.618667176803
2025-01-17 19:30:00,14200.347705332346,14263.881568732184
2025-01-17 20:30:00,14200.742281572715,14264.976220117005
2025-01-21 14:30:00,14211.188192348052,14293.956114324625
2025-01-21 15:30:00,14208.725365647862,14287.121217873055
2025-01-21 16:30:00,14224.193228867462,14330.044567830017
2025-01-21 17:30:00,14237.388072306454,14366.678678351927
2025-01-21 18:30:00,14234.927337097977,14359.84378190036
2025-01-21 19:30:00,14236.010002703697,14362.850735856835
2025-01-21 20:30:00,14229.513636080768,14344.807343442086
2025-01-22 14:30:00,14300.00681890047,14540.558043597632
2025-01-22 15:30:00,14309.338966207295,14566.530983848772
2025-01-22 16:30:00,14313.414754852152,14577.877979910947
2025-01-22 17:30:00,14301.28786745311,14544.112323246518
2025-01-22 18:30:00,14301.975534524508,14546.026294494066
2025-01-22 19:30:00,14300.698552315544,14542.472014845178
2025-01-22 20:30:00,14296.671397168386,14531.263518881999
2025-01-23 14:30:00,14274.999782679328,14470.954234811537
2025-01-23 15:30:00,14286.068759981947,14501.736298981969
2025-01-23 16:30:00,14281.105776851442,14487.929674655727
2025-01-23 17:30:00,14288.526842296556,14508.571195433535
2025-01-23 18:30:00,14285.431370045198,14499.959159157523
2025-01-23 19:30:00,14291.475369227417,14516.77273744024
2025-01-23 20:30:00,14308.572322876425,14564.343349755016
2025-01-24 14:30:00,14298.948411760577,14537.55108964115
2025-01-24 15:30:00,14303.565788287498,14550.401562681564
2025-01-24 16:30:00,14295.41328641987,14527.709239233103
2025-01-24 17:30:00,14285.19465982162,14499.273333366116
2025-01-24 18:30:00,14269.11749499363,14455.532332222323
2025-01-24 19:30:00,14268.312099848428,14453.069366606474
2025-01-24 20:30:00,14277.253661845585,14480.412289764532
2025-01-27 14:30:00,14162.15266170076,14128.278291085626
2025-01-27 15:30:00,14133.532420723686,14024.25136733385
2025-01-27 16:30:00,14136.382121587898,14034.603832564693
2025-01-27 17:30:00,14121.83456723567,13981.737677308252
2025-01-27 18:30:00,14140.365968789667,14048.967794638696
2025-01-27 19:30:00,14126.461401363722,13998.415258505815
2025-01-27 20:30:00,14141.750983465943,14053.913749981091
2025-01-28 14:30:00,14180.547380042019,14194.986947199974
2025-01-28 15:30:00,14169.393873844081,14154.24789398498
2025-01-28 16:30:00,14195.693529903047,14250.185077014781
2025-01-28 17:30:00,14195.701738803325,14250.215113180828
2025-01-28 18:30:00,14197.04571691741,14255.132701033068
2025-01-28 19:30:00,14207.467558941407,14293.27195720911
2025-01-28 20:30:00,14200.416183158604,14267.435848381072
2025-01-29 14:30:00,14187.347467479596,14219.591573220087
2025-01-29 15:30:00,14185.402346817651,14212.481345246422
2025-01-29 16:30:00,14192.09834274312,14236.952477195215
2025-01-29 17:30:00,14185.782579376304,14213.85299682923
2025-01-29 18:30:00,14169.033040197228,14152.637621749685
2025-01-29 19:30:00,14202.60014148859,14275.07838396412
2025-01-29 20:30:00,14192.45003160044,14237.910297156932
2025-01-30 14:30:00,14193.386218427182,14241.334420086285
2025-01-30 15:30:00,14196.63560134286,14253.220398461413
2025-01-30 16:30:00,14191.510052497442,14234.464481440993
2025-01-30 17:30:00,14196.862689541262,14254.039718324137
2025-01-30 18:30:00,14207.397153595575,14292.589468769485
2025-01-30 19:30:00,14221.68660075897,14344.944174865184
2025-01-30 20:30:00,14209.953447151307,14301.88399348512
2025-01-31 14:30:00,14261.52673657226,14486.70987257904
2025-01-31 15:30:00,14265.628863544742,14499.2766707179
2025-01-31 16:30:00,14272.590210979057,14511.851812236217
2025-01-31 17:30:00,14237.649478018793,14432.840008773865
2025-01-31 18:30:00,14208.980779110301,14368.04532390706
2025-01-31 19:30:00,14169.866459899476,14264.06846043203
2025-01-31 20:30:00,14174.7258810706,14278.919675866347
2025-02-03 14:30:00,14126.162353064517,14130.464256503483
2025-02-03 15:30:00,14133.380971660237,14165.596558723046
2025-02-03 16:30:00,14131.467329071285,14155.891539738104
2025-02-03 17:30:00,14133.921759237091,14168.329849833317
2025-02-03 18:30:00,14144.135353233689,14220.138898912495
2025-02-03 19:30:00,14140.082349795288,14199.497378134685
2025-02-03 20:30:00,14133.44212977154,14165.733390146146
2025-02-04 14:30:00,14169.774636639007,14321.022037284689
2025-02-04 15:30:00,14179.149973984928,14349.739949377343
2025-02-04 16:30:00,14153.00747718857,14269.62348247482
2025-02-04 17:30:00,14168.372112144281,14316.646769097186
2025-02-04 18:30:00,14173.906755411012,14333.598847478897
2025-02-04 19:30:00,14167.83829525195,14315.006460695846
2025-02-04 20:30:00,14176.407722191783,14341.25306379319
2025-02-05 14:30:00,14158.384381566362,14286.026566488228
2025-02-05 15:30:00,14166.868588713405,14311.99950673937
2025-02-05 16:30:00,14193.865171690644,14367.499666890537
2025-02-05 17:30:00,14188.712883407616,14357.612762233422
2025-02-05 18:30:00,14195.271287217061,14374.334563342109
2025-02-05 19:30:00,14200.118011963019,14391.558635894133
2025-02-05 20:30:00,14203.578539795732,14403.860114566245
2025-02-06 14:30:00,14210.03774621174,14426.82610086091
2025-02-06 15:30:00,14211.3405299039,14431.460013811597
2025-02-06 16:30:00,14208.054977712947,14419.772607867555
2025-02-06 17:30:00,14216.956915043344,14451.432395556918
2025-02-06 18:30:00,14210.810081540978,14429.559391971185
2025-02-06 19:30:00,14209.542072285069,14425.048961036471
2025-02-06 20:30:00,14224.56934513212,14478.49831851699
2025-02-07 14:30:00,14203.219965690741,14402.493469011115
2025-02-07 15:30:00,14186.168791224767,14341.868805197162
2025-02-07 16:30:00,14182.681545901884,14323.75532839497
2025-02-07 17:30:00,14207.716729673673,14379.252151194354
2025-02-07 18:30:00,14168.185465849941,14291.49481738467
2025-02-07 19:30:00,14167.320570422513,14289.579177461232
2025-02-07 20:30:00,14170.654502128893,14296.963068281104
2025-02-10 14:30:00,14253.159633537582,14479.728132649023
2025-02-10 15:30:00,14251.010130789595,14474.944038868103
2025-02-10 16:30:00,14241.796200006982,14454.439349513395
2025-02-10 17:30:00,14253.310693088219,14480.050187096082
2025-02-10 18:30:00,14255.008839438338,14483.82973799032
2025-02-10 19:30:00,14253.473534414254,14480.412289764536
2025-02-10 20:30:00,14248.13023353149,14468.519636685842
2025-02-11 14:30:00,14246.716566618783,14465.37418263037
2025-02-11 15:30:00,14242.41447119589,14455.802657716747
2025-02-11 16:30:00,14231.59956597287,14431.747026064935
2025-02-11 17:30:00,14228.463278707182,14424.775298190265
2025-02-11 18:30:00,14235.844415632233,14441.180050879566
2025-02-11 19:30:00,14238.610701788457,14447.330790215623
2025-02-11 20:30:00,14232.586766812276,14433.93466015869
2025-02-12 14:30:00,14205.530491622785,14373.787237649705
2025-02-12 15:30:00,14213.333171273536,14354.245374284388
2025-02-12 16:30:00,14236.619171898054,14434.757317373194
2025-02-12 17:30:00,14242.452758620573,14442.957190704008
2025-02-12 18:30:00,14239.13141230296,14435.574968560028
2025-02-12 19:30:00,14246.389605644057,14451.70438972723
2025-02-12 20:30:00,14242.82356561275,14443.776510566733
2025-02-13 14:30:00,14294.828872411425,14559.369026922466
2025-02-13 15:30:00,14306.701364123684,14578.286805504358
2025-02-13 16:30:00,14298.62311448495,14555.596150731793
2025-02-13 17:30:00,14291.13370132054,14540.286049427315
2025-02-13 18:30:00,14317.679788530935,14594.546383391104
2025-02-13 19:30:00,14335.73677105743,14632.28348867729
2025-02-13 20:30:00,14343.247256735307,14650.737375361352
2025-02-14 14:30:00,14352.953209611262,14676.436652766288
2025-02-14 15:30:00,14353.219270504602,14677.37444861731
2025-02-14 16:30:00,14345.894662138797,14651.556695224077
2025-02-14 17:30:00,14356.370535018912,14688.466137268086
2025-02-14 18:30:00,14360.092750159354,14701.588604478813
2025-02-14 19:30:00,14361.410668337006,14706.23586683663
2025-02-14 20:30:00,14363.03889324093,14711.977780579271
2025-02-18 14:30:00,14361.123399392372,14678.350624013836
2025-02-18 15:30:00,14369.16772260899,14722.366956679725
2025-02-18 16:30:00,14365.172158823694,14700.495621769882
2025-02-18 17:30:00,14363.973283035479,14693.93438816452
2025-02-18 18:30:00,14362.474294417647,14685.731177481925
2025-02-18 19:30:00,14364.72263932069,14698.034324829927
2025-02-18 20:30:00,14373.165266824679,14744.23829158957
2025-02-19 14:30:00,14362.803600836969,14687.50831730637
2025-02-19 15:30:00,14370.872570931266,14731.663150071256
2025-02-19 16:30:00,14371.14721059938,14733.166627049495
2025-02-19 17:30:00,14374.185885014569,14749.80165701182
2025-02-19 18:30:00,14377.638890042537,14768.707754862477
2025-02-19 19:30:00,14370.824254425552,14731.389487225051
2025-02-19 20:30:00,14374.469869228747,14751.346850887348
2025-02-20 14:30:00,14356.358302085346,14647.456758558677
2025-02-20 15:30:00,14356.358302085346,14628.0450519129
2025-02-20 16:30:00,14356.358302085346,14641.988507662247
2025-02-20 17:30:00,14356.358302085346,14619.022521367582
2025-02-20 18:30:00,14363.06454984037,14651.149538306561
2025-02-20 19:30:00,14355.518486165318,14657.845934659137
2025-02-20 20:30:00,14323.165073234071,14686.552166020549
2025-02-21 14:30:00,14412.73925035002,14599.887814919794
2025-02-21 15:30:00,14420.344319460346,14591.434302853475
2025-02-21 16:30:00,14459.435027771353,14547.965295879994
2025-02-21 17:30:00,14537.38172244534,14461.112384403501
2025-02-21 18:30:00,14590.011733832791,14383.08343104124
2025-02-21 19:30:00,14583.553567293387,14397.572543807102
2025-02-21 20:30:00,14590.135742956749,14383.355425211552
2025-02-24 14:30:00,14617.441087422065,14268.2568369197
2025-02-24 15:30:00,14617.441087422065,14326.62711960424
2025-02-24 16:30:00,14594.475706070727,14350.41242576163
2025-02-24 17:30:00,14577.939140385955,14363.398061549255
2025-02-24 18:30:00,14645.150073563962,14310.63286118425
2025-02-24 19:30:00,14681.93226379185,14278.372350173951
2025-02-24 20:30:00,14754.82405485946,14211.937356905808
2025-02-25 14:30:00,14948.512941565627,13965.196927533812
2025-02-25 15:30:00,14949.491849312528,13959.606028959353
2025-02-25 16:30:00,14937.558739687362,14061.843297817495
2025-02-25 17:30:00,14944.819110601615,14049.266487623287
2025-02-25 18:30:00,14959.81071762665,14023.293547372146
2025-02-25 19:30:00,14925.103646866193,14083.440969881134
2025-02-25 20:30:00,14955.098394348932,14031.495089378854
2025-02-26 14:30:00,14901.139261727116,14124.99767428296
2025-02-26 15:30:00,14869.55137261658,14179.676845895512
2025-02-26 16:30:00,14864.51334856214,14188.392340076798
2025-02-26 17:30:00,14943.59974775668,14051.590953140145
2025-02-26 18:30:00,14961.196345579247,14021.105913278398
2025-02-26 19:30:00,14952.283094048546,14036.552846005981
2025-02-26 20:30:00,14935.479141270767,14065.669571636701
2025-02-27 14:30:00,14963.871861429074,14023.70404164146
2025-02-27 15:30:00,14983.025706072975,13983.104322863408
2025-02-27 16:30:00,14986.247217220554,13976.26942641184
2025-02-27 17:30:00,14974.603705705578,14000.976675999282
2025-02-27 18:30:00,15035.498450045669,13871.832842728703
2025-02-27 19:30:00,15100.922578541571,13732.673616757367
2025-02-27 20:30:00,15126.164362413263,13678.814599345484
2025-02-28 14:30:00,15074.208237580133,13783.528183226608
2025-02-28 15:30:00,15123.892432935467,13704.241048242158
2025-02-28 16:30:00,15098.89791829625,13744.156609904696
2025-02-28 17:30:00,15141.956879881991,13673.347182786994
2025-02-28 18:30:00,15136.870175739252,13682.642541840574
2025-02-28 19:30:00,15079.487280649875,13790.36057666434
2025-02-28 20:30:00,15030.84426427216,13893.977840484753
2025-03-03 14:30:00,15019.088558558185,13918.960421594289
2025-03-03 15:30:00,15041.4062239303,13871.559179882497
2025-03-03 16:30:00,15024.176208201392,13908.194124742353
2025-03-03 17:30:00,15104.499454739864,13737.551156388206
2025-03-03 18:30:00,15095.120762808483,13757.552739961628
2025-03-03 19:30:00,15291.318647407335,13536.252943231379
2025-03-03 20:30:00,15222.887495908699,13596.523013418391
2025-03-04 14:30:00,15292.395785310058,13391.202457025112
2025-03-04 15:30:00,15293.882126284765,13379.44663536952
2025-03-04 16:30:00,15272.612870178977,13547.719249619797
2025-03-04 17:30:00,15294.140735310424,13535.00894535427
2025-03-04 18:30:00,15238.645070977747,13658.583572836978
2025-03-04 19:30:00,15203.698310905114,13730.76047984776
2025-03-04 20:30:00,15261.861180025018,13547.03842985607
2025-03-05 14:30:00,15274.6408260618,13506.583885880576
2025-03-05 15:30:00,15280.686345780225,13487.437498701547
2025-03-05 16:30:00,15244.782937961245,13601.170275776209
2025-03-05 17:30:00,15238.290820041373,13621.708338648747
2025-03-05 18:30:00,15209.948508585396,13711.348773201986
2025-03-05 19:30:00,15198.785714046873,13746.617072506706
2025-03-05 20:30:00,15205.105319896094,13726.658874506464
2025-03-06 14:30:00,15246.56177245314,13595.702859217721
2025-03-06 15:30:00,15256.413285964103,13564.535330916351
2025-03-06 16:30:00,15310.187515388465,13394.346242404696
2025-03-06 17:30:00,15314.455050635539,13380.81328092466
2025-03-06 18:30:00,15336.867147901285,13309.73019096075
2025-03-06 19:30:00,15320.933154452796,13360.308591569954
2025-03-06 20:30:00,15324.035500784299,13350.466741161908
2025-03-07 14:30:00,15343.904427167967,13334.472482741914
2025-03-07 15:30:00,15384.44595794119,13209.120715434763
2025-03-07 16:30:00,15383.710666430343,13211.85484088298
2025-03-07 17:30:00,15351.653078460413,13331.055034516128
2025-03-07 18:30:00,15307.842277792108,13463.105701189692
2025-03-07 19:30:00,15316.099635071543,13446.018460060772
2025-03-07 20:30:00,15316.165727295273,13445.881628637668
2025-03-10 13:30:00,15493.943665528099,13076.523557406736
2025-03-10 14:30:00,15515.385915762414,13053.285576941758
2025-03-10 15:30:00,15529.380458756963,13017.743614790828
2025-03-10 16:30:00,15544.480611689865,12969.079185429175
2025-03-10 17:30:00,15559.160742030184,12919.594601866851
2025-03-10 18:30:00,15559.696284490808,12921.508573114397
2025-03-10 19:30:00,15555.941407942344,12939.825628375354
2025-03-11 13:30:00,15574.889515370218,12847.418529194014
2025-03-11 14:30:00,15560.028769958008,12919.993415404917
2025-03-11 15:30:00,15566.443426420903,12888.700736411689
2025-03-11 16:30:00,15590.082456955135,12773.327650935684
2025-03-11 17:30:00,15549.48490026458,12971.81331087739
2025-03-11 18:30:00,15540.842581394607,12999.426559529875
2025-03-11 19:30:00,15558.79662244309,12895.262804354996
2025-03-12 13:30:00,15531.14882229115,13056.018868052028
2025-03-12 14:30:00,15543.533600347699,12984.252455310554
2025-03-12 15:30:00,15525.389874193705,13087.732887707862
2025-03-12 16:30:00,15521.2429370535,13102.496497657876
2025-03-12 17:30:00,15532.456856022533,13062.580935995338
2025-03-12 18:30:00,15536.449034362697,13048.363817399788
2025-03-12 19:30:00,15537.907419753983,13043.16922934956
2025-03-13 13:30:00,15562.621302361302,12955.135729679832
2025-03-13 14:30:00,15584.96957504269,12875.44143777786
2025-03-13 15:30:00,15594.73491027956,12840.583632742444
2025-03-13 16:30:00,15610.35284163723,12784.810644083016
2025-03-13 17:30:00,15590.1555362436,12856.986716755853
2025-03-13 18:30:00,15602.713516841084,12812.150229889292
2025-03-13 19:30:00,15604.856384515548,12804.495179237052
2025-03-14 13:30:00,15561.39076375342,12959.783826375593
2025-03-14 14:30:00,15529.97445304251,13071.807879337364
2025-03-14 15:30:00,15535.636823238592,13051.645268540413
2025-03-14 16:30:00,15528.421615144867,13077.343711607404
2025-03-14 17:30:00,15532.183980538919,13063.94758155047
2025-03-14 18:30:00,15525.479582486956,13087.822996206
2025-03-14 19:30:00,15518.286184627903,13113.432165112792
2025-03-17 13:30:00,15511.178700682969,13121.907369965704
2025-03-17 14:30:00,15514.367850426148,13098.532558077623
2025-03-17 15:30:00,15515.72893677617,13088.553041908528
2025-03-17 16:30:00,15507.247099772934,13150.751267088162
2025-03-17 17:30:00,15492.936123699552,13255.598345040607
2025-03-17 18:30:00,15492.961901230121,13255.40978466487
2025-03-17 19:30:00,15491.436672658585,13197.638556625372
2025-03-18 13:30:00,15509.925043457337,12978.36953845508
2025-03-18 14:30:00,15512.82996842465,12957.323363773583
2025-03-18 15:30:00,15520.398196717739,13009.50119022478
2025-03-18 16:30:00,15518.049595785324,12977.046278473123
2025-03-18 17:30:00,15518.016694719927,12976.59740465831
2025-03-18 18:30:00,15518.477696588565,12982.885809755413
2025-03-18 19:30:00,15518.147792150605,12978.374544482753
2025-03-19 13:30:00,15525.277979819,13075.70340320606
2025-03-19 14:30:00,15526.45526819193,13092.408517555828
2025-03-19 15:30:00,15527.993904114956,13114.389150736564
2025-03-19 16:30:00,15523.48923345594,13049.457634446659
2025-03-19 17:30:00,15526.334524117477,13089.406569627026
2025-03-19 18:30:00,15523.951725556459,13146.649661746864
2025-03-19 19:30:00,15523.618779655972,13144.59969341416
2025-03-20 13:30:00,15535.056179385603,13214.998626262553
2025-03-20 14:30:00,15533.232507877317,13203.653298876272
2025-03-20 15:30:00,15516.812271251296,13101.6763434572
2025-03-20 16:30:00,15511.670987866331,13070.235986647574
2025-03-20 17:30:00,15509.245286958758,13055.472376697559
2025-03-20 18:30:00,15511.676392238174,13070.235986647574
2025-03-20 19:30:00,15517.426107333606,13105.230623106088
2025-03-21 13:30:00,15503.172170028729,13018.017277637031
2025-03-21 14:30:00,15500.184025475315,12999.973050884335
2025-03-21 15:30:00,15513.75788989176,13081.718145456958
2025-03-21 16:30:00,15516.09108425057,13066.95536984489
2025-03-21 17:30:00,15516.575259053252,13079.394514278047
2025-03-21 18:30:00,15516.511712812338,13077.74586249725
2025-03-21 19:30:00,15519.461221431373,13154.168715313945
2025-03-24 13:30:00,15542.546350004943,13388.490024363482
2025-03-24 14:30:00,15542.648977834227,13399.403999031814
2025-03-24 15:30:00,15542.542113818283,13387.921840222427
2025-03-24 16:30:00,15542.544688536946,13388.195503068631
2025-03-24 17:30:00,15542.529259889177,13386.55519466729
2025-03-24 18:30:00,15542.753327726015,13410.340500824677
2025-03-24 19:30:00,15542.745773767465,13409.520346624007
2025-03-25 13:30:00,15543.29254729724,13468.838437214918
2025-03-25 14:30:00,15543.406719622551,13481.970082143049
2025-03-25 15:30:00,15543.167485581851,13454.083170644362
2025-03-25 16:30:00,15543.025173272295,13437.956252490994
2025-03-25 17:30:00,15543.174686950138,13454.630496336773
2025-03-25 18:30:00,15543.196917300413,13457.151031270878
2025-03-25 19:30:00,15543.494630337362,13490.991778350422
2025-03-26 13:30:00,15542.365541154784,13358.145987614562
2025-03-26 14:30:00,15542.30005061252,13351.374500846869
2025-03-26 15:30:00,15541.870850515848,13307.269728358728
2025-03-26 16:30:00,15541.295280315633,13250.40375699037
2025-03-26 17:30:00,15541.402759922612,13260.51927024462
2025-03-26 18:30:00,15540.898693144263,13212.674995083635
2025-03-26 19:30:00,15541.23728487068,13243.568860538799
2025-03-27 13:30:00,15541.31908541776,13251.223911191038
2025-03-27 14:30:00,15541.400366482434,13258.878961843277
2025-03-27 15:30:00,15541.023959801838,13223.201002607193
2025-03-27 16:30:00,15540.535250038498,13178.226849979585
2025-03-27 17:30:00,15540.88021608723,13208.847886926489
2025-03-27 18:30:00,15541.261932004774,13243.568860538799
2025-03-27 19:30:00,15540.441000918212,13166.7446911702
2025-03-28 13:30:00,15565.960178483168,12937.43358148488
2025-03-28 14:30:00,15569.062877994702,12914.673676662816
2025-03-28 15:30:00,15578.116459686378,12848.238683394673
2025-03-28 16:30:00,15582.434136163889,12816.524663738837
2025-03-28 17:30:00,15580.313601056583,12832.107593551576
2025-03-28 18:30:00,15581.802074598441,12821.171926096655
2025-03-28 19:30:00,15581.764831838309,12821.44558894286
2025-03-31 13:30:00,15617.576160627566,12558.30207555745
2025-03-31 14:30:00,15605.837238226812,12643.191789847599
2025-03-31 15:30:00,15572.9401113531,12707.712811868194
2025-03-31 16:30:00,15586.544545590408,12681.056548839486
2025-03-31 17:30:00,15543.795296412389,12764.85244608276
2025-03-31 18:30:00,15545.331281304114,12761.845492126282
2025-03-31 19:30:00,15514.015881248146,12820.349268882142
2025-04-01 13:30:00,15544.31767260819,12745.304742351824
2025-04-01 14:30:00,15480.038916302556,12896.336597291158
2025-04-01 15:30:00,15480.695347825746,12891.489928164307
2025-04-01 16:30:00,15483.3516874642,12869.836355458305
2025-04-01 17:30:00,15485.566070823474,12791.098214842159
2025-04-01 18:30:00,15484.259522861095,12837.575844448005
2025-04-01 19:30:00,15481.89946484709,12921.508573114379
2025-04-02 13:30:00,15481.987222996013,12918.388983535227
2025-04-02 14:30:00,15472.792594225877,12982.885809755398
2025-04-02 15:30:00,15461.235696695221,13029.499436446404
2025-04-02 16:30:00,15450.372555344049,13073.242940604036
2025-04-02 17:30:00,15486.507424684292,12927.960508448848
2025-04-02 18:30:00,15473.423437676616,12980.83500708475
2025-04-02 19:30:00,15464.069961827921,13018.563768991484
2025-04-03 13:30:00,15598.517866252809,12476.966640916187
2025-04-03 14:30:00,15620.274536778368,12411.625464694918
2025-04-03 15:30:00,15604.86593973864,12509.774477618897
2025-04-03 16:30:00,15626.542388108828,12425.568086106316
2025-04-03 17:30:00,15637.236097124867,12384.012216042436
2025-04-03 18:30:00,15646.239881322712,12349.017579583922
2025-04-03 19:30:00,15650.741249989565,12331.519844185692
2025-04-04 13:30:00,15743.137528063247,11821.36390725797
2025-04-04 14:30:00,15741.531014969525,11837.22884329637
2025-04-04 15:30:00,15753.244530706394,11721.573751594706
2025-04-04 16:30:00,15756.383196864535,11690.543889054386
2025-04-04 17:30:00,15760.12904997263,11653.498449925222
2025-04-04 18:30:00,15754.51953079481,11708.997775738444
2025-04-04 19:30:00,15768.562455572399,11570.14558613114
2025-04-07 13:30:00,15785.873168574119,11467.315937331517
2025-04-07 14:30:00,15788.254223082215,11348.968437078922
2025-04-07 15:30:00,15785.511374512813,11485.36016408421
2025-04-07 16:30:00,15782.408886872381,11639.554994175878
2025-04-07 17:30:00,15782.915257064591,11614.403042463355
2025-04-07 18:30:00,15785.149715838908,11503.40439083691
2025-04-07 19:30:00,15783.38932265906,11590.890564814224
2025-04-08 13:30:00,15773.800158178237,12067.283348091356
2025-04-08 14:30:00,15777.822012993096,11867.840702525877
2025-04-08 15:30:00,15778.653868821728,11826.557660970257
2025-04-08 16:30:00,15784.101343494018,11556.169591201919
2025-04-08 17:30:00,15784.104097368325,11556.032759778815
2025-04-08 18:30:00,15787.264267232387,11399.013695740792
2025-04-08 19:30:00,15787.65014863028,11379.828929016256
2025-04-09 13:30:00,15784.8788158426,11517.620675094513
2025-04-09 14:30:00,15785.55551432686,11483.992684191133
2025-04-09 15:30:00,15784.757883329885,11523.635417345413
2025-04-09 16:30:00,15772.80434527671,12144.51717739132
2025-04-09 17:30:00,15772.80434527671,12563.359832184577
2025-04-09 18:30:00,15772.80434527671,12637.177047596702
2025-04-09 19:30:00,15772.80434527671,12717.281833767984
2025-04-10 13:30:00,15772.80434527671,12306.87600428213
2025-04-10 14:30:00,15772.80434527671,12190.448315642701
2025-04-10 15:30:00,15729.801345306847,11885.884929278573
2025-04-10 16:30:00,15762.351278411239,12069.470147847163
2025-04-10 17:30:00,15800.985010912005,12287.503511519806
2025-04-10 18:30:00,15773.731185087125,12133.581509936397
2025-04-10 19:30:00,15785.209817115796,12198.376194803202
2025-04-11 13:30:00,15765.404979085748,12086.557388976085
2025-04-11 14:30:00,15778.387081139488,12159.827278695797
2025-04-11 15:30:00,15795.94255821995,12258.933277243546
2025-04-11 16:30:00,15804.626967006954,12307.975661694623
2025-04-11 17:30:00,15818.718577269905,12387.566495691326
2025-04-11 18:30:00,15826.21929165724,12429.942519955877
2025-04-11 19:30:00,15824.235477943233,12418.73318965475
2025-04-14 13:30:00,15861.030087218589,12635.263076349152
2025-04-14 14:30:00,15840.975065762052,12510.59463181957
2025-04-14 15:30:00,15827.201381113784,12425.021594751854
2025-04-14 16:30:00,15832.396006154293,12457.282105762151
2025-04-14 17:30:00,15846.500532709204,12544.889258741601
2025-04-14 18:30:00,15850.836598405815,12571.832534023648
2025-04-14 19:30:00,15840.102685087792,12505.126380923135
2025-04-15 13:30:00,15843.535181468074,12526.451224478513
2025-04-15 14:30:00,15847.97944204593,12554.064473130995
2025-04-15 15:30:00,15854.006957453857,12591.51957219152
2025-04-15 16:30:00,15838.830657049732,12497.197667424689
2025-04-15 17:30:00,15838.258665394185,12493.644222113746
2025-04-15 18:30:00,15842.879530377944,12522.350453475157
2025-04-15 19:30:00,15842.70348082103,12521.256636428281
2025-04-16 13:30:00,15806.920927804613,12298.936444390387
2025-04-16 14:30:00,15816.311110877501,12357.219121590626
2025-04-16 15:30:00,15803.89298670432,12280.122123713765
2025-04-16 16:30:00,15803.936947133378,12280.394952222026
2025-04-16 17:30:00,15778.517258840848,12122.50901105837
2025-04-16 18:30:00,15757.799725711571,11979.933171199193
2025-04-16 19:30:00,15781.818129175728,12145.064503083724
2025-04-17 13:30:00,15776.143174722727,12106.004137815578
2025-04-17 14:30:00,15777.891364599818,12118.033622317374
2025-04-17 15:30:00,15788.136072361014,12188.53434439515
2025-04-17 16:30:00,15780.730248570779,12137.54544951664
2025-04-17 17:30:00,15791.47292185699,12211.482809592953
2025-04-17 18:30:00,15781.152570301128,12140.416406387962
2025-04-17 19:30:00,15780.993648026382,12139.322589341085
2025-04-21 13:30:00,15738.490775421273,11846.789521816701
2025-04-21 14:30:00,15732.958250289981,11808.787097063761
2025-04-21 15:30:00,15727.982928679221,11774.620958185371
2025-04-21 16:30:00,15721.72968854127,11731.689264848952
2025-04-21 17:30:00,15722.0882958849,11734.150561788912
2025-04-21 18:30:00,15724.316121524982,11749.44147332064
2025-04-21 19:30:00,15738.298643904824,11845.422041923617
2025-04-22 13:30:00,15761.382815414958,12080.54264672518
2025-04-22 14:30:00,15758.701405518741,12129.207076086837
2025-04-22 15:30:00,15772.467834812953,12224.075472208133
2025-04-22 16:30:00,15749.909097106973,12068.516499575167
2025-04-22 17:30:00,15758.28308396359,12126.20012213036
2025-04-22 18:30:00,15751.320356495935,12078.219015546274
2025-04-22 19:30:00,15761.619013665526,12149.16527408708
2025-04-23 13:30:00,15830.878189033498,12626.514208650035
2025-04-23 14:30:00,15812.754583579912,12503.212409675585
2025-04-23 15:30:00,15802.858856464114,12453.454997605002
2025-04-23 16:30:00,15813.517328367026,12507.040352170678
2025-04-23 17:30:00,15807.536346786723,12476.966640916185
2025-04-23 18:30:00,15794.703522025151,12412.445618895586
2025-04-23 19:30:00,15796.552635943339,12421.740977949166
2025-04-24 13:30:00,15842.779808712508,12654.127457302515
2025-04-24 14:30:00,15843.48572943628,12657.678399599621
2025-04-24 15:30:00,15854.003117170034,12710.583768739512
2025-04-24 16:30:00,15857.345114273807,12727.397347022226
2025-04-24 17:30:00,15861.5535629415,12748.448527731402
2025-04-24 18:30:00,15856.672083553762,12720.015959216196
2025-04-24 19:30:00,15865.802403669875,12773.190819512563
2025-04-25 13:30:00,15861.179459980958,12746.261727975596
2025-04-25 14:30:00,15870.238588014605,12799.026928340601
2025-04-25 15:30:00,15878.732870227468,12848.511511902927
2025-04-25 16:30:00,15892.668561303304,12929.710115121086
2025-04-25 17:30:00,15885.74961528062,12889.38405918924
2025-04-25 18:30:00,15885.65583750101,12888.837567834775
2025-04-25 19:30:00,15890.886786563799,12919.32093902063
2025-04-28 13:30:00,15886.336544441758,12892.801507415024
2025-04-28 14:30:00,15866.937092774815,12779.749550104094
2025-04-28 15:30:00,15862.737065139805,12755.283424182975
2025-04-28 16:30:00,15861.892230392437,12750.362498978951
2025-04-28 17:30:00,15877.100096983077,12838.942490003143
2025-04-28 18:30:00,15888.455557914607,12905.104654763029
2025-04-28 19:30:00,15890.425927215823,12916.587647910363
2025-04-29 13:30:00,15887.376653941787,12898.816249665926
2025-04-29 14:30:00,15893.897644596706,12936.818674418864
2025-04-29 15:30:00,15895.492457070459,12946.114033472442
2025-04-29 16:30:00,15894.507487917173,12940.372954067752
2025-04-29 17:30:00,15907.40668211028,13015.55681503501
2025-04-29 18:30:00,15904.733711344123,12999.973050884324
2025-04-29 19:30:00,15904.358604563053,12997.786251128518
2025-04-30 13:30:00,15865.584900508527,12777.975747631432
2025-04-30 14:30:00,15875.467764677169,12846.324712147123
2025-04-30 15:30:00,15872.879644020411,12828.417316817531
2025-04-30 16:30:00,15899.276960763618,12874.484452154069
2025-04-30 17:30:00,15903.650071353197,12900.456558067264
2025-04-30 18:30:00,15899.986804300754,12889.248062104083
2025-04-30 19:30:00,15935.643682219186,12998.332742482982
2025-05-01 13:30:00,16009.932303993852,13236.460301241023
2025-05-01 14:30:00,16017.33825225501,13287.585193204688
2025-05-01 15:30:00,16005.970016227244,13215.135457685645
2025-05-01 16:30:00,16011.216349572454,13236.733964087229
2025-05-01 17:30:00,16017.138669124719,13247.39930604773
2025-05-01 18:30:00,16017.625257045223,13248.763448589025
2025-05-01 19:30:00,15984.566197985618,13156.081852223535
2025-05-02 13:30:00,16056.484632898177,13359.351605946164
2025-05-02 14:30:00,16048.376965619915,13332.6961772554
2025-05-02 15:30:00,16064.929397762331,13387.101686021748
2025-05-02 16:30:00,16062.103563679491,13377.808829982005
2025-05-02 17:30:00,16069.33622772636,13401.591633125558
2025-05-02 18:30:00,16064.84741855744,13386.828023175542
2025-05-02 19:30:00,16058.279582322666,13365.229516773958
2025-05-05 13:30:00,16033.45850451402,13283.621253624437
2025-05-05 14:30:00,16040.823286454455,13307.817054051135
2025-05-05 15:30:00,16048.062233831373,13331.60486322236
2025-05-05 16:30:00,16047.811944250094,13330.782206007852
2025-05-05 17:30:00,16053.842548248902,13350.603572584994
2025-05-05 18:30:00,16043.987567354141,13318.20623015159
2025-05-05 19:30:00,16034.087950327319,13285.672056295089
2025-05-06 13:30:00,16004.456038487311,13179.183835603357
2025-05-06 14:30:00,16007.96345167288,13206.11376147827
2025-05-06 15:30:00,16005.438940122925,13183.14527216977
2025-05-06 16:30:00,16003.601524175316,13166.47102832399
2025-05-06 17:30:00,16007.042426033393,13197.638556625358
2025-05-06 18:30:00,16008.456097206263,13210.488195327825
2025-05-06 19:30:00,16003.01981202885,13161.003611765498
2025-05-07 13:30:00,16010.534219477733,13229.02718448235
2025-05-07 14:30:00,15998.940854418586,13123.277352872605
2025-05-07 15:30:00,15998.910218533794,13123.001187012562
2025-05-07 16:30:00,16005.249079204297,13180.140821227127
2025-05-07 17:30:00,15996.281541150533,13096.755418253164
2025-05-07 18:30:00,15996.40602794632,13097.438741030732
2025-05-07 19:30:00,16019.546437107116,13214.315303484971
2025-05-08 13:30:00,16043.39835512029,13308.774039674905
2025-05-08 14:30:00,16074.934068477764,13361.53924003991
2025-05-08 15:30:00,16097.494437754716,13434.153340134266
2025-05-08 16:30:00,16101.601507854362,13445.881628637646
2025-05-08 17:30:00,16094.04076245875,13424.288962601684
2025-05-08 18:30:00,16106.102854455727,13458.731267340114
2025-05-08 19:30:00,16067.43146518059,13348.279107068132
2025-05-09 13:30:00,16065.13317369978,13341.720376476607
2025-05-09 14:30:00,16065.0363955513,13341.444210616564
2025-05-09 15:30:00,16057.37102355027,13319.570372692884
2025-05-09 16:30:00,16058.234280441604,13322.033338308735
2025-05-09 17:30:00,16062.450473105773,13334.062822810532
2025-05-09 18:30:00,16070.25838840741,13356.342148975846
2025-05-09 19:30:00,16065.70886685654,13343.358181864114
2025-05-12 13:30:00,16218.330112270016,13743.336455704006
2025-05-12 14:30:00,16226.980700146865,13772.975476888763
2025-05-12 15:30:00,16233.325535008758,13797.46913596209
2025-05-12 16:30:00,16246.637239887039,13848.866856434017
2025-05-12 17:30:00,16250.81354838352,13864.997946277112
2025-05-12 18:30:00,16243.80683063961,13837.931188979095
2025-05-12 19:30:00,16255.416043634956,13882.768510183603
2025-05-13 13:30:00,16296.577358906754,14056.10138407484
2025-05-13 14:30:00,16303.709132785983,14100.52821101004
2025-05-13 15:30:00,16306.362784637013,14117.068126446553
2025-05-13 16:30:00,16307.722258925709,14125.543331299461
2025-05-13 17:30:00,16306.253465030737,14116.38563800693
2025-05-13 18:30:00,16308.24866250095,14128.823948102143
2025-05-13 19:30:00,16302.943236797562,14095.744117229118
2025-05-14 13:30:00,16311.080780481218,14146.048020654165
2025-05-14 14:30:00,16314.140470554321,14166.007052992352
2025-05-14 15:30:00,16315.229644818814,14173.113943614237
2025-05-14 16:30:00,16308.195075203907,14127.208669839172
2025-05-14 17:30:00,16311.293435030668,14147.414666209304
2025-05-14 18:30:00,16312.194621037159,14153.293411375047
2025-05-14 19:30:00,16316.448240437458,14181.043491450633
2025-05-15 13:30:00,16305.682259584091,14110.780555687397
2025-05-15 14:30:00,16317.472998898718,14187.656454008633
2025-05-15 15:30:00,16321.276682343878,14212.483013922314
2025-05-15 16:30:00,16328.940215345025,14262.519929204724
2025-05-15 17:30:00,16325.689213563486,14190.885341858677
2025-05-15 18:30:00,16307.469977771898,14131.832570734512
2025-05-15 19:30:00,16324.841275900517,14197.172912617834
2025-05-16 13:30:00,16325.168488222274,14198.40439542576
2025-05-16 14:30:00,16322.589391375055,14188.697707764923
2025-05-16 15:30:00,16328.982479180642,14212.756676768517
2025-05-16 16:30:00,16332.977203611592,14227.793115226788
2025-05-16 17:30:00,16333.26798079721,14228.88776661161
2025-05-16 18:30:00,16339.549771449072,14252.536241345897
2025-05-16 19:30:00,16341.03835150988,14258.141323665433
2025-05-19 13:30:00,16319.55007220878,14193.802187317011
2025-05-19 14:30:00,16319.694383953756,14194.439621507561
2025-05-19 15:30:00,16329.535829035976,14237.910297156932
2025-05-19 16:30:00,16337.08226916396,14271.263790876163
2025-05-19 17:30:00,16327.931699496989,14230.801737859158
2025-05-19 18:30:00,16334.0311986934,14229.43342362813
2025-05-19 19:30:00,16366.499994524522,14272.084779414778
2025-05-20 13:30:00,16319.7701245039,14190.067690671842
2025-05-20 14:30:00,16323.855154141058,14208.1094144107
2025-05-20 15:30:00,16325.0929725521,14213.577665307133
2025-05-20 16:30:00,16328.465460360105,14228.477272342303
2025-05-20 17:30:00,16312.96707757173,14159.991476403511
2025-05-20 18:30:00,16316.868604094238,14177.215548955535
2025-05-20 19:30:00,16327.27006150824,14223.145852868973
2025-05-21 13:30:00,16318.465513802143,14184.242343134625
2025-05-21 14:30:00,16338.48009185653,14272.630436431295
2025-05-21 15:30:00,16340.149675000082,14280.012658575273
2025-05-21 16:30:00,16291.492185797111,14064.846914422169
2025-05-21 17:30:00,16293.014296412184,14087.542575222411
2025-05-21 18:30:00,16282.188416235145,13992.67334476317
2025-05-21 19:30:00,16286.09598763672,14026.847827021016
2025-05-22 13:30:00,16302.55802779313,14084.944446859354
2025-05-22 14:30:00,16303.558661526275,14069.90800840108
2025-05-22 15:30:00,16304.77023974319,14108.627963787361
2025-05-22 16:30:00,16304.722385901367,14107.089444615402
2025-05-22 17:30:00,16305.236963491518,14123.629360051915
2025-05-22 18:30:00,16304.756114822076,14146.048020654169
2025-05-22 19:30:00,16334.585303750637,14053.094430118364
2025-05-23 13:30:00,16383.185753285403,13900.265411243889
2025-05-23 14:30:00,16379.331035274583,13912.568558591889
2025-05-23 15:30:00,16380.081624673954,13916.122838240777
2025-05-23 16:30:00,16347.721415525048,13984.471802756469
2025-05-23 17:30:00,16357.470423275798,13963.96711340176
2025-05-23 18:30:00,16365.000369166499,13948.109686404872
2025-05-23 19:30:00,16376.588647081884,13923.681940029255
2025-05-27 13:30:00,16271.942976038301,14185.143428116036
2025-05-27 14:30:00,16267.632449444662,14198.54122684886
2025-05-27 15:30:00,16263.36088191439,14211.80052548269
2025-05-27 16:30:00,16254.012689161284,14240.780419690307
2025-05-27 17:30:00,16252.64212493113,14245.017187778816
2025-05-27 18:30:00,16251.956008896464,14228.614103765407
2025-05-27 19:30:00,16259.768053629727,14249.39245596632
2025-05-28 13:30:00,16255.90408730308,14243.924205069887
2025-05-28 14:30:00,16255.417486233233,14245.427682048125
2025-05-28 15:30:00,16252.98358203681,14252.946735615205
2025-05-28 16:30:00,16251.124104314016,14258.686980681954
2025-05-28 17:30:00,16250.503749044648,14260.6009519295
2025-05-28 18:30:00,16255.63792284754,14244.76354904331
2025-05-28 19:30:00,16274.050354943745,14187.8783879022
2025-05-29 13:30:00,16211.066412813298,14246.11183916364
2025-05-29 14:30:00,16214.37316491812,14275.365396217461
2025-05-29 15:30:00,16224.910401487723,14225.333486962725
2025-05-29 16:30:00,16221.737988367346,14217.951264818746
2025-05-29 17:30:00,16197.884030783489,14162.452773343468
2025-05-29 18:30:00,16209.061683328304,14188.424044918715
2025-05-29 19:30:00,16220.64506585462,14215.354805131576
2025-05-30 13:30:00,16215.29786514712,14202.91482636047
2025-05-30 14:30:00,16210.47857048375,14191.706330397286
2025-05-30 15:30:00,16155.802169325167,14064.576588927746
2025-05-30 16:30:00,16155.447990324361,14063.75560038913
2025-05-30 17:30:00,16173.223673425327,14134.018536152365
2025-05-30 18:30:00,16194.436902838777,14205.10246045422
2025-05-30 19:30:00,16189.74112484966,14194.165958661353
2025-06-02 13:30:00,16192.97040756844,14201.685012228436
2025-06-02 14:30:00,16190.211035949165,14195.258941370283
2025-06-02 15:30:00,16204.91874247733,14230.254412166743
2025-06-02 16:30:00,16210.492257760103,14247.888978988074
2025-06-02 17:30:00,16222.96346780818,14287.374856608552
2025-06-02 18:30:00,16227.797925483887,14302.70498202373
2025-06-02 19:30:00,16228.142400518322,14303.797964732661
2025-06-03 13:30:00,16247.18869825219,14364.232399494986
2025-06-03 14:30:00,16257.499510295487,14397.02521811467
2025-06-03 15:30:00,16265.398423388053,14422.178838503083
2025-06-03 16:30:00,16272.731666229758,14445.553650391164
2025-06-03 17:30:00,16263.605215177527,14416.436924760445
2025-06-03 18:30:00,16266.436425287078,14425.459455305765
2025-06-03 19:30:00,16264.635273735663,14419.717541563126
2025-06-04 13:30:00,16328.181752816738,14448.014947331123
2025-06-04 14:30:00,16311.59437183218,14456.216489337827
2025-06-04 15:30:00,16292.33063084533,14431.473363218718
2025-06-04 16:30:00,16320.350893246612,14467.42498530101
2025-06-04 17:30:00,16331.945353227366,14482.324592336183
2025-06-04 18:30:00,16325.354437783917,14473.849387483273
2025-06-04 19:30:00,16311.530373502314,14456.079657914728
2025-06-05 13:30:00,16336.22085956298,14487.792843232617
2025-06-05 14:30:00,16387.331679188916,14566.23896556775
2025-06-05 15:30:00,16375.252452231582,14527.705901881316
2025-06-05 16:30:00,16356.800104674296,14468.92846227925
2025-06-05 17:30:00,16343.079963663215,14425.322623882666
2025-06-05 18:30:00,16315.463963238448,14337.698784144302
2025-06-05 19:30:00,16317.798440238814,14345.081006288283
2025-06-06 13:30:00,16361.101110185426,14482.054266841762
2025-06-06 14:30:00,16365.289953643924,14484.10506951241
2025-06-06 15:30:00,16366.633328982789,14486.152534831273
2025-06-06 16:30:00,16365.736707243037,14484.78588927614
2025-06-06 17:30:00,16389.951989570556,14521.693662644255
2025-06-06 18:30:00,16374.453789343066,14498.04518790997
2025-06-06 19:30:00,16366.296310698168,14485.606877814755
2025-06-09 13:30:00,16395.174841698514,14529.623210480644
2025-06-09 14:30:00,16383.364863121324,14511.598173500699
2025-06-09 15:30:00,16385.681787246805,14515.132429038886
2025-06-09 16:30:00,16397.867832330554,14533.723147146047
2025-06-09 17:30:00,16401.27089163244,14538.917735196277
2025-06-09 18:30:00,16397.690215895265,14533.451152975735
2025-06-09 19:30:00,16381.39081337948,14508.571195433524
2025-06-10 13:30:00,16406.30610252326,14546.573620186462
2025-06-10 14:30:00,16399.14423939972,14535.637118393595
2025-06-10 15:30:00,16480.598848848458,14568.308123673203
2025-06-10 16:30:00,16444.852198008964,14556.962796286918
2025-06-10 17:30:00,16434.226555240828,14546.029631845833
2025-06-10 18:30:00,16494.680990511046,14608.224519673684
2025-06-10 19:30:00,16493.486590407374,14606.994705541652
2025-06-11 13:30:00,16542.741417087866,14657.70910323601
2025-06-11 14:30:00,16532.032167372163,14646.09011300352
2025-06-11 15:30:00,16504.326806604324,14616.8365559497
2025-06-11 16:30:00,16523.10727260712,14636.657088188893
2025-06-11 17:30:00,16424.00168905192,14532.029441116181
2025-06-11 18:30:00,16423.274951268613,14531.263518881986
2025-06-11 19:30:00,16447.659763369393,14556.962796286918
2025-06-12 13:30:00,16468.793058832147,14579.24462546607
2025-06-12 14:30:00,16467.36759694216,14577.741148487832
2025-06-12 15:30:00,16491.04887964456,14602.71788923175
2025-06-12 16:30:00,16481.62797042357,14592.777586946106
2025-06-12 17:30:00,16468.80005081206,14579.24462546607
2025-06-12 18:30:00,16478.260945064183,14589.22330729722
2025-06-12 19:30:00,16479.03762488054,14590.042627159944
2025-06-13 13:30:00,16323.840339172952,14390.737647355514
2025-06-13 14:30:00,16390.88586016336,14504.197595921918
2025-06-13 15:30:00,16394.378345106914,14518.004220248158
2025-06-13 16:30:00,16386.34786478835,14486.152534831275
2025-06-13 17:30:00,16355.74372600568,14421.357849964472
2025-06-13 18:30:00,16341.857920962922,14394.2919270044
2025-06-13 19:30:00,16348.04015850441,14406.3214115062
2025-06-16 13:30:00,16458.391835913197,14621.210155461315
2025-06-16 14:30:00,16453.090344102267,14615.196247548363
2025-06-16 15:30:00,16444.966415790055,14601.80011749143
2025-06-16 16:30:00,16456.080231757376,14620.117172752385
2025-06-16 17:30:00,16446.382504724425,14604.122914332394
2025-06-16 18:30:00,16443.647067418722,14599.614152073571
2025-06-16 19:30:00,16447.95951082635,14606.721042695453
2025-06-17 13:30:00,16419.93062161298,14560.517075935813
2025-06-17 14:30:00,16414.946533475457,14552.315533929108
2025-06-17 15:30:00,16422.09279533761,14564.071355584698
2025-06-17 16:30:00,16384.54938485966,14502.28362467437
2025-06-17 17:30:00,16352.66143858897,14449.927249902781
2025-06-17 18:30:00,16373.267973154228,14483.692906567207
2025-06-17 19:30:00,16360.436957170856,14462.640891520088
2025-06-18 13:30:00,16410.133197790634,14544.112323246505
2025-06-18 14:30:00,16399.494050934856,14526.616256524165
2025-06-18 15:30:00,16391.85230349202,14514.057801764764
2025-06-18 16:30:00,16371.10220072635,14479.97342800506
2025-06-18 17:30:00,16384.702090146176,14502.283624674363
2025-06-18 18:30:00,16349.401024087812,14444.32383625913
2025-06-18 19:30:00,16359.91491294429,14461.547908811155
2025-06-20 13:30:00,16358.914300820132,14459.907600409813
2025-06-20 14:30:00,16328.141758670181,14409.46519688577
2025-06-20 15:30:00,16330.898711119888,14413.975627820486
2025-06-20 16:30:00,16303.698041353267,14369.467035766604
2025-06-20 17:30:00,16337.139116256398,14424.092809750628
2025-06-20 18:30:00,16310.248648266237,14380.074808408845
2025-06-20 19:30:00,16322.29483639305,14399.76017790083
2025-06-23 13:30:00,16369.715483528178,14477.311889958122
2025-06-23 14:30:00,16360.771268727623,14462.640891520086
2025-06-23 15:30:00,16320.246181518341,14396.205898251941
2025-06-23 16:30:00,16383.61383052075,14499.822327734406
2025-06-23 17:30:00,16394.208786447278,14515.9534175775
2025-06-23 18:30:00,16398.037395171348,14523.879628062108
2025-06-23 19:30:00,16404.10965744108,14536.458106932208
2025-06-24 13:30:00,16484.46577147569,14692.430911186266
2025-06-24 14:30:00,16501.62951119312,14733.849115489098
2025-06-24 15:30:00,16505.546863306467,14746.829745249046
2025-06-24 16:30:00,16504.682426654344,14743.964628743346
2025-06-24 17:30:00,16510.044538544294,14761.736026987784
2025-06-24 18:30:00,16512.69178417106,14765.837632329081
2025-06-24 19:30:00,16511.38317068683,14755.994113245146
2025-06-25 13:30:00,16518.87215485436,14812.313593259036
2025-06-25 14:30:00,16512.827153022918,14795.363183553216
2025-06-25 15:30:00,16488.556785057168,14776.361971176748
2025-06-25 16:30:00,16490.38939939499,14790.171932854772
2025-06-25 17:30:00,16487.97720235237,14771.988371665137
2025-06-25 18:30:00,16489.047521461085,14780.053082248738
2025-06-25 19:30:00,16491.079026920375,14795.363183553216
2025-06-26 13:30:00,16500.471406965837,14866.173445008864
2025-06-26 14:30:00,16500.055121396916,14863.029659629285
2025-06-26 15:30:00,16534.71263143506,14895.01650779338
2025-06-26 16:30:00,16547.167395227414,14908.549469273414
2025-06-26 17:30:00,16568.76808993312,14933.55624618338
2025-06-26 18:30:00,16567.241184520193,14931.787449738395
2025-06-26 19:30:00,16568.657236695453,14933.427758139735
2025-06-27 13:30:00,16628.907182008297,15010.1217707888
2025-06-27 14:30:00,16633.583380214932,15016.541166943385
2025-06-27 15:30:00,16635.573916761197,15019.274458053655
2025-06-27 16:30:00,16623.629606681057,15002.871374040245
2025-06-27 17:30:00,16572.232009752202,14932.334775430805
2025-06-27 18:30:00,16573.830728681707,14934.522409524556
2025-06-27 19:30:00,16612.986633728902,14988.106929752288
2025-06-30 13:30:00,16655.248284606336,15050.438649003241
2025-06-30 14:30:00,16647.046492128728,15033.765239495411
2025-06-30 15:30:00,16653.301104746643,15046.47721243683
2025-06-30 16:30:00,16653.39140179511,15046.660766784895
2025-06-30 17:30:00,16656.800372380145,15035.951204913272
2025-06-30 18:30:00,16713.68372695633,15074.911449627927
2025-06-30 19:30:00,16722.575164639547,15082.020008925703
2025-07-01 13:30:00,16633.212041163566,15004.922176710897
2025-07-01 14:30:00,16562.769190991014,14950.106173675244
2025-07-01 15:30:00,16562.042703283354,14946.551894026357
2025-07-01 16:30:00,16568.234627405145,14976.84336748469
2025-07-01 17:30:00,16568.05053840421,14975.94228250328
2025-07-01 18:30:00,16568.106106935058,14976.214276673594
2025-07-01 19:30:00,16563.60985128658,14954.206110340649
2025-07-02 13:30:00,16577.495630254136,15022.146249262922
2025-07-02 14:30:00,16578.974265369096,15029.389971307906
2025-07-02 15:30:00,16582.880324309772,15048.528015107478
2025-07-02 16:30:00,16581.151151733982,15040.052810254569
2025-07-02 17:30:00,16582.545874454685,15046.887706706138
2025-07-02 18:30:00,16582.099524038906,15044.700072612384
2025-07-02 19:30:00,16585.000407927462,15058.917191207935
2025-07-03 13:30:00,16611.65238955012,15206.277959185978
2025-07-03 14:30:00,16612.56793898331,15212.291867098933
2025-07-03 15:30:00,16613.19225876515,15216.393472440233
2025-07-07 13:30:00,16599.918705013508,15129.180126971176
2025-07-07 14:30:00,16587.870096532915,15117.69796816179
2025-07-07 15:30:00,16564.199961393027,15099.379244224941
2025-07-07 16:30:00,16545.46705078127,15084.890131459078
2025-07-07 17:30:00,16472.97148260114,15028.84431429139
2025-07-07 18:30:00,16524.87392028559,15068.895873039086
2025-07-07 19:30:00,16556.187855092237,15093.091673465782
2025-07-08 13:30:00,16550.53205170888,15088.71807395417
2025-07-08 14:30:00,16545.93511320196,15085.163794305283
2025-07-08 15:30:00,16612.06530430328,15136.288686268947
2025-07-08 16:30:00,16582.93787920969,15113.73319424359
2025-07-08 17:30:00,16582.584222372636,15113.459531397384
2025-07-08 18:30:00,16563.505992209364,15098.696755785315
2025-07-08 19:30:00,16565.09606685667,15099.926569917347
2025-07-09 13:30:00,16700.298792939084,15204.50081936153
2025-07-09 14:30:00,16643.582545139918,15160.486155371531
2025-07-09 15:30:00,16637.934604720074,15156.109218508136
2025-07-09 16:30:00,16646.22572906663,15162.533620690396
2025-07-09 17:30:00,16671.09614100132,15181.808495913067
2025-07-09 18:30:00,16690.662210273527,15196.981765794444
2025-07-09 19:30:00,16704.758131370752,15207.91826758731
2025-07-10 13:30:00,16611.057244213902,15135.194034884116
2025-07-10 14:30:00,16662.583343328613,15175.092075449797
2025-07-10 15:30:00,16671.256921475397,15181.816839292525
2025-07-10 16:30:00,16674.420054986324,15184.269792853027
2025-07-10 17:30:00,16692.399020738194,15198.213248602373
2025-07-10 18:30:00,16689.050426255242,15195.615120239314
2025-07-10 19:30:00,16677.068051009563,15186.318926847789
2025-07-11 13:30:00,16653.427750006096,15175.931419423223
2025-07-11 14:30:00,16622.556595302423,15148.760369881988
2025-07-11 15:30:00,16653.783815959596,15176.20675094532
2025-07-11 16:30:00,16664.342036252812,15185.499606985062
2025-07-11 17:30:00,16659.6841327509,15181.398001643764
2025-07-11 18:30:00,16644.46792580475,15168.001871586832
2025-07-11 19:30:00,16626.134579352965,15151.872450419627
2025-07-14 13:30:00,16617.89619717725,15144.630397050534
2025-07-14 14:30:00,16671.10090014783,15191.383358178478
2025-07-14 15:30:00,16672.80210802138,15192.88182912904
2025-07-14 16:30:00,16698.871422952958,15215.846146747816
2025-07-14 17:30:00,16699.02657514253,15215.98297817092
2025-07-14 18:30:00,16692.981357799104,15210.651558697587
2025-07-14 19:30:00,16687.08970537295,15205.45697064736
2025-07-15 13:30:00,16798.12909858902,15303.33315506308
2025-07-15 14:30:00,16801.904887228033,15296.635090034613
2025-07-15 15:30:00,16782.215627450794,15281.735482999444
2025-07-15 16:30:00,16764.194491981107,15264.237747601213
2025-07-15 17:30:00,16809.455664319066,15295.405275902584
2025-07-15 18:30:00,16739.648581211775,15243.733058246507
2025-07-15 19:30:00,16713.011696165388,15220.221414935322
2025-07-16 13:30:00,16692.93060190115,15191.378352150807
2025-07-16 14:30:00,16709.472006870154,15174.694930587624
2025-07-16 15:30:00,16669.558842823993,15176.20341359354
2025-07-16 16:30:00,16712.465573063888,15213.93217550027
2025-07-16 17:30:00,16715.56995269955,15216.66713528643
2025-07-16 18:30:00,16736.668866348125,15235.257853393592
2025-07-16 19:30:00,16739.14932544896,15237.445487487343
2025-07-17 13:30:00,16800.209959066036,15291.303670561278
2025-07-17 14:30:00,16854.024841711296,15339.82876548599
2025-07-17 15:30:00,16867.54124654653,15360.063129346276
2025-07-17 16:30:00,16867.386996632675,15359.789466500071
2025-07-17 17:30:00,16866.46243146224,15358.149158098731
2025-07-17 18:30:00,16868.543022349404,15361.84026917072
2025-07-17 19:30:00,16867.15577441691,15359.378972230761
2025-07-18 13:30:00,16855.092944882694,15323.29385607715
2025-07-18 14:30:00,16868.9182857539,15338.874282876053
2025-07-18 15:30:00,16863.469948249553,15329.851752330733
2025-07-18 16:30:00,16869.297934630158,15335.326677930732
2025-07-18 17:30:00,16873.65592824399,15339.421608568464
2025-07-18 18:30:00,16870.1651632357,15336.140991765784
2025-07-18 19:30:00,16878.893282300935,15344.342533772488
2025-07-21 13:30:00,17013.510209792206,15470.88156397644
2025-07-21 14:30:00,17000.532491932292,15458.618464849833
2025-07-21 15:30:00,16986.62058636135,15446.318654853614
2025-07-21 16:30:00,17019.308552719973,15472.291595104754
2025-07-21 17:30:00,17014.493501160574,15468.46365260966
2025-07-21 18:30:00,16978.722044687085,15440.027746742671
2025-07-21 19:30:00,16958.42197926533,15423.89999425136
2025-07-22 13:30:00,16819.50230799091,15310.44171436085
2025-07-22 14:30:00,16839.61123357923,15336.960311628509
2025-07-22 15:30:00,16798.540847187996,15312.901342624913
2025-07-22 16:30:00,16882.1169153069,15359.926297923173
2025-07-22 17:30:00,16849.69007086289,15341.60924266222
2025-07-22 18:30:00,16877.31736156392,15357.191338137012
2025-07-22 19:30:00,16856.501142333804,15345.43551648142
2025-07-23 13:30:00,16827.427467541373,15329.032432468013
2025-07-23 14:30:00,16844.65278400302,15338.737451452957
2025-07-23 15:30:00,16847.31911998307,15340.240928431194
2025-07-23 16:30:00,16874.46735361691,15355.551029735674
2025-07-23 17:30:00,16945.400143612198,15395.60425715926
2025-07-23 18:30:00,16943.951001791374,15394.783268620644
2025-07-23 19:30:00,16979.42497197573,15414.879132381935
2025-07-24 13:30:00,16992.431969996516,15422.259685850024
2025-07-24 14:30:00,17048.53145122888,15454.111371266905
2025-07-24 15:30:00,17013.709217409018,15434.28917035182
2025-07-24 16:30:00,17064.178388655942,15459.305959317135
2025-07-24 17:30:00,17083.890240423003,15476.119537599852
2025-07-24 18:30:00,17083.729962509144,15475.98270617675
2025-07-24 19:30:00,17052.50682120085,15449.327277485987
2025-07-25 13:30:00,17084.4412520282,15475.709043330544
2025-07-25 14:30:00,17091.994324528503,15484.321079606554
2025-07-25 15:30:00,17116.28662510032,15512.890479544863
2025-07-25 16:30:00,17110.22593066254,15500.724163619963
2025-07-25 17:30:00,17126.83675518879,15505.099431807468
2025-07-25 18:30:00,17111.385568278114,15496.624226954558
2025-07-25 19:30:00,17100.053331791023,15484.868405298968
2025-07-28 13:30:00,17132.254120769212,15541.59837958217
2025-07-28 14:30:00,17132.254120769212,15526.606995372968
2025-07-28 15:30:00,17132.254120769212,15535.856465839533
2025-07-28 16:30:00,17132.254120769212,15516.037602276232
2025-07-28 17:30:00,17132.254120769212,15514.258793775896
2025-07-28 18:30:00,17132.254120769212,15514.393956523107
2025-07-28 19:30:00,17132.254120769212,15534.352988861296
2025-07-29 13:30:00,17132.254120769212,15580.556955620938
2025-07-29 14:30:00,17127.535119640655,15516.444759193755
2025-07-29 15:30:00,17129.58962892578,15524.783132623563
2025-07-29 16:30:00,17129.58962892578,15544.465164763764
2025-07-29 17:30:00,17129.58962892578,15525.509006636365
2025-07-29 18:30:00,17129.58962892578,15512.481653951454
2025-07-29 19:30:00,17129.58962892578,15510.2940198577
2025-07-30 13:30:00,17129.58962892578,15544.468502115547
2025-07-30 14:30:00,17129.58962892578,15533.532000322679
2025-07-30 15:30:00,17129.58962892578,15565.24685431646
2025-07-30 16:30:00,17129.58962892578,15558.960952233194
2025-07-30 17:30:00,17129.58962892578,15577.953821230207
2025-07-30 18:30:00,17129.58962892578,15473.910210719518
2025-07-30 19:30:00,17129.58962892578,15532.712680459957
2025-07-31 13:30:00,17129.58962892578,15636.332447294206
2025-07-31 14:30:00,17129.58962892578,15567.706482580528
2025-07-31 15:30:00,17129.58962892578,15614.457775032579
2025-07-31 16:30:00,17129.58962892578,15513.711468083486
2025-07-31 17:30:00,17129.58962892578,15490.336656195404
2025-07-31 18:30:00,17129.58962892578,15462.19610596121
2025-07-31 19:30:00,17129.58962892578,15446.865980546034
2025-08-01 13:30:00,17129.58962892578,15211.198884390005
2025-08-01 14:30:00,17129.58962892578,15156.469652500708
2025-08-01 15:30:00,17132.214710647026,15227.601968403413
2025-08-01 16:30:00,17195.947279402462,15122.345230519608
2025-08-01 17:30:00,17182.04325257509,15149.411153479678
2025-08-01 18:30:00,17187.01884271158,15140.388622934355
2025-08-01 19:30:00,17186.114389871786,15142.028931335695
2025-08-04 13:30:00,17058.885016211058,15387.265883729455
2025-08-04 14:30:00,17071.05819756424,15362.933251879656
2025-08-04 15:30:00,17053.42368898439,15398.200716846432
2025-08-04 16:30:00,17048.156479156933,15408.72672436999
2025-08-04 17:30:00,17052.671533247136,15399.705862500561
2025-08-04 18:30:00,17052.330005280328,15400.388350940184
2025-08-04 19:30:00,17041.385084702255,15422.259685850026
2025-08-05 13:30:00,17043.437750370715,15418.159749184619
2025-08-05 14:30:00,17082.239492503046,15340.651422700506
2025-08-05 15:30:00,17073.425991799817,15358.285989521839
2025-08-05 16:30:00,17069.444740798608,15366.248910876056
2025-08-05 17:30:00,17079.5514290667,15346.037908478254
2025-08-05 18:30:00,17082.175432286098,15340.788254123607
2025-08-05 19:30:00,17094.882825937737,15315.362639564877
2025-08-06 13:30:00,17072.485843704864,15360.199960769385
2025-08-06 14:30:00,17030.793592620284,15443.585363743348
2025-08-06 15:30:00,17016.552007254348,15472.017932258555
2025-08-06 16:30:00,17013.537020867556,15478.033508847397
2025-08-06 17:30:00,16999.164181905166,15506.466077362604
2025-08-06 18:30:00,16994.468331865366,15513.02731096797
2025-08-06 19:30:00,17000.82499742584,15510.280670450566
2025-08-07 13:30:00,17025.566591944527,15611.587652499202
2025-08-07 14:30:00,16982.100460811605,15568.390639696037
2025-08-07 15:30:00,16967.531279915704,15558.138295018683
2025-08-07 16:30:00,16885.50948158074,15501.818815004792
2025-08-07 17:30:00,16861.670156556225,15475.627278211865
2025-08-07 18:30:00,16875.155549112525,15493.8892671684
2025-08-07 19:30:00,16939.92379987161,15563.059220222705
2025-08-08 13:30:00,17015.699717413707,15682.53307670206
2025-08-08 14:30:00,17013.19371725031,15676.791162959422
2025-08-08 15:30:00,17038.762396516777,15692.922252802517
2025-08-08 16:30:00,17017.171692704174,15673.238551986426
2025-08-08 17:30:00,17050.01906010872,15703.174597479872
2025-08-08 18:30:00,17050.01906010872,15703.174597479872
2025-08-08 19:30:00,17055.26573546533,15707.958691260792
2025-08-11 13:30:00,17084.80175084703,15735.29827706707
2025-08-11 14:30:00,17072.40100102994,15722.858298295963
2025-08-11 15:30:00,17106.477843025506,15757.03278055381
2025-08-11 16:30:00,17069.705463922564,15720.125007185694
2025-08-11 17:30:00,17039.30714660462,15689.64163599984
2025-08-11 18:30:00,17025.66551710176,15675.971843096704
2025-08-11 19:30:00,17008.458853661297,15658.747770544678
2025-08-12 13:30:00,17079.792795371457,15738.033236853236
2025-08-12 14:30:00,17127.129813000418,15790.798437218244
2025-08-12 15:30:00,17153.56766576557,15820.32398844238
2025-08-12 16:30:00,17159.121593239943,15826.533131434637
2025-08-12 17:30:00,17176.751262400743,15846.570591539723
2025-08-12 18:30:00,17179.216980028883,15849.98803976551
2025-08-12 19:30:00,17184.63249018115,15857.507093332595
2025-08-13 13:30:00,17202.634152016104,15874.71114177392
2025-08-13 14:30:00,17192.95413971478,15853.542319414397
2025-08-13 15:30:00,17191.70215429316,15850.809028304127
2025-08-13 16:30:00,17198.779940559278,15866.2576297076
2025-08-13 17:30:00,17193.150196408376,15853.954482359595
2025-08-13 18:30:00,17196.46807918183,15861.19820440458
2025-08-13 19:30:00,17198.783371776935,15866.255961031706
2025-08-14 13:30:00,17201.785699506305,15872.817194637068
2025-08-14 14:30:00,17182.405177737688,15830.441170372518
2025-08-14 15:30:00,17181.401274185955,15828.253536278764
2025-08-14 16:30:00,17209.258163281957,15888.946615804269
2025-08-14 17:30:00,17186.843005664057,15839.872526511253
2025-08-14 18:30:00,17194.552968024593,15856.686104793973
2025-08-14 19:30:00,17193.050643358307,15853.405487991293
2025-08-15 13:30:00,17175.76861524456,15815.676726084559
2025-08-15 14:30:00,17159.69083043499,15780.682923963988
2025-08-15 15:30:00,17148.35368396803,15756.076629267984
2025-08-15 16:30:00,17160.533790482365,15782.460063788432
2025-08-15 17:30:00,17166.13775666379,15794.624711037442
2025-08-15 18:30:00,17161.294185508832,15784.100372189776
2025-08-15 19:30:00,17159.971393378153,15781.22858098051
2025-08-18 13:30:00,17152.035879918374,15764.004508428487
2025-08-18 14:30:00,17142.571163769164,15743.489807018432
2025-08-18 15:30:00,17150.283354359115,15760.178234609286
2025-08-18 16:30:00,17150.093909011743,15759.767740339978
2025-08-18 17:30:00,17149.651085090114,15758.80825170237
2025-08-18 18:30:00,17156.84464307256,15774.393684528946
2025-08-18 19:30:00,17158.35693088902,15777.674301331628
2025-08-19 13:30:00,17107.89555221655,15668.179126683419
2025-08-19 14:30:00,17093.53163123626,15637.286929904149
2025-08-19 15:30:00,17079.448768449707,15607.075552888607
2025-08-19 16:30:00,17064.645562966885,15575.39740976444
2025-08-19 17:30:00,17060.915560191344,15567.43615708611
2025-08-19 18:30:00,17056.299869574385,15557.59096932628
2025-08-19 19:30:00,17059.250831049467,15563.880208761331
2025-08-20 13:30:00,17026.65911895158,15317.85063531911
2025-08-20 14:30:00,17026.65911895158,15404.216293435287
2025-08-20 15:30:00,16992.276350006283,15452.334231442475
2025-08-20 16:30:00,17016.020986508192,15418.15974918463
2025-08-20 17:30:00,17032.34034975363,15394.648105873444
2025-08-20 18:30:00,16981.899169647375,15467.370669900749
2025-08-20 19:30:00,16979.808969226226,15470.377623857226
2025-08-21 13:30:00,16969.355864241537,15485.4140623155
2025-08-21 14:30:00,17008.905507361742,15428.548925285086
2025-08-21 15:30:00,17043.92849369604,15378.106521761043
2025-08-21 16:30:00,17060.228522957605,15354.59487844986
2025-08-21 17:30:00,17036.363143484796,15389.04302355391
2025-08-21 18:30:00,17019.395861535977,15413.509149475029
2025-08-21 19:30:00,17028.50178495133,15400.388350940193
2025-08-22 13:30:00,16866.186925778402,15629.49421349086
2025-08-22 14:30:00,16866.186925778402,15674.331534695368
2025-08-22 15:30:00,16861.151072414545,15616.925746676112
2025-08-22 16:30:00,16878.12174013427,15671.18774931579
2025-08-22 17:30:00,16873.464522630722,15656.286473604725
2025-08-22 18:30:00,16869.533565445974,15643.71133208641
2025-08-22 19:30:00,16867.652810347874,15637.695755497565
2025-08-25 13:30:00,16863.378655914683,15624.025962594427
2025-08-25 14:30:00,16875.176898153437,15661.75305582527
2025-08-25 15:30:00,16875.231143268837,15661.926598117983
2025-08-25 16:30:00,16872.144915971163,15652.053042868
2025-08-25 17:30:00,16868.34050747768,15639.883389591318
2025-08-25 18:30:00,16865.776190087145,15631.681847584614
2025-08-25 19:30:00,16853.721855775802,15593.132097139263
2025-08-26 13:30:00,16864.328229907336,15627.034585226793
2025-08-26 14:30:00,16857.06347197825,15603.803279465381
2025-08-26 15:30:00,16864.17901165172,15626.55066921826
2025-08-26 16:30:00,16862.998128826817,15622.774455675803
2025-08-26 17:30:00,16863.21887009498,15623.480305577908
2025-08-26 18:30:00,16869.11829698233,15642.344686531276
2025-08-26 19:30:00,16873.477241119326,15656.286473604729
2025-08-27 13:30:00,16876.127613798548,15664.76501580942
2025-08-27 14:30:00,16874.75849794707,15660.384741594244
2025-08-27 15:30:00,16869.973888492892,15645.077977641547
2025-08-27 16:30:00,16877.068990805394,15667.771969765898
2025-08-27 17:30:00,16886.767176549776,15698.800997968272
2025-08-27 18:30:00,16876.30331276949,15665.309004150047
2025-08-27 19:30:00,16881.00313055511,15680.34544260832
2025-08-28 13:30:00,16883.325734709488,15687.777725029046
2025-08-28 14:30:00,16892.27948214473,15716.432227437823
2025-08-28 15:30:00,16909.026469745695,15770.0467838316
2025-08-28 16:30:00,16910.29791852863,15774.12002168274
2025-08-28 17:30:00,16913.21311596102,15784.10037218978
2025-08-28 18:30:00,16913.52884424558,15785.288469424524
2025-08-28 19:30:00,16911.287745678725,15776.854981468901
2025-08-29 13:30:00,16867.606340030885,15609.481783524145
2025-08-29 14:30:00,16865.15131122851,15598.330022541273
2025-08-29 15:30:00,16861.056868900116,15579.735967082328
2025-08-29 16:30:00,16857.202246344226,15562.238231684098
2025-08-29 17:30:00,16859.131043014117,15570.990436734997
2025-08-29 18:30:00,16862.50366632618,15586.297200687695
2025-08-29 19:30:00,16863.768383480157,15592.039114430334
2025-09-02 13:30:00,16827.32016353481,15453.427214151405
2025-09-02 14:30:00,16809.66928668703,15353.091401471622
2025-09-02 15:30:00,16804.747973842583,15325.204489972935
2025-09-02 16:30:00,16815.661485638902,15386.992220883261
2025-09-02 17:30:00,16816.047134628792,15389.179854977016
2025-09-02 18:30:00,16824.239920555898,15435.657484582864
2025-09-02 19:30:00,16826.75254549743,15464.363715944275
2025-09-03 13:30:00,16825.23835435714,15570.167779520492
2025-09-03 14:30:00,16841.35637333008,15563.880208761333
2025-09-03 15:30:00,16840.49923405921,15569.894116674288
2025-09-03 16:30:00,16841.025981733957,15566.203005602298
2025-09-03 17:30:00,16848.3747236949,15514.667619369324
2025-09-03 18:30:00,16847.95035991654,15517.676242001693
2025-09-03 19:30:00,16838.689641805453,15583.290246731221
2025-09-04 13:30:00,16835.637697980448,15604.615924624546
2025-09-04 14:30:00,16829.62465250239,15646.444623196685
2025-09-04 15:30:00,16832.031950397504,15629.84463542808
2025-09-04 16:30:00,16826.748584080604,15666.403655534876
2025-09-04 17:30:00,16824.63864057026,15680.892768300739
2025-09-04 18:30:00,16821.563739845245,15701.944783347857
2025-09-04 19:30:00,16817.83376819467,15727.370397906587
2025-09-05 13:30:00,16774.621525852763,15723.789419443434
2025-09-05 14:30:00,16772.208268553968,15709.872662508355
2025-09-05 15:30:00,16780.490227488895,15701.67112050165
2025-09-05 16:30:00,16776.683937032936,15710.693651046971
2025-09-05 17:30:00,16774.143884076526,15716.704221608143
2025-09-05 18:30:00,16762.86492251936,15743.36298765069
2025-09-05 19:30:00,16760.71334038746,15748.422412953707
2025-09-08 13:30:00,16719.97064689722,15863.794664091763
2025-09-08 14:30:00,16721.450597627518,15872.406700367777
2025-09-08 15:30:00,16715.489759433258,15843.016311890855
2025-09-08 16:30:00,16711.095509677816,15825.585323528281
2025-09-08 17:30:00,16712.423144406275,15830.849995965953
2025-09-08 18:30:00,16705.28829837573,15802.554258873848
2025-09-08 19:30:00,16710.875238895736,15824.699256629898
2025-09-09 13:30:00,16712.840003591562,15832.490304367293
2025-09-09 14:30:00,16708.25595402946,15814.31008052944
2025-09-09 15:30:00,16713.84164019769,15836.455078285488
2025-09-09 16:30:00,16717.770708949807,15852.038842436172
2025-09-09 17:30:00,16716.392431739016,15846.57059153974
2025-09-09 18:30:00,16720.251758143586,15861.880692844219
2025-09-09 19:30:00,16725.286194550947,15869.808572004718
2025-09-10 13:30:00,16752.977202931277,15934.876919717726
2025-09-10 14:30:00,16747.999175545043,15920.66146979807
2025-09-10 15:30:00,16735.485107952598,15904.256717108768
2025-09-10 16:30:00,16705.660410773,15882.934376567227
2025-09-10 17:30:00,16681.124207717738,15865.434972493103
2025-09-10 18:30:00,16625.876977718708,15832.9007986366
2025-09-10 19:30:00,16659.197824021045,15876.097811439766
2025-09-11 13:30:00,16706.54755358912,15937.611879503891
2025-09-11 14:30:00,16742.845266961365,15984.908828972464
2025-09-11 15:30:00,16736.146272763886,15976.159961273348
2025-09-11 16:30:00,16731.853944712144,15970.556547629703
2025-09-11 17:30:00,16734.680893607787,15974.245990025804
2025-09-11 18:30:00,16740.965297038576,15982.449200708399
2025-09-11 19:30:00,16730.705410598264,15969.051401975576
2025-09-12 13:30:00,16765.273158911936,16014.16238602629
2025-09-12 14:30:00,16773.321650740614,16024.688393549848
2025-09-12 15:30:00,16782.61970136903,16036.85470947475
2025-09-12 16:30:00,16779.460228276974,16033.437261248966
2025-09-12 17:30:00,16788.04703228337,16047.926374014829
2025-09-12 18:30:00,16788.61407457251,16048.884193976546
2025-09-12 19:30:00,16782.78698505999,16039.04067489261
2025-09-15 13:30:00,16836.65386759115,16138.30352897416
2025-09-15 14:30:00,16836.53779266766,16137.95644438873
2025-09-15 15:30:00,16840.140759957176,16148.67268096392
2025-09-15 16:30:00,16837.164429851677,16138.555499033777
2025-09-15 17:30:00,16838.93575245949,16144.574412974403
2025-09-15 18:30:00,16840.90602674269,16151.27080932698
2025-09-15 19:30:00,16848.34493055159,16176.559592462605
2025-09-16 13:30:00,16846.0552091645,16168.76854472521
2025-09-16 14:30:00,16842.19706091499,16155.64440883859
2025-09-16 15:30:00,16844.006558516863,16161.796816850538
2025-09-16 16:30:00,16845.212133056826,16165.896753515943
2025-09-16 17:30:00,16845.09144616825,16165.486259246636
2025-09-16 18:30:00,16846.65843642304,16170.816010044076
2025-09-16 19:30:00,16844.167624113874,16162.342473867056
2025-09-17 13:30:00,16827.37185080944,16105.222029425246
2025-09-17 14:30:00,16822.200960864302,16087.672565074381
2025-09-17 15:30:00,16823.62721404607,16092.510056483829
2025-09-17 16:30:00,16821.48550231395,16085.244641652253
2025-09-17 17:30:00,16908.329941941978,16107.3896394083
2025-09-17 18:30:00,16884.22780117237,16164.256445114605
2025-09-17 19:30:00,16873.672803627156,16128.441654455419
2025-09-18 13:30:00,16914.27482796966,16334.0358736949
2025-09-18 14:30:00,16914.27482796966,16331.028919738425
2025-09-18 15:30:00,16933.84219563814,16323.626673483746
2025-09-18 16:30:00,16928.908383142287,16318.17844669801
2025-09-18 17:30:00,16914.42606300693,16302.1875256298
2025-09-18 18:30:00,16904.517315639016,16291.249355161044
2025-09-18 19:30:00,16891.7599627741,16277.169067988598
2025-09-19 13:30:00,16947.751781551353,16338.953461547144
2025-09-19 14:30:00,16915.32933686837,16303.14200823974
2025-09-19 15:30:00,16967.585786001502,16360.828133808769
2025-09-19 16:30:00,16960.039081457875,16352.489760378961
2025-09-19 17:30:00,16962.637045035637,16355.359882912333
2025-09-19 18:30:00,16982.187354046273,16376.959223651862
2025-09-19 19:30:00,16992.717578025677,16388.98870815366
2025-09-22 13:30:00,17003.315938968906,16401.840849869965
2025-09-22 14:30:00,17012.103746350414,16412.500351464845
2025-09-22 15:30:00,17040.15835431384,16446.538002299585
2025-09-22 16:30:00,17048.489747331234,16456.653515553837
2025-09-22 17:30:00,17059.408094693783,16469.912814187668
2025-09-22 18:30:00,17064.24757641845,16475.79155935341
2025-09-22 19:30:00,17055.358213548112,16464.991888983648
2025-09-23 13:30:00,17031.724294213975,16436.285657622237
2025-09-23 14:30:00,17034.20006510606,16439.29094290282
2025-09-23 15:30:00,17019.56494803456,16421.52455068606
2025-09-23 16:30:00,16985.43090129706,16380.103009031445
2025-09-23 17:30:00,16953.91612165338,16342.237415701611
2025-09-23 18:30:00,16949.044285850156,16335.70288091051
2025-09-23 19:30:00,16963.602192682203,16353.445911664792
2025-09-24 13:30:00,16959.463500211925,16347.158340905635
2025-09-24 14:30:00,16947.743514313766,16331.437745331847
2025-09-24 15:30:00,16900.73927935173,16268.420200289489
2025-09-24 16:30:00,16917.292899030133,16290.568535397319
2025-09-24 17:30:00,16918.558202715445,16270.060508690827
2025-09-24 18:30:00,16915.857360722162,16285.0969471491
2025-09-24 19:30:00,16924.028193578033,16296.033448941967
2025-09-25 13:30:00,16813.92684109884,16218.935616727162
2025-09-25 14:30:00,16826.03361960133,16205.539486670228
2025-09-25 15:30:00,16818.070977873784,16227.958147272484
2025-09-25 16:30:00,16838.739675504814,16203.625515422684
2025-09-25 17:30:00,16835.226298927664,16194.602984877361
2025-09-25 18:30:00,16832.415035064016,16211.281400412867
2025-09-25 19:30:00,16829.685704352738,16227.410821580073
2025-09-26 13:30:00,16820.18578166462,16190.776711058163
2025-09-26 14:30:00,16824.951211067077,16233.426398168918
2025-09-26 15:30:00,16827.132377861635,16253.11009898501
2025-09-26 16:30:00,16830.57281710957,16284.27762728638
2025-09-26 17:30:00,16830.962766883007,16287.83190693527
2025-09-26 18:30:00,16831.772124990104,16295.21412907925
2025-09-26 19:30:00,16831.83186187692,16295.759786095767
2025-09-29 13:30:00,16867.277743243416,16447.630985008524
2025-09-29 14:30:00,16852.082102384677,16389.67119659329
2025-09-29 15:30:00,16846.310044185226,16377.778543514596
2025-09-29 16:30:00,16841.42379952333,16367.663030260346
2025-09-29 17:30:00,16850.019578393832,16385.45278393959
2025-09-29 18:30:00,16833.30029704655,16350.832765218714
2025-09-29 19:30:00,16842.36172113345,16369.57700150789
2025-09-30 13:30:00,16826.2466307116,16336.223507788663
2025-09-30 14:30:00,16824.990095233465,16333.625379425603
2025-09-30 15:30:00,16834.244935040737,16352.760085873393
2025-09-30 16:30:00,16815.30677805267,16313.582913292841
2025-09-30 17:30:00,16840.55266009107,16365.749059012802
2025-09-30 18:30:00,16851.255080264367,16387.89739412063
2025-09-30 19:30:00,16862.871641389876,16411.95302577244
2025-10-01 13:30:00,16860.49696850962,16407.03210056842
2025-10-01 14:30:00,16863.00406053396,16412.226688618644
2025-10-01 15:30:00,16879.6934737785,16446.811665145797
2025-10-01 16:30:00,16889.459094778522,16472.78460539694
2025-10-01 17:30:00,16896.83125086467,16492.605137636132
2025-10-01 18:30:00,16899.693292234613,16500.304408199496
2025-10-01 19:30:00,16897.238099064867,16493.698120345063
2025-10-02 13:30:00,16914.159205585038,16539.219598665084
2025-10-02 14:30:00,16932.231494734206,16516.390443793523
2025-10-02 15:30:00,16951.542156682834,16529.240916833936
2025-10-02 16:30:00,16977.79679904846,16546.74032090806
2025-10-02 17:30:00,16996.620136760856,16559.313793750487
2025-10-02 18:30:00,17011.735304418475,16569.42596965295
2025-10-02 19:30:00,16996.638891358787,16559.313793750487
2025-10-03 13:30:00,16988.05366619623,16553.570211331957
2025-10-03 14:30:00,17029.365301317535,16581.188466012114
2025-10-03 15:30:00,17038.733551512658,16587.472699419486
2025-10-03 16:30:00,16923.89012998693,16510.376535880572
2025-10-03 17:30:00,16933.351106222908,16516.66744399151
2025-10-03 18:30:00,16900.890613705928,16495.066434576092
2025-10-03 19:30:00,16893.269535589156,16490.008677948965
2025-10-06 13:30:00,17060.62768401124,16588.156856534995
2025-10-06 14:30:00,17073.808449182514,16600.558455760598
2025-10-06 15:30:00,17098.269674702,16627.115432573763
2025-10-06 16:30:00,17109.716984591498,16639.555411344867
2025-10-06 17:30:00,17117.889983272766,16648.441110467087
2025-10-06 18:30:00,17110.700033308596,16640.621695239533
2025-10-06 19:30:00,17086.711469548412,16614.540291055448
2025-10-07 13:30:00,17106.090862160418,16635.590637426674
2025-10-07 14:30:00,17023.850254449528,16546.191326539756
2025-10-07 15:30:00,16981.69201155409,16522.132357536164
2025-10-07 16:30:00,16984.621640155736,16530.197068119764
2025-10-07 17:30:00,16980.500519238525,16518.85174073348
2025-10-07 18:30:00,16980.6593400561,16519.28893381705
2025-10-07 19:30:00,16983.082259102557,16525.958631355363
2025-10-08 13:30:00,17024.39657243003,16639.69224276797
2025-10-08 14:30:00,17029.0601203216,16652.54104713249
2025-10-08 15:30:00,17033.0213448062,16663.455856138768
2025-10-08 16:30:00,17036.002466092563,16672.87219419448
2025-10-08 17:30:00,17038.58134506857,16683.98223828006
2025-10-08 18:30:00,17043.018371570248,16703.100257968934
2025-10-08 19:30:00,17046.131259852285,16716.516412136563
2025-10-09 13:30:00,17037.886716513247,16680.976952999477
2025-10-09 14:30:00,17032.17531447683,16656.36898962758
2025-10-09 15:30:00,17032.524382638418,16657.87246660582
2025-10-09 16:30:00,17023.9237682458,16620.8278618146
2025-10-09 17:30:00,17068.9503971926,16649.123598906706
2025-10-09 18:30:00,17103.187899335913,16674.68604488854
2025-10-09 19:30:00,17116.906718460654,16684.938389565894
2025-10-10 13:30:00,17189.307603563127,16739.065229458363
2025-10-10 14:30:00,16839.88995197644,16422.88952756531
2025-10-10 15:30:00,16839.88995197644,16371.217309909234
2025-10-10 16:30:00,16839.88995197644,16322.962540478942
2025-10-10 17:30:00,16839.88995197644,16290.838860891745
2025-10-10 18:30:00,16839.88995197644,16201.466248819092
2025-10-10 19:30:00,16839.88995197644,16116.138507107427
2025-10-13 13:30:00,16842.142082767623,16393.63597051149
2025-10-13 14:30:00,16838.44354483792,16428.237633797555
2025-10-13 15:30:00,16829.98579074259,16449.134461986763
2025-10-13 16:30:00,16831.31393305437,16445.853845184083
2025-10-13 17:30:00,16818.918000627145,16476.47404779304
2025-10-13 18:30:00,16828.339849027107,16453.209368513795
2025-10-13 19:30:00,16825.728016233952,16459.660469510323
2025-10-14 13:30:00,16881.663645556935,16329.934268353612
2025-10-14 14:30:00,16886.39281350176,16317.082126637306
2025-10-14 15:30:00,16845.623147651884,16427.536789923124
2025-10-14 16:30:00,16833.81342184048,16463.077917736107
2025-10-14 17:30:00,16836.449707096413,16455.150038575608
2025-10-14 18:30:00,16839.54048375568,16445.853845184083
2025-10-14 19:30:00,16871.257561270868,16350.438957708322
2025-10-15 13:30:00,16795.615705813307,16578.451837550056
2025-10-15 14:30:00,16806.319240648936,16546.343176045884
2025-10-15 15:30:00,16826.239170894925,16486.54617547411
2025-10-15 16:30:00,16873.238217522896,16347.979329444253
2025-10-15 17:30:00,16861.006330980803,16441.206582826264
2025-10-15 18:30:00,16854.395845399693,16474.28975105107
2025-10-15 19:30:00,16856.69590230202,16462.8042548899
2025-10-16 13:30:00,16835.90679021242,16566.69601589446
2025-10-16 14:30:00,16841.491697676352,16538.979309336708
2025-10-16 15:30:00,16862.778456161777,16433.14187224266
2025-10-16 16:30:00,16845.221651129606,16469.916151539455
2025-10-16 17:30:00,16887.765047769182,16316.264475450473
2025-10-16 18:30:00,16880.988949618546,16340.87077014648
2025-10-16 19:30:00,16863.733151143108,16403.477820919532
2025-10-17 13:30:00,16848.0246690075,16460.34462662584
2025-10-17 14:30:00,16879.807592894507,16345.5180325043
2025-10-17 15:30:00,16841.145513346437,16485.766903832788
2025-10-17 16:30:00,16857.35265034504,16427.266464428707
2025-10-17 17:30:00,16829.084670425607,16529.512911004254
2025-10-17 18:30:00,16827.26455765422,16536.072475933728
2025-10-17 19:30:00,16834.54809410739,16509.829210188163
2025-10-20 13:30:00,16779.8218246016,16707.19685728257
2025-10-20 14:30:00,16773.020745004567,16731.552850594853
2025-10-20 15:30:00,16775.00743622065,16724.444291297077
2025-10-20 16:30:00,16786.347564628948,16741.942026695313
2025-10-20 17:30:00,16782.99747290011,16742.48935238772
2025-10-20 18:30:00,16782.33320151251,16732.91949614999
2025-10-20 19:30:00,16781.378660549683,16719.249703246853
2025-10-21 13:30:00,16789.062531249776,16669.90195110763
2025-10-21 14:30:00,16783.445949179386,16705.544868149995
2025-10-21 15:30:00,16777.213381454854,16744.94898065179
2025-10-21 16:30:00,16782.77126795832,16709.955178531218
2025-10-21 17:30:00,16779.483220482885,16730.73353073213
2025-10-21 18:30:00,16780.111989589353,16726.768756813934
2025-10-21 19:30:00,16781.867368209798,16715.695423597965
2025-10-22 13:30:00,16799.1397517161,16606.610743219062
2025-10-22 14:30:00,16809.02544038593,16543.456366753602
2025-10-22 15:30:00,16808.91906205118,16544.140523869115
2025-10-22 16:30:00,16827.14152673449,16465.812877522276
2025-10-22 17:30:00,16826.083462528084,16469.63915134148
2025-10-22 18:30:00,16808.92462031832,16531.682189663206
2025-10-22 19:30:00,16803.38788066409,16551.65790876031
2025-10-23 13:30:00,16783.59541187838,16623.01549590837
2025-10-23 14:30:00,16777.58964154527,16644.61316797201
2025-10-23 15:30:00,16773.70933677977,16658.556623721353
2025-10-23 16:30:00,16772.491609964614,16662.930223232965
2025-10-23 17:30:00,16759.777139744238,16708.58853297609
2025-10-23 18:30:00,16759.815305189004,16708.451701552985
2025-10-23 19:30:00,16763.81893392601,16694.097751534337
2025-10-24 13:30:00,16724.602493074235,16862.10004029019
2025-10-24 14:30:00,16721.582569092676,16884.381869469336
2025-10-24 15:30:00,16721.265319889088,16886.721353069217
2025-10-24 16:30:00,16720.32211735861,16893.676394184975
2025-10-24 17:30:00,16720.47036645316,16892.583411476044
2025-10-24 18:30:00,16719.09836323536,16902.6989247303
2025-10-24 19:30:00,16723.73471181588,16868.52444247245
2025-10-27 13:30:00,16716.76837344498,17108.975632409405
2025-10-27 14:30:00,16716.76837344498,17128.524170478286
2025-10-27 15:30:00,16716.76837344498,17132.078450127174
2025-10-27 16:30:00,16716.76837344498,17130.711804572038
2025-10-27 17:30:00,16716.76837344498,17149.84817969572
2025-10-27 18:30:00,16716.76837344498,17147.934208448172
2025-10-27 19:30:00,16716.76837344498,17171.44752043525
2025-10-28 13:30:00,16716.76837344498,17229.40730885048
2025-10-28 14:30:00,16725.16548192372,17228.177494718446
2025-10-28 15:30:00,16762.102045669497,17259.343354343924
2025-10-28 16:30:00,16788.950778613893,17282.035677792388
2025-10-28 17:30:00,16831.758854397787,17318.26096272088
2025-10-28 18:30:00,16867.227631693986,17348.333839637427
2025-10-28 19:30:00,16813.78735384753,17302.9508614164
2025-10-29 13:30:00,16924.478958672087,17396.72544049082
2025-10-29 14:30:00,16890.60130550061,17367.882377706304
2025-10-29 15:30:00,16886.581208825686,17364.46492948052
2025-10-29 16:30:00,16871.94485638987,17352.024950709416
2025-10-29 17:30:00,16884.337493921434,17362.550958232972
2025-10-29 18:30:00,16841.228991194515,17325.91517903517
2025-10-29 19:30:00,16911.175426976493,17385.243281681436
2025-10-30 13:30:00,16710.031561704578,17214.097207546005
2025-10-30 14:30:00,16739.86234631777,17239.24582190675
2025-10-30 15:30:00,16759.296757593063,17255.65224327194
2025-10-30 16:30:00,16742.796512285426,17241.710456198485
2025-10-30 17:30:00,16693.252455925736,17199.880088950453
2025-10-30 18:30:00,16637.430792648232,17152.856802328086
2025-10-30 19:30:00,16591.87543450211,17114.580714728945
2025-10-31 13:30:00,16784.59183699598,17276.160269978427
2025-10-31 14:30:00,16808.830053665457,17296.66162198135
2025-10-31 15:30:00,16706.134994159525,17209.703583923696
2025-10-31 16:30:00,16631.86990494243,17147.114888585453
2025-10-31 17:30:00,16710.644628015347,17213.276219007388
2025-10-31 18:30:00,16757.915147725213,17263.58179110833
2025-10-31 19:30:00,16706.75812875476,17202.341385890413
2025-11-03 14:30:00,16717.182563016344,17238.426502044018
2025-11-03 15:30:00,16722.522700874266,17242.940270330517
2025-11-03 16:30:00,16761.489262854702,17275.88493845633
2025-11-03 17:30:00,16791.02823474609,17300.903396097536
2025-11-03 18:30:00,16756.692707704296,17271.783333115032
2025-11-03 19:30:00,16759.599379873376,17274.244630054985
2025-11-03 20:30:00,16766.70057114461,17280.25853796794
2025-11-04 14:30:00,16535.89142847374,17120.8682854881
2025-11-04 15:30:00,16535.89142847374,17059.300819795455
2025-11-04 16:30:00,16535.89142847374,17019.983478440015
2025-11-04 17:30:00,16535.89142847374,16963.74075751713
2025-11-04 18:30:00,16535.89142847374,16986.08432770427
2025-11-04 19:30:00,16535.89142847374,16958.744741897994
2025-11-04 20:30:00,16535.89142847374,16929.217521997965
2025-11-05 14:30:00,16535.89142847374,17006.315354212773
2025-11-05 15:30:00,16535.89142847374,17042.130144871957
2025-11-05 16:30:00,16535.89142847374,17072.204690464398
2025-11-05 17:30:00,16535.89142847374,17098.99695057826
2025-11-05 18:30:00,16535.89142847374,17114.85437757515
2025-11-05 19:30:00,16535.89142847374,17102.135729930167
2025-11-05 20:30:00,16535.89142847374,17043.224796256778
2025-11-06 14:30:00,16535.89142847374,16888.208143288546
2025-11-06 15:30:00,16535.89142847374,16774.749863398036
2025-11-06 16:30:00,16535.89142847374,16716.7900749828
2025-11-06 17:30:00,16538.341090374226,16768.597455386087
2025-11-06 18:30:00,16449.37780926617,16839.819879786934
2025-11-06 19:30:00,16496.54919366789,16788.145993454968
2025-11-06 20:30:00,16555.073825257005,16723.898634280573
2025-11-07 14:30:00,16739.82705135071,16539.082767242002
2025-11-07 15:30:00,16786.731216351138,16424.256173120462
2025-11-07 16:30:00,16780.62781873635,16449.134461986785
2025-11-07 17:30:00,16766.392585358706,16507.09591907791
2025-11-07 18:30:00,16760.805569187767,16529.78657385048
2025-11-07 19:30:00,16734.923894636297,16597.31621850345
2025-11-07 20:30:00,16704.228440920542,16670.58610822316
2025-11-10 14:30:00,16663.394080938895,16990.59642731488
2025-11-10 15:30:00,16663.394080938895,16885.204526683858
2025-11-10 16:30:00,16645.64218124143,16929.784871801075
2025-11-10 17:30:00,16621.796331798043,16983.132440052217
2025-11-10 18:30:00,16605.541823289306,17019.439490099394
2025-11-10 19:30:00,16598.618854136894,17034.886422826978
2025-11-10 20:30:00,16597.331939735406,17037.75654536035
2025-11-11 14:30:00,16647.22881514656,16926.484230887698
2025-11-11 15:30:00,16657.126519132285,16904.33923313165
2025-11-11 16:30:00,16641.953870135465,16938.30846825484
2025-11-11 17:30:00,16618.760635477793,16990.182595693786
2025-11-11 18:30:00,16612.883000991988,17003.308400256297
2025-11-11 19:30:00,16613.984831870286,17000.84877199223
2025-11-11 20:30:00,16617.98970280806,16991.908006565594
2025-11-12 14:30:00,16626.59662608567,16972.688197647338
2025-11-12 15:30:00,16636.124732400483,16951.39923062363
2025-11-12 16:30:00,16643.47791470103,16934.95943574061
2025-11-12 17:30:00,16627.40528987318,16970.9110578229
2025-11-12 18:30:00,16636.2757234697,16951.090525583706
2025-11-12 19:30:00,16629.91749795656,16965.305975503365
2025-11-12 20:30:00,16623.31094681747,16980.070419791326
2025-11-13 14:30:00,16693.92912551397,16822.320475712822
2025-11-13 15:30:00,16740.709295457993,16717.335731999334
2025-11-13 16:30:00,16738.2801380457,16722.803982895763
2025-11-13 17:30:00,16785.167293124352,16617.27358216575
2025-11-13 18:30:00,16770.998886157926,16649.260430329843
2025-11-13 19:30:00,16805.90116862167,16616.72625647334
2025-11-13 20:30:00,16781.008531621697,16632.99417773954
2025-11-14 14:30:00,16847.65945394593,16580.911465814155
2025-11-14 15:30:00,16817.609977906613,16734.014147534836
2025-11-14 16:30:00,16813.238467001025,16749.050585993115
2025-11-14 17:30:00,16827.511568107897,16684.529563972515
2025-11-14 18:30:00,16822.043428833505,16709.27102141573
2025-11-14 19:30:00,16831.00725429492,16668.727203280043
2025-11-14 20:30:00,16836.335517880285,16644.613167972027
2025-11-17 14:30:00,16831.081709196576,16668.39847412942
2025-11-17 15:30:00,16840.952464613518,16623.72635183817
2025-11-17 16:30:00,16829.45790118267,16675.780696273396
2025-11-17 17:30:00,16853.684776331043,16566.148690202088
2025-11-17 18:30:00,16870.635012137056,16489.324520833485
2025-11-17 19:30:00,16882.02329514734,16437.65230317741
2025-11-17 20:30:00,16867.572601508356,16503.267976582832
2025-11-18 14:30:00,16916.88546756341,16276.895405142437
2025-11-18 15:30:00,16907.72972262198,16345.518032504331
2025-11-18 16:30:00,16962.509498582443,16270.586141596688
2025-11-18 17:30:00,16893.762848206934,16398.281564193447
2025-11-18 18:30:00,16898.348195641724,16387.34839975236
2025-11-18 19:30:00,16903.048968637722,16376.138235113289
2025-11-18 20:30:00,16933.31007323247,16303.961328102505
2025-11-19 14:30:00,16829.330684589782,16550.289594529306
2025-11-19 15:30:00,16886.68308306394,16387.34839975236
2025-11-19 16:30:00,16904.227061674275,16337.316490497626
2025-11-19 17:30:00,16912.07922621993,16314.897829895373
2025-11-19 18:30:00,16913.131871979178,16311.890875938898
2025-11-19 19:30:00,16872.267861635486,16428.62977263209
2025-11-19 20:30:00,16883.30289090032,16397.190250160405
2025-11-20 14:30:00,16801.20760169165,16753.152191334408
2025-11-20 15:30:00,16730.615287414323,16521.037706151372
2025-11-20 16:30:00,16622.3761646764,16218.661953880995
2025-11-20 17:30:00,16657.10463526569,16253.110098985046
2025-11-20 18:30:00,16628.63232495031,16151.681303596333
2025-11-20 19:30:00,16618.21789442454,16114.771861552324
2025-11-20 20:30:00,16588.307808252208,16008.967797976105
2025-11-21 14:30:00,16573.07697125878,15955.381609072483
2025-11-21 15:30:00,16597.856686025545,16042.322960371224
2025-11-21 16:30:00,16632.454774923674,16164.256445114645
2025-11-21 17:30:00,16614.723302219165,16101.375731495387
2025-11-21 18:30:00,16674.4261794816,16310.250567537552
2025-11-21 19:30:00,16653.995541061766,16183.941814606625
2025-11-21 20:30:00,16645.861951339197,16134.457231044302
2025-11-24 14:30:00,16692.754068719805,16417.968602361318
2025-11-24 15:30:00,16705.971257615012,16500.806679642872
2025-11-24 16:30:00,16707.999976354135,16513.657152683285
2025-11-24 17:30:00,16712.912056143403,16544.823012308763
2025-11-24 18:30:00,16713.105375551713,16546.054495116685
2025-11-24 19:30:00,16713.512905850097,16548.650954803856
2025-11-24 20:30:00,16713.46996712774,16548.37729195765
2025-11-25 14:30:00,16697.90046670479,16449.15114874571
2025-11-25 15:30:00,16705.54476482773,16497.252399993984
2025-11-25 16:30:00,16719.924229255284,16588.293687958132
2025-11-25 17:30:00,16724.90223700682,16609.20887158215
2025-11-25 18:30:00,16724.412012769593,16582.007785874866
2025-11-25 19:30:00,16725.21224882754,16625.885618441764
2025-11-25 20:30:00,16725.59131930918,16647.074464911984
2025-11-26 14:30:00,16726.957635028088,16724.1706284509
2025-11-26 15:30:00,16728.459429484705,16811.93463696415
2025-11-26 16:30:00,16728.6276904703,16822.183644289722
2025-11-26 17:30:00,16744.363708851466,16828.06238945546
2025-11-26 18:30:00,16733.344000179954,16826.694075224434
2025-11-26 19:30:00,16733.455900680514,16827.79039528515
2025-11-26 20:30:00,16730.107387019747,16794.980889906547
2025-11-28 14:30:00,16732.912475925317,16849.660061519102
2025-11-28 15:30:00,16735.76881054029,16862.51053455951
2025-11-28 16:30:00,16740.264807640822,16882.741561068015
2025-12-01 14:30:00,16726.719646597507,16821.77315002041
2025-12-01 15:30:00,16758.76635947789,16859.77557477335
2025-12-01 16:30:00,16790.028476413216,16907.43629558627
2025-12-01 17:30:00,16793.262183707684,16913.632089171395
2025-12-01 18:30:00,16770.01377471607,16869.071768164875
2025-12-01 19:30:00,16771.84511215643,16872.572650185233
2025-12-01 20:30:00,16772.444667715972,16873.71903052269
2025-12-02 14:30:00,16835.024392238607,16988.717498261056
2025-12-02 15:30:00,16827.855180105897,16914.4547463859
2025-12-02 16:30:00,16940.14990230212,17010.416959554077
2025-12-02 17:30:00,16908.020305778835,16982.803710901593
2025-12-02 18:30:00,16925.22572386425,16997.56648651366
2025-12-02 19:30:00,16962.315176562606,17029.418171930545
2025-12-02 20:30:00,16936.417855948577,17007.136342751393
2025-12-03 14:30:00,16883.599737007487,16961.751695854473
2025-12-03 15:30:00,16913.271504997632,16987.178979089094
2025-12-03 16:30:00,16954.36402920382,17022.44644405587
2025-12-03 17:30:00,16960.085828621493,17027.367369259893
2025-12-03 18:30:00,16977.246263234767,17042.13014487196
2025-12-03 19:30:00,17002.740801008975,17064.0815762246
2025-12-03 20:30:00,16982.98874277747,17047.052738751878
2025-12-04 14:30:00,16934.420604755498,17005.22237150385
2025-12-04 15:30:00,16928.69296523513,17000.301446299825
2025-12-04 16:30:00,16943.013310732313,17012.601256296042
2025-12-04 17:30:00,16958.761841773026,17026.13755512786
2025-12-04 18:30:00,16889.76748359539,16966.787759695013
2025-12-04 19:30:00,16912.91731251216,16986.631653396686
2025-12-04 20:30:00,16961.976052198166,17028.734014815032
2025-12-05 14:30:00,17103.371693156212,17174.18081154553
2025-12-05 15:30:00,17054.662874899812,17082.864192059285
2025-12-05 16:30:00,17055.375010161883,17080.676557965533
2025-12-05 17:30:00,17094.750262664507,17113.21406917382
2025-12-05 18:30:00,17081.089761623818,17098.723287732068
2025-12-05 19:30:00,17082.890622557083,17100.91092182582
2025-12-05 20:30:00,17083.56644892373,17101.731910364437
2025-12-08 14:30:00,17067.16901290259,17086.967466076476
2025-12-08 15:30:00,17050.928171476826,17061.815514363952
2025-12-08 16:30:00,17031.39222688378,17031.577438534143
2025-12-08 17:30:00,17036.80139010092,17039.94417945411
2025-12-08 18:30:00,17022.94232788328,17018.50336292427
2025-12-08 19:30:00,17030.089392637976,17029.555003353653
2025-12-08 20:30:00,17052.891121664514,17064.822468320428
2025-12-09 14:30:00,17049.181681897422,17059.08055457779
2025-12-09 15:30:00,17063.314074862457,17080.953558163525
2025-12-09 16:30:00,17071.1710390255,17093.11987408843
2025-12-09 17:30:00,17078.849194768085,17105.01252716712
2025-12-09 18:30:00,17072.320124292502,17094.897013912872
2025-12-09 19:30:00,17067.02416157079,17086.693803230275
2025-12-09 20:30:00,17069.31921016163,17090.248082879163
2025-12-10 14:30:00,17041.95857552124,17047.872058614612
2025-12-10 15:30:00,17012.581603950293,17055.799937775108
2025-12-10 16:30:00,17010.866751751193,17040.217842300317
2025-12-10 17:30:00,17009.63836390497,17029.05940661388
2025-12-10 18:30:00,17014.05799067045,17069.197736507933
2025-12-10 19:30:00,17026.30044792041,17180.46838230469
2025-12-10 20:30:00,17023.68912291593,17156.683076147303
2025-12-11 14:30:00,17091.551543469668,17026.274386550973
2025-12-11 15:30:00,17031.751801959348,16938.78737823571
2025-12-11 16:30:00,17032.359038146813,17029.555003353653
2025-12-11 17:30:00,17021.343545104173,17042.130144871968
2025-12-11 18:30:00,16977.50870673456,17092.162054126704
2025-12-11 19:30:00,16988.894434180176,17079.176418339077
2025-12-11 20:30:00,16966.965594884972,17104.191538628496
2025-12-12 14:30:00,17167.428812108054,16848.56707881017
2025-12-12 15:30:00,17212.55466696078,16784.8653766523
2025-12-12 16:30:00,17213.52093252893,16783.498731097163
2025-12-12 17:30:00,17158.433081232637,16861.41588317469
2025-12-12 18:30:00,17212.294526732225,16785.412702344707
2025-12-12 19:30:00,17219.640207797132,16775.02352624425
2025-12-12 20:30:00,17219.254520704635,16775.56918326077
2025-12-15 14:30:00,17288.341508189707,16681.520941340143
2025-12-15 15:30:00,17245.376126523155,16803.45609475946
2025-12-15 16:30:00,17269.986051053467,16733.74048468863
2025-12-15 17:30:00,17281.748333364998,16700.38532229351
2025-12-15 18:30:00,17273.075536892477,16724.99161698952
2025-12-15 19:30:00,17276.93165629202,16714.05511519665
2025-12-15 20:30:00,17285.31679153905,16690.26980903926
2025-12-16 14:30:00,17309.443287439677,16636.137963119116
2025-12-16 15:30:00,17310.49150103082,16630.669712222683
2025-12-16 16:30:00,17305.356283263838,16657.46364101244
2025-12-16 17:30:00,17313.935836157852,16612.73812109267
2025-12-16 18:30:00,17304.03395917927,16664.433700211222
2025-12-16 19:30:00,17292.152404906134,16726.35826254465
2025-12-16 20:30:00,17292.152404906134,16726.35826254465
2025-12-17 14:30:00,17297.881832882293,16696.559048474308
2025-12-17 15:30:00,17329.232276918785,16533.340853499376
2025-12-17 16:30:00,17332.313642483983,16517.211432332173
2025-12-17 17:30:00,17355.752091497438,16496.97873714778
2025-12-17 18:30:00,17384.48524475218,16452.143084619165
2025-12-17 19:30:00,17381.53749063644,16459.523638087256
2025-12-17 20:30:00,17399.884370946762,16413.593334173816
2025-12-18 14:30:00,17300.861840779504,16699.83632792521
2025-12-18 15:30:00,17267.38331149719,16719.24970324688
2025-12-18 16:30:00,17292.463620231945,16638.87125422939
2025-12-18 17:30:00,17265.742897286083,16724.71795414331
2025-12-18 18:30:00,17282.465629302562,16671.13343391558
2025-12-18 19:30:00,17276.84386584042,16689.17682633033
2025-12-18 20:30:00,17287.838195145283,16653.909361363556
2025-12-19 14:30:00,17240.142403370548,16824.781772652783
2025-12-19 15:30:00,17240.142403370548,16846.653107562626
2025-12-19 16:30:00,17240.142403370548,16867.431459763542
2025-12-19 17:30:00,17240.142403370548,16867.97711678006
2025-12-19 18:30:00,17240.142403370548,16872.078722121358
2025-12-19 19:30:00,17240.142403370548,16875.085676077833
2025-12-19 20:30:00,17240.142403370548,16875.085676077833
2025-12-22 14:30:00,17240.142403370548,16928.124539289045
2025-12-22 15:30:00,17274.27706550081,16943.43464059352
2025-12-22 16:30:00,17262.03183921335,16934.95943574061
2025-12-22 17:30:00,17252.154903010014,16928.12453928904
2025-12-22 18:30:00,17260.84905235957,16934.140115877886
2025-12-22 19:30:00,17250.181013764468,16926.757893733906
2025-12-22 20:30:00,17250.972070464686,16927.305219426315
2025-12-23 14:30:00,17245.39021503781,16920.436949456915
2025-12-23 15:30:00,17292.01673843777,16964.76031848684
2025-12-23 16:30:00,17307.801308836853,16979.796756945114
2025-12-23 17:30:00,17310.66855758774,16982.530048055385
2025-12-23 18:30:00,17321.565498864617,16992.919224155845
2025-12-23 19:30:00,17330.163678537734,17001.12076616255
2025-12-23 20:30:00,17340.479264040754,17010.964285246486
2025-12-24 14:30:00,17348.24864684273,17018.381549584188
2025-12-24 15:30:00,17373.402559114445,17042.40380771817
2025-12-24 16:30:00,17387.986484712295,17056.347263467513
2025-12-26 14:30:00,17449.864175216782,17069.19773650793
2025-12-26 15:30:00,17424.418956184967,17068.103085123108
2025-12-26 16:30:00,17421.137830857027,17066.462776721768
2025-12-26 17:30:00,17407.46490042708,17059.6278802702
2025-12-26 18:30:00,17422.237326319686,17067.01010241418
2025-12-26 19:30:00,17411.298583405853,17061.541851517744
2025-12-26 20:30:00,17399.26531103227,17055.527943604793
2025-12-29 14:30:00,17301.281344158517,16978.70377423619
2025-12-29 15:30:00,17273.612033033824,16952.32033971574
2025-12-29 16:30:00,17242.351207041735,16922.549493135553
2025-12-29 17:30:00,17272.363124893138,16951.090525583706
2025-12-29 18:30:00,17278.247337143377,16956.693939227353
2025-12-29 19:30:00,17303.64889571445,16980.88973965405
2025-12-29 20:30:00,17297.055532450446,16974.60216889489
2025-12-30 14:30:00,17270.672501109028,16949.450217182366
2025-12-30 15:30:00,17320.918351477758,16997.294492343346
2025-12-30 16:30:00,17287.399857755157,16965.30597550336
2025-12-30 17:30:00,17296.86821387455,16974.32850604868
2025-12-30 18:30:00,17295.291118706486,16972.82502907044
2025-12-30 19:30:00,17275.501632790354,16953.960648117074
2025-12-30 20:30:00,17255.26346046686,16934.6857728944
2025-12-31 14:30:00,17209.86782315736,16891.490428767127
2025-12-31 15:30:00,17206.411219514757,16888.208143288553
2025-12-31 16:30:00,17199.644561557747,16881.78374110629
2025-12-31 17:30:00,17210.16160463211,16891.765760289225
2025-12-31 18:30:00,17203.164968976427,16877.82063586399
2025-12-31 19:30:00,17151.706811570995,16810.47621423498
2025-12-31 20:30:00,17138.747264098583,16794.16157004382
2026-01-02 14:30:00,17202.5202017086,16825.053766823094
2026-01-02 15:30:00,17334.76617045342,16752.604865641995
2026-01-02 16:30:00,17348.430056647183,16759.436424741783
2026-01-02 17:30:00,17379.822431845678,16725.265279835723
2026-01-02 18:30:00,17339.459320719052,16775.297189090456
2026-01-02 19:30:00,17327.505932481905,16789.512639010114
2026-01-02 20:30:00,17350.962344789954,16761.62739618732
2026-01-05 14:30:00,17226.54360896214,16949.999211550672
2026-01-05 15:30:00,17225.293874604962,16957.10443349666
2026-01-05 16:30:00,17231.6428386852,16921.01597999127
2026-01-05 17:30:00,17234.21310858661,16906.390035802306
2026-01-05 18:30:00,17236.54217088504,16893.130737168474
2026-01-05 19:30:00,17234.86215178707,16902.698924730314
2026-01-05 20:30:00,17236.302631257804,16894.49738272361
2026-01-06 14:30:00,17234.941174241605,17016.97819315944
2026-01-06 15:30:00,17225.86546334359,16956.01145078773
2026-01-06 16:30:00,17231.204509542615,16993.808628406015
2026-01-06 17:30:00,17224.4966372437,17009.050313998945
2026-01-06 18:30:00,17205.794266102435,17041.859819377543
2026-01-06 19:30:00,17205.483236350417,17042.403807718172
2026-01-06 20:30:00,17198.60493504384,17054.43329221997
2026-01-07 14:30:00,17182.485159190455,17082.593866564857
2026-01-07 15:30:00,17171.345341487053,17102.003904534744
2026-01-07 16:30:00,17149.968849244062,17159.82853020277
2026-01-07 17:30:00,17147.373336282828,17124.696227983204
2026-01-07 18:30:00,17145.90836483603,17104.87569574401
2026-01-07 19:30:00,17143.998281624186,17079.039586915973
2026-01-07 20:30:00,17142.643634991582,17060.722531655018
2026-01-08 14:30:00,17132.46320219542,16974.328506048685
2026-01-08 15:30:00,17114.83199028154,16926.484230887705
2026-01-08 16:30:00,17125.322873516463,16933.130566963533
2026-01-08 17:30:00,17148.481605637156,16947.809908781026
2026-01-08 18:30:00,17115.73762186605,16927.031556580114
2026-01-08 19:30:00,17164.49999116068,16957.925422035274
2026-01-08 20:30:00,17170.525078177012,16961.751695854473
2026-01-09 14:30:00,17356.880597857933,17080.1325696249
2026-01-09 15:30:00,17372.27306372316,17086.440164494754
2026-01-09 16:30:00,17399.342972176197,17118.95431424056
2026-01-09 17:30:00,17397.42732509797,17116.494685976497
2026-01-09 18:30:00,17421.37291839269,17149.028859833
2026-01-09 19:30:00,17423.914393480605,17154.22344788323
2026-01-09 20:30:00,17414.14497786326,17132.6241071437
2026-01-12 14:30:00,17411.915483422734,17127.703181939676
2026-01-12 15:30:00,17417.49173955403,17140.006329287677
2026-01-12 16:30:00,17423.924008455913,17154.211767151985
2026-01-12 17:30:00,17432.214139057374,17172.54050314418
2026-01-12 18:30:00,17434.324138260912,17176.368445639273
2026-01-12 19:30:00,17434.324138260912,17173.08782883659
2026-01-12 20:30:00,17434.324138260912,17146.841225739245
2026-01-13 14:30:00,17434.324138260912,17078.195236914868
2026-01-13 15:30:00,17434.324138260912,17119.725242502427
2026-01-13 16:30:00,17434.324138260912,17159.141035735465
2026-01-13 17:30:00,17434.324138260912,17098.723287732053
2026-01-13 18:30:00,17434.324138260912,17093.25503683562
2026-01-13 19:30:00,17434.324138260912,17067.692590853785
2026-01-13 20:30:00,17434.324138260912,17118.13499437783
2026-01-14 14:30:00,17434.324138260912,16927.850876442826
2026-01-14 15:30:00,17434.324138260912,16904.33923313164
2026-01-14 16:30:00,17434.324138260912,16849.11273582668
2026-01-14 17:30:00,17434.324138260912,16851.43720134353
2026-01-14 18:30:00,17434.324138260912,16861.689546020887
2026-01-14 19:30:00,17434.324138260912,16893.950057031187
2026-01-14 20:30:00,17434.017030030223,16939.606698098418
2026-01-15 14:30:00,17410.784693302834,17091.06907141776
2026-01-15 15:30:00,17420.52548956485,17119.775302779173
2026-01-15 16:30:00,17431.451798267946,17103.373887441656
2026-01-15 17:30:00,17423.987246607132,17114.584052080725
2026-01-15 18:30:00,17466.237846819287,17051.152675417274
2026-01-15 19:30:00,17502.04818034035,16997.29449234334
2026-01-15 20:30:00,17502.95660883355,16995.92617811231
2026-01-16 14:30:00,17519.4727612212,16971.04788924599
2026-01-16 15:30:00,17499.522928081744,17001.119097486648
2026-01-16 16:30:00,17506.963976738152,16989.91227019936
2026-01-16 17:30:00,17498.979193167408,17001.941754701154
2026-01-16 18:30:00,17515.317524194717,16977.33546000515
2026-01-16 19:30:00,17502.43715543443,16996.747166650926
2026-01-16 20:30:00,17514.053801888007,16979.249431252694
2026-01-20 14:30:00,17663.52372474368,16771.085451140305
2026-01-20 15:30:00,17651.308329915297,16798.808832401624
2026-01-20 16:30:00,17670.447285298153,16755.903837879472
2026-01-20 17:30:00,17697.158573309796,16696.01172278188
2026-01-20 18:30:00,17721.025423533716,16638.599260059058
2026-01-20 19:30:00,17727.29923138572,16616.180599456806
2026-01-20 20:30:00,17725.234471612894,16623.561152924896
2026-01-21 14:30:00,17680.640166006386,16783.894207283432
2026-01-21 15:30:00,17661.126850955232,16834.349960214604
2026-01-21 16:30:00,17744.780846073358,16670.312445376945
2026-01-21 17:30:00,17736.145481609637,16689.450489176517
2026-01-21 18:30:00,17679.011224045244,16816.03290495365
2026-01-21 19:30:00,17661.944634885993,16853.76333553627
2026-01-21 20:30:00,17666.27689841919,16844.191810622648
2026-01-22 14:30:00,17629.283459848626,16925.936905195274
2026-01-22 15:30:00,17605.123381066565,16979.24943125269
2026-01-22 16:30:00,17603.511186713422,16982.80371090158
2026-01-22 17:30:00,17597.62669704431,16995.77599728207
2026-01-22 18:30:00,17594.457420156163,17002.761074563874
2026-01-22 19:30:00,17624.355630517675,16936.87340698814
2026-01-22 20:30:00,17608.370165914268,16972.140871954914
2026-01-23 14:30:00,17583.010005617867,17033.92860286524
2026-01-23 15:30:00,17574.343537750596,17062.36450873223
2026-01-23 16:30:00,17573.29857117509,17067.010102414155
2026-01-23 17:30:00,17581.01016443963,17038.16703962964
2026-01-23 18:30:00,17577.937391921518,17033.51810859593
2026-01-23 19:30:00,17562.84227144513,17010.69062240026
2026-01-23 20:30:00,17573.35218727541,17026.548049397148
2026-01-26 14:30:00,17603.351895653486,17100.637258979586
2026-01-26 15:30:00,17626.234656686982,17139.187009424935
2026-01-26 16:30:00,17629.310255803044,17144.381597475163
2026-01-26 17:30:00,17627.529528771873,17141.372974842798
2026-01-26 18:30:00,17624.940392357064,17136.999375331186
2026-01-26 19:30:00,17617.65492115932,17124.696227983182
2026-01-26 20:30:00,17603.234299463475,17100.363596133382
2026-01-27 14:30:00,17681.782376223102,17232.68792565315
2026-01-27 15:30:00,17699.720798985225,17263.171296839006
2026-01-27 16:30:00,17697.553011437754,17259.480185767017
2026-01-27 17:30:00,17707.242005751235,17255.38024910161
2026-01-27 18:30:00,17718.919042578804,17265.517455142453
2026-01-27 19:30:00,17721.96892674766,17268.165643782257
2026-01-27 20:30:00,17705.04067289947,17253.466277854062
2026-01-28 14:30:00,17804.973683273744,17352.16178213251
2026-01-28 15:30:00,17785.417365554313,17327.555487436504
2026-01-28 16:30:00,17754.72205421648,17290.100388375977
2026-01-28 17:30:00,17773.326827674817,17312.792711824433
2026-01-28 18:30:00,17753.15803031012,17288.18641712843
2026-01-28 19:30:00,17780.951566385844,17322.08556786418
2026-01-28 20:30:00,17767.957961594555,17306.231478219073
2026-01-29 14:30:00,17583.649919401094,17035.56891126658
2026-01-29 15:30:00,17583.649919401094,17002.215417547348
2026-01-29 16:30:00,17567.59713907881,17104.19153862847
2026-01-29 17:30:00,17566.29687541771,17109.112463832498
2026-01-29 18:30:00,17560.661439706608,17130.43814172582
2026-01-29 19:30:00,17565.178647215773,17113.3509005969
2026-01-29 20:30:00,17540.577002002177,17206.441322555806
2026-01-30 14:30:00,17573.871845728223,17080.676557965508
2026-01-30 15:30:00,17573.293174426577,17082.867529411047
2026-01-30 16:30:00,17576.181801265928,17071.93102761818
2026-01-30 17:30:00,17595.530412298267,16998.661137898467
2026-01-30 18:30:00,17587.888047001637,17027.641032106083
2026-01-30 19:30:00,17608.807926596626,16948.355565797527
2026-01-30 20:30:00,17595.194041195773,17000.0277834536
2026-02-02 14:30:00,17561.52351787867,17127.70318193966
2026-02-02 15:30:00,17556.680963547256,17146.021905876507
2026-02-02 16:30:00,17552.740900317836,17160.92151291168
2026-02-02 17:30:00,17553.355755497527,17158.597047394822
2026-02-02 18:30:00,17551.62028876066,17165.158281000186
2026-02-02 19:30:00,17561.56469545998,17127.566350516554
2026-02-02 20:30:00,17563.190639585297,17121.4156111805
2026-02-03 14:30:00,17612.456809055515,16921.015979991244
2026-02-03 15:30:00,17618.470733821832,16887.1151605796
2026-02-03 16:30:00,17627.967071836953,16833.52897167598
2026-02-03 17:30:00,17637.68959297935,16778.577805893114
2026-02-03 18:30:00,17641.89098425531,16754.792499735726
2026-02-03 19:30:00,17637.813354437247,16777.8936487776
2026-02-03 20:30:00,17618.226957294948,16853.488004014165
2026-02-04 14:30:00,17676.04348480812,16724.170628450873
2026-02-04 15:30:00,17705.339393122074,16645.979813527138
2026-02-04 16:30:00,17761.37186803419,16485.77024118457
2026-02-04 17:30:00,17768.37900907568,16522.406020382376
2026-02-04 18:30:00,17760.731121344907,16536.07581328551
2026-02-04 19:30:00,17719.73350373326,16600.59683530611
2026-02-04 20:30:00,17747.266291338845,16557.399822502943
2026-02-05 14:30:00,17909.825815398934,16283.184644577455
2026-02-05 15:30:00,17838.179158096325,16416.054631113744
2026-02-05 16:30:00,17809.83504222796,16454.602712883203
2026-02-05 17:30:00,17860.98404092863,16384.887102812376
2026-02-05 18:30:00,17845.77998374536,16405.665455013288
2026-02-05 19:30:00,17907.244509955835,16321.732726346914
2026-02-05 20:30:00,17905.64758632067,16323.920360440665
2026-02-06 14:30:00,17774.717034500223,16503.267976582803
2026-02-06 15:30:00,17724.675731350726,16571.343278252287
2026-02-06 16:30:00,17693.442788986496,16613.719302516834
2026-02-06 17:30:00,17683.249751488172,16627.52592684308
2026-02-06 18:30:00,17675.47446682081,16638.051934366635
2026-02-06 19:30:00,17673.050153538927,16641.33255116932
2026-02-06 20:30:00,17634.595138676777,16667.031828574254
2026-02-09 14:30:00,17630.052561626304,16691.090797577846
2026-02-09 15:30:00,17611.22973040634,16805.917391699386
2026-02-09 16:30:00,17615.111396516717,16824.508109806546
2026-02-09 17:30:00,17623.00044412753,16797.442186846474
2026-02-09 18:30:00,17608.238275735916,16848.15658454083
2026-02-09 19:30:00,17618.80947754271,16811.931299612337
2026-02-09 20:30:00,17623.667313766553,16795.25455275272
2026-02-10 14:30:00,17610.856214219602,16839.270885418613
2026-02-10 15:30:00,17620.744740462287,16805.370066006974
2026-02-10 16:30:00,17617.560035113147,16816.30656779984
2026-02-10 17:30:00,17631.898499107665,16767.09397840783
2026-02-10 18:30:00,17630.468239256115,16772.01490361185
2026-02-10 19:30:00,17639.250785083932,16741.805195272198
2026-02-10 20:30:00,17646.036159201234,16718.43038338412
2026-02-11 14:30:00,17672.988651754367,16625.475124172423
2026-02-11 15:30:00,17650.49888834897,16703.393944925843
2026-02-11 16:30:00,17632.200651484956,16766.548321391307
2026-02-11 17:30:00,17634.545088871804,16758.48194213181
2026-02-11 18:30:00,17620.922812770863,16805.370066006966
2026-02-11 19:30:00,17633.18312902068,16763.267704588623
2026-02-11 20:30:00,17634.534091764886,16758.618773554914
2026-02-12 14:30:00,17642.477052189897,16731.279187748638
2026-02-12 15:30:00,17711.804120968718,16456.790346976944
2026-02-12 16:30:00,17711.804120968718,16493.426126174745
2026-02-12 17:30:00,17746.37745512775,16472.37411112763
2026-02-12 18:30:00,17732.842174379493,16492.60513763613
2026-02-12 19:30:00,17763.303248476117,16447.085327991997
2026-02-12 20:30:00,17782.569776652617,16419.06158507021
2026-02-13 14:30:00,17742.941745332275,16484.40359562942
2026-02-13 15:30:00,17739.17871094288,16486.040566678977
2026-02-13 16:30:00,17704.16884125822,16550.291263205156
2026-02-13 17:30:00,17702.229313665004,16553.845542854044
2026-02-13 18:30:00,17713.120684548623,16533.88817919175
2026-02-13 19:30:00,17770.68778098097,16428.35444110995
2026-02-13 20:30:00,17756.998504862888,16453.509730174257
2026-02-17 14:30:00,17902.250066471304,16272.521805630782
2026-02-17 15:30:00,17796.358515219927,16405.39179216707
2026-02-17 16:30:00,17784.412706830426,16423.163190411506
2026-02-17 17:30:00,17778.439796387273,16432.047220857832
2026-02-17 18:30:00,17750.02435762958,16477.29503633165
2026-02-17 19:30:00,17772.796268134487,16435.50972333269
2026-02-17 20:30:00,17772.373801303438,16436.285657622233
2026-02-18 14:30:00,17669.960604836786,16624.382141463484
2026-02-18 15:30:00,17656.954755361592,16648.167447620875
2026-02-18 16:30:00,17658.001887138522,16646.25347637333
2026-02-18 17:30:00,17667.724176282452,16628.482078128894
2026-02-18 18:30:00,17690.345540328006,16581.732454352732
2026-02-18 19:30:00,17721.724392497996,16505.796020558406
2026-02-18 20:30:00,17699.930435084116,16558.766468058067
2026-02-19 14:30:00,17725.429327116406,16496.97873714774
2026-02-19 15:30:00,17721.606449200695,16506.274930539268
2026-02-19 16:30:00,17725.206164409672,16497.526062840152
2026-02-19 17:30:00,17741.437003995736,16450.36594479468
2026-02-19 18:30:00,17734.22486594334,16463.62524342851
2026-02-19 19:30:00,17741.811402010248,16449.68178767917
2026-02-19 20:30:00,17715.04448565227,16498.892708395284
2026-02-20 14:30:00,17672.3185121125,16577.357186165227
2026-02-20 15:30:00,17670.379665964305,16580.911465814115
2026-02-20 16:30:00,17688.873929165115,16547.010646402472
2026-02-20 17:30:00,17675.908062700488,16570.795952559864
2026-02-20 18:30:00,17643.669746640186,16629.903789988446
2026-02-20 19:30:00,17655.644859246735,16607.977388774183
2026-02-20 20:30:00,17634.750804118783,16646.253476373327
2026-02-23 14:30:00,17707.793499808206,16512.562501298424
2026-02-23 15:30:00,17742.193719478426,16449.40812483296
2026-02-23 16:30:00,17754.535758669477,16426.717470060394
2026-02-23 17:30:00,17730.53193904136,16470.870634149385
2026-02-23 18:30:00,17764.528479451536,16408.39874612355
2026-02-23 19:30:00,17767.500072580187,16402.930495227112
2026-02-23 20:30:00,17745.959795894367,16442.573228381392
2026-02-24 14:30:00,17657.343390539074,16605.517760510116
2026-02-24 15:30:00,17656.448015202917,16607.15806891146
2026-02-24 16:30:00,17640.031883724318,16637.230945828007
2026-02-24 17:30:00,17654.671794598074,16610.430342334683
2026-02-24 18:30:00,17660.63768749819,16599.502183921275
2026-02-24 19:30:00,17661.98011199955,16597.042555657208
2026-02-24 20:30:00,17650.49091299164,16618.09457070433
2026-02-25 14:30:00,17548.354404497724,16820.953830157647
2026-02-25 15:30:00,17552.54668364161,16799.354489418118
2026-02-25 16:30:00,17549.84229534283,16813.297945167462
2026-02-25 17:30:00,17547.534601489544,16825.190598246158
2026-02-25 18:30:00,17543.447979268763,16846.242613293278
2026-02-25 19:30:00,17543.872940299843,16844.05497919952
2026-02-25 20:30:00,17541.668878488603,16855.4019752617
2026-02-26 14:30:00,17596.0125027629,16559.587456596684
2026-02-26 15:30:00,17593.13487655568,16642.151871032034
2026-02-26 16:30:00,17596.330101596683,16582.00611719894
2026-02-26 17:30:00,17583.9913020205,16550.291263205163
2026-02-26 18:30:00,17616.947907184338,16634.75129345325
2026-02-26 19:30:00,17611.874639066453,16621.647181677326
2026-02-26 20:30:00,17625.545807168677,16656.916315319995
2026-02-27 14:30:00,17599.350530547763,16589.114676496716
2026-02-27 15:30:00,17598.44677215295,16586.79021097986
2026-02-27 16:30:00,17594.40655887653,16576.401034879404
2026-02-27 17:30:00,17583.924062863196,16549.471943342436
2026-02-27 18:30:00,17582.537044767425,16545.917663693548
2026-02-27 19:30:00,17600.94683441168,16593.077781739015
2026-02-27 20:30:00,17605.51585807708,16604.833603394607
2026-03-02 14:30:00,17497.555601982946,16531.700545097996
2026-03-02 15:30:00,17498.83150825973,16521.85869468995
2026-03-02 16:30:00,17483.653665028636,16639.00808565245
2026-03-02 17:30:00,17484.38507587932,16633.404672008804
2026-03-02 18:30:00,17480.7286719168,16661.426746254703
2026-03-02 19:30:00,17490.43119156129,16587.20070524916
2026-03-02 20:30:00,17485.700691568876,16623.561152924867
2026-03-03 14:30:00,17552.31207271267,16185.855785854135
2026-03-03 15:30:00,17519.684972835228,16358.640499715018
2026-03-03 16:30:00,17494.59159326082,16414.414322712393
2026-03-03 17:30:00,17479.729422678993,16443.1205540738
2026-03-03 18:30:00,17475.623217827022,16451.0484332343
2026-03-03 19:30:00,17467.55077410279,16466.632197384988
2026-03-03 20:30:00,17476.616676525966,16449.134461986756
2026-03-04 14:30:00,17353.352904953674,16703.93960194236
2026-03-04 15:30:00,17355.285553451788,16681.794604186307
2026-03-04 16:30:00,17351.738762250683,16700.38532229347
2026-03-04 17:30:00,17346.87609384702,16725.85765977716
2026-03-04 18:30:00,17343.959544159094,16741.12270683257
2026-03-04 19:30:00,17349.23801204141,16713.50945818009
2026-03-04 20:30:00,17353.31084882458,16692.183780286767
2026-03-05 14:30:00,17366.5376179914,16622.878664485248
2026-03-05 15:30:00,17372.081830134375,16593.761938854528
2026-03-05 16:30:00,17377.022693138668,16567.788998603388
2026-03-05 17:30:00,17393.963037432786,16478.661681886784
2026-03-05 18:30:00,17387.66365512703,16508.59939605612
2026-03-05 19:30:00,17387.66365512703,16585.28673400162
2026-03-05 20:30:00,17387.66365512703,16648.986767483602
2026-03-06 14:30:00,17387.66365512703,16502.994313736584
2026-03-06 15:30:00,17387.66365512703,16517.481757826557
2026-03-06 16:30:00,17387.66365512703,16496.70674297743
2026-03-06 17:30:00,17387.66365512703,16508.188901786812
2026-03-06 18:30:00,17387.66365512703,16500.261022626313
2026-03-06 19:30:00,17387.66365512703,16390.90267940121
2026-03-06 20:30:00,17387.66365512703,16400.19720411684
2026-03-09 13:30:00,17387.66365512703,16225.223187486317
2026-03-09 14:30:00,17387.66365512703,16385.160765658566
2026-03-09 15:30:00,17392.589127368024,16416.05463111373
2026-03-09 16:30:00,17412.39163397862,16363.563093594927
2026-03-09 17:30:00,17420.26380479862,16388.167719615038
2026-03-09 18:30:00,17448.840589410673,16589.114676496705
2026-03-09 19:30:00,17453.23895015982,16615.90693661057
2026-03-10 13:30:00,17467.58803110637,16625.47512417241
2026-03-10 14:30:00,17446.06126286131,16717.335731999287
2026-03-10 15:30:00,17446.587671580943,16708.58853297606
2026-03-10 16:30:00,17443.2796263924,16763.726590458777
2026-03-10 17:30:00,17449.126478619477,16668.124811283167
2026-03-10 18:30:00,17452.26327759044,16615.085948071955
2026-03-10 19:30:00,17452.405984271994,16612.626319807892
2026-03-11 13:30:00,17450.646870274275,16642.972859570644
2026-03-11 14:30:00,17454.188140202954,16582.55177421545
2026-03-11 15:30:00,17453.545455850024,16593.761938854524
2026-03-11 16:30:00,17451.467912349948,16629.850392359916
2026-03-11 17:30:00,17455.721369847022,16590.48132205184
2026-03-11 18:30:00,17455.757890531822,16582.279780045137
2026-03-11 19:30:00,17455.61773530135,16615.085948071955
2026-03-12 13:30:00,17448.001692737642,16373.678606849178
2026-03-12 14:30:00,17441.87270972126,16374.77158955811
2026-03-12 15:30:00,17439.36651077805,16389.259033648083
2026-03-12 16:30:00,17438.288061747135,16395.48986942693
2026-03-12 17:30:00,17439.934413769795,16385.980085521292
2026-03-12 18:30:00,17442.489287228418,16371.217309909225
2026-03-12 19:30:00,17449.440620594276,16331.028919738428
2026-03-13 13:30:00,17434.78044257348,16415.909456311172
2026-03-13 14:30:00,17458.268774379685,16280.176021945073
2026-03-13 15:30:00,17461.90849093249,16264.04660077787
2026-03-13 16:30:00,17461.353633784416,16266.506229041936
2026-03-13 17:30:00,17466.904354509545,16241.90160302182
2026-03-13 18:30:00,17472.452782018852,16217.295308325814
2026-03-13 19:30:00,17469.310208663013,16231.238764075159
2026-03-16 13:30:00,17421.296923256563,16444.21353678273
2026-03-16 14:30:00,17443.39054402996,16443.939873936524
2026-03-16 15:30:00,17435.12157488003,16389.534365170177
2026-03-16 16:30:00,17441.483896124835,16430.817406725797
2026-03-16 17:30:00,17443.81869081973,16446.127508030277
2026-03-16 18:30:00,17436.986506510955,16421.794876180476
2026-03-16 19:30:00,17434.991980717386,16412.226688618637
2026-03-17 13:30:00,17459.59679839599,16530.060236696652
2026-03-17 14:30:00,17452.665699511013,16496.15941728501
2026-03-17 15:30:00,17452.319287726787,16497.25239999394
2026-03-17 16:30:00,17454.57534761316,16501.354005335237
2026-03-17 17:30:00,17449.163490001927,16491.51215492719
2026-03-17 18:30:00,17450.667534369106,16494.24544603746
2026-03-17 19:30:00,17451.720527263464,16496.159417285005
2026-03-18 13:30:00,17393.586056748347,16375.590909420827
2026-03-18 14:30:00,17406.053807486547,16418.24226520747
2026-03-18 15:30:00,17405.815092514844,16417.421276668854
2026-03-18 16:30:00,17395.08297701323,16380.51517197663
2026-03-18 17:30:00,17399.714577489383,16396.369261621738
2026-03-18 18:30:00,17375.120508015985,16308.61025913616
2026-03-18 19:30:00,17364.908732060747,16260.492321128972
2026-03-19 13:30:00,17355.166230547384,16117.506821338433
2026-03-19 14:30:00,17388.274057725986,16140.471138957204
2026-03-19 15:30:00,17386.732909683917,16145.66572700743
2026-03-19 16:30:00,17396.099115987927,16131.722271258086
2026-03-19 17:30:00,17387.08752902972,16145.14343145339
2026-03-19 18:30:00,17334.66742754775,16227.137158733847
2026-03-19 19:30:00,17343.565738231835,16211.82705742937
2026-03-20 13:30:00,17455.619105173202,16019.49380549961
2026-03-20 14:30:00,17458.240766827294,16014.162386026279
2026-03-20 15:30:00,17452.74521684726,16041.228308986349
2026-03-20 16:30:00,17492.80420087351,15994.7506793805
2026-03-20 17:30:00,17541.083236061382,15935.424245410133
2026-03-20 18:30:00,17587.593742430003,15876.097811439764
2026-03-20 19:30:00,17573.390407359173,15913.55291050029
2026-03-23 13:30:00,17421.785759817685,16236.02285785607
2026-03-23 14:30:00,17425.64497776992,16218.388291034735
2026-03-23 15:30:00,17467.61822164827,16026.465533374283
2026-03-23 16:30:00,17461.9786296585,16052.438473625423
2026-03-23 17:30:00,17441.37988853075,16112.038570442
2026-03-23 18:30:00,17429.780058817083,16130.08196285675
2026-03-23 19:30:00,17461.784875251546,16080.32371644822
2026-03-24 13:30:00,17541.510812763336,15956.202597611047
2026-03-24 14:30:00,17484.852317156365,16044.710835571905
2026-03-24 15:30:00,17489.016632273982,16038.221355029877
2026-03-24 16:30:00,17543.743697349746,15952.921980808365
2026-03-24 17:30:00,17518.5522139101,15992.277701709309
2026-03-24 18:30:00,17516.090773213647,15996.118993611532
2026-03-24 19:30:00,17536.415295826366,15964.40413961775
2026-03-25 13:30:00,17425.780518412404,16137.190522154524
2026-03-25 14:30:00,17447.942873842916,16102.742377050472
2026-03-25 15:30:00,17453.390241757013,16094.267172197562
2026-03-25 16:30:00,17446.099831669682,16105.612499583847
2026-03-25 17:30:00,17453.39252591391,16094.267172197566
2026-03-25 18:30:00,17478.49774634533,16055.198463549963
2026-03-25 19:30:00,17470.091558426648,16068.294231946425
2026-03-26 13:30:00,17553.656540502932,15938.157536520408
2026-03-26 14:30:00,17590.217212239626,15881.018736643791
2026-03-26 15:30:00,17622.35586724642,15830.71316454285
2026-03-26 16:30:00,17643.897432065987,15796.949176554313
2026-03-26 17:30:00,17688.68490900894,15726.686240791078
2026-03-26 18:30:00,17691.18908986633,15722.99512971909
2026-03-26 19:30:00,17713.410557441468,15684.994373642041
2026-03-27 13:30:00,17768.08210893628,15488.696347794084
2026-03-27 14:30:00,17758.873993620713,15541.187885312886
2026-03-27 15:30:00,17790.732923883956,15492.659453036391
2026-03-27 16:30:00,17825.810503606444,15424.720982790008
2026-03-27 17:30:00,17830.22841716171,15412.828329711314
2026-03-27 18:30:00,17837.691434598637,15392.734134625916
2026-03-27 19:30:00,17842.969755093924,15378.517016030368
2026-03-30 13:30:00,17838.657149687617,15390.136006262857
2026-03-30 14:30:00,17866.600869403464,15392.186808933508
2026-03-30 15:30:00,17901.401908038733,15355.619445447257
2026-03-30 16:30:00,17950.571263532493,15303.877143403739
2026-03-30 17:30:00,17977.47955949645,15275.501309868843
2026-03-30 18:30:00,18051.331637997187,15197.532428838676
2026-03-30 19:30:00,17989.626750241074,15262.879445425566
2026-03-31 13:30:00,17719.87992211784,15549.115764473392
2026-03-31 14:30:00,17774.02973662703,15500.248590990921
2026-03-31 15:30:00,17745.044539977433,15538.180931356415
2026-03-31 16:30:00,17681.448398945817,15706.044720013273
2026-03-31 17:30:00,17677.976759491114,15721.902147010163
2026-03-31 18:30:00,17665.264487177377,15759.630908916897
2026-03-31 19:30:00,17648.55139901954,15780.135598271603
2026-04-01 13:30:00,17580.322140077664,15961.670848507492
2026-04-01 14:30:00,17583.40427323104,16002.132901524496
2026-04-01 15:30:00,17586.22460455103,16039.177506315711
2026-04-01 16:30:00,17587.62901285127,16057.63306167566
2026-04-01 17:30:00,17578.6539970848,15939.662682174543
2026-04-01 18:30:00,17582.83071671507,15994.478685210197
2026-04-01 19:30:00,17581.290179077743,15974.245990025802
2026-04-02 13:30:00,17568.671987035534,15808.568166786803
2026-04-02 14:30:00,17580.62890416751,15965.225128156371
2026-04-02 15:30:00,17575.922274677414,15903.434059894262
2026-04-02 16:30:00,17579.757134008203,15953.739631995202
2026-04-02 17:30:00,17576.92472545789,15916.559864456774
2026-04-02 18:30:00,17578.902303738836,15942.50610589365
2026-04-02 19:30:00,17582.71639826457,15992.564713962647
2026-04-06 13:30:00,17590.127312377397,16089.893572685956
2026-04-06 14:30:00,17586.010625821327,16035.760058089923
2026-04-06 15:30:00,17615.32126928355,16055.84090376819
2026-04-06 16:30:00,17611.856281056727,16052.43847362543
2026-04-06 17:30:00,17634.966801233186,16075.129128397995
2026-04-06 18:30:00,17631.488789212006,16071.711680172211
2026-04-06 19:30:00,17650.273583183018,16090.167235532163
2026-04-07 13:30:00,17449.709410434523,15921.8529043846
2026-04-07 14:30:00,17448.758084610836,15894.962192393135
2026-04-07 15:30:00,17511.418421653874,15977.254612658171
2026-04-07 16:30:00,17509.756776171813,15975.06697856442
2026-04-07 17:30:00,17512.871138908158,15979.166915229827
2026-04-07 18:30:00,17524.915163448644,15995.024342226716
2026-04-07 19:30:00,17601.086159215083,16095.360154906499
2026-04-08 13:30:00,17809.40143925825,16544.5510181384
2026-04-08 14:30:00,17802.958866106263,16517.757089348645
2026-04-08 15:30:00,17819.08781309215,16573.257249499817
2026-04-08 16:30:00,17816.665309970842,16564.91887607001
2026-04-08 17:30:00,17811.462295955003,16547.010646402472
2026-04-08 18:30:00,17793.19133631638,16484.129932783213
2026-04-08 19:30:00,17816.872088186483,16565.601364509632
2026-04-09 13:30:00,17797.927592138803,16500.39618537352
2026-04-09 14:30:00,17812.50853784354,16550.564926051356
2026-04-09 15:30:00,17842.85388447238,16655.00234407244
2026-04-09 16:30:00,17844.283883018623,16659.926606628247
2026-04-09 17:30:00,17832.800583027387,16620.382325351566
2026-04-09 18:30:00,17844.364817168498,16660.19693212267
2026-04-09 19:30:00,17849.92232397407,16679.33497592224
2026-04-10 13:30:00,17868.497790946047,16743.308672250427
2026-04-10 14:30:00,17869.92566689072,16748.227928778557
2026-04-10 15:30:00,17856.118059336855,16700.65731646378
2026-04-10 16:30:00,17848.181090544225,16673.3193993334
2026-04-10 17:30:00,17854.41316747185,16694.781908649824
2026-04-10 18:30:00,17859.77101887961,16713.235795333883
2026-04-10 19:30:00,17857.390038526628,16705.03425332718
2026-04-13 13:30:00,17859.914035958296,16713.728054721876
2026-04-13 14:30:00,17863.580203278536,16726.35659386872
2026-04-13 15:30:00,17876.99317591407,16772.562229304254
2026-04-13 16:30:00,17885.800278603972,16802.908769067006
2026-04-13 17:30:00,17880.168045436018,16783.498731097123
2026-04-13 18:30:00,17891.71162758356,16823.27662699861
2026-04-13 19:30:00,17907.268035177527,16877.273310171542
2026-04-14 13:30:00,17954.07156497055,17051.973663955858
2026-04-14 14:30:00,17959.55819839143,17072.478353310566
2026-04-14 15:30:00,17976.088508494715,17134.264415545003
2026-04-14 16:30:00,17978.574550057354,17143.56060893653
2026-04-14 17:30:00,17972.72597074399,17121.68927402669
2026-04-14 18:30:00,17986.32609233221,17172.540503144148
2026-04-14 19:30:00,17989.395899138013,17184.02266195353
2026-04-15 13:30:00,18012.67433671145,17271.099175999483
2026-04-15 14:30:00,18023.265749600047,17310.741909153763
2026-04-15 15:30:00,18027.136212320293,17325.232690595516
2026-04-15 16:30:00,18022.098073847144,17306.368309642152
2026-04-15 17:30:00,18032.7911974105,17346.401512955043
2026-04-15 18:30:00,18048.492473022932,17405.2006453437
2026-04-15 19:30:00,18053.856098428183,17425.2948404291
2026-04-16 13:30:00,18051.922396620066,17418.049449708218
2026-04-16 14:30:00,18070.52997257267,17487.766728454935
2026-04-16 15:30:00,18081.13538534962,17527.955118625734
2026-04-16 16:30:00,18075.188521018434,17500.889195665663
2026-04-16 17:30:00,18059.98833495145,17431.72257996314
2026-04-16 18:30:00,18070.507358830906,17479.56351777234
2026-04-16 19:30:00,18076.87704562112,17508.54341197996
2026-04-17 13:30:00,18113.93413779094,17678.59650340646
2026-04-17 14:30:00,18124.760632606987,17745.02815932282
2026-04-17 15:30:00,18125.532863608405,17752.959375835104
2026-04-17 16:30:00,18124.123877145114,17699.097855409385
2026-04-17 17:30:00,18126.545987671336,17706.548493264916
2026-04-17 18:30:00,18125.369557927832,17702.92913525626
2026-04-17 19:30:00,18136.567349481367,17737.377280360313
2026-04-20 13:30:00,18115.475379184707,17672.44576407041
2026-04-20 14:30:00,18108.761412192453,17651.804243292598
2026-04-20 15:30:00,18103.690414146044,17636.220479141914
2026-04-20 16:30:00,18108.406716391022,17650.709591907773
2026-04-20 17:30:00,18116.235744742382,17674.76856091137
2026-04-20 18:30:00,18114.811061583783,17670.388286696187
2026-04-20 19:30:00,18118.726170370493,17682.424445901554
2026-04-21 13:30:00,18140.048032946746,17747.990059030228
2026-04-21 14:30:00,18114.67014552781,17669.847635707345
2026-04-21 15:30:00,18110.97970181952,17658.50230832106
2026-04-21 16:30:00,18095.720985294058,17611.60417239056
2026-04-21 17:30:00,18104.983936896562,17640.046752961112
2026-04-21 18:30:00,18126.361586286028,17705.96946273057
2026-04-21 19:30:00,18094.750107532,17614.34914423207
2026-04-22 13:30:00,18147.67458050649,17846.188297893008
2026-04-22 14:30:00,18147.79844091017,17846.73562358542
2026-04-22 15:30:00,18145.63281630343,17837.165767347688
2026-04-22 16:30:00,18153.55500398953,17872.161238144145
2026-04-22 17:30:00,18149.475348985132,17854.116177053504
2026-04-22 18:30:00,18156.21732452701,17883.91705979974
2026-04-22 19:30:00,18162.02490750786,17909.616337204676
2026-04-23 13:30:00,18152.396068090067,17866.96665009392
2026-04-23 14:30:00,18169.767980290726,17943.79081946252
2026-04-23 15:30:00,18163.48007080282,17915.90390796383
2026-04-23 16:30:00,18108.13358996461,17772.507913903984
2026-04-23 17:30:00,18140.208635000206,17816.52424656988
2026-04-23 18:30:00,18128.967924430857,17801.077313842296
2026-04-23 19:30:00,18134.939076757135,17809.278855849
2026-04-24 13:30:00,18268.863633509704,17993.275403024847
2026-04-24 14:30:00,18329.40968006953,18076.934468845015
2026-04-24 15:30:00,18361.289377792902,18126.145389561138
2026-04-24 16:30:00,18354.974456405256,18115.75621346068
2026-04-24 17:30:00,18358.295554499506,18119.584155955774
2026-04-24 18:30:00,18371.817197732307,18143.36946211316
2026-04-24 19:30:00,18376.1643040291,18151.023678427457
2026-04-27 13:30:00,18367.83850843009,18103.453066112677
2026-04-27 14:30:00,18356.280469595527,18093.884878550838
2026-04-27 15:30:00,18373.69183133067,18114.663230751754
2026-04-27 16:30:00,18394.07081644803,18138.99419392566
2026-04-27 17:30:00,18402.996973114132,18149.657032872325
2026-04-27 18:30:00,18399.1103219777,18145.01310786629
2026-04-27 19:30:00,18412.38047055816,18160.867197511394
2026-04-28 13:30:00,18294.874835572842,17979.567230576205
2026-04-28 14:30:00,18260.96962062865,17898.816666834915
2026-04-28 15:30:00,18267.549518261487,17914.4004309856
2026-04-28 16:30:00,18271.29725722428,17923.286130107816
2026-04-28 17:30:00,18296.833760792208,17984.526535325727
2026-04-28 18:30:00,18296.545754304978,17990.268449068368
2026-04-28 19:30:00,18297.180852991325,17977.69163887416
2026-04-29 13:30:00,18293.793772566118,18045.766940543646
2026-04-29 14:30:00,18293.529198533546,18050.68786574767
2026-04-29 15:30:00,18296.15965985461,18002.024270723963
2026-04-29 16:30:00,18295.814297773275,18008.770727353283
2026-04-29 17:30:00,18295.92388490699,18006.646502943408
2026-04-29 18:30:00,18292.510623062975,18072.969694926822
2026-04-29 19:30:00,18291.715973490267,18087.32364494547
2026-04-30 13:30:00,18308.200868400305,18020.337988633135
2026-04-30 14:30:00,18294.418417054185,18136.39773423849
2026-04-30 15:30:00,18293.5037645198,18143.91678780557
2026-04-30 16:30:00,18289.73989920261,18174.810653260734
2026-04-30 17:30:00,18282.050684217582,18240.414645934914
2026-04-30 18:30:00,18280.504299567838,18259.83636463604
2026-04-30 19:30:00,18278.708192548525,18251.087496936925
2026-05-01 13:30:00,18305.56596034911,18450.52930816446
2026-05-01 14:30:00,18305.56596034911,18446.018877229748
2026-05-01 15:30:00,18305.56596034911,18427.15449627638
2026-05-01 16:30:00,18305.56596034911,18461.05531568802
2026-05-01 17:30:00,18305.56596034911,18450.669476939347
2026-05-01 18:30:00,18305.56596034911,18469.256857694723
2026-05-01 19:30:00,18305.56596034911,18431.254432941787
2026-05-04 13:30:00,18305.56596034911,18455.041407775065
2026-05-04 14:30:00,18320.248131516833,18393.662502458155
2026-05-04 15:30:00,18285.54463711809,18352.244298155325
2026-05-04 16:30:00,18330.33116036398,18405.621902572508
2026-05-04 17:30:00,18316.996713616434,18389.701065891742
2026-05-04 18:30:00,18321.348353434394,18394.893985266077
2026-05-04 19:30:00,18322.49339562992,18396.260630821216
2026-05-05 13:30:00,18511.233544069262,18621.538550876787
2026-05-05 14:30:00,18516.236159513403,18627.554127465635
2026-05-05 15:30:00,18509.075709671393,18618.942091189623
2026-05-05 16:30:00,18525.446269625932,18638.62579200571
2026-05-05 17:30:00,18543.510825056725,18660.360295492454
2026-05-05 18:30:00,18537.494493404083,18653.116573447467
2026-05-05 19:30:00,18520.11911949328,18632.201389823455
2026-05-06 13:30:00,18615.236442217778,18821.11719352743
2026-05-06 14:30:00,18633.25926015714,18926.921257103644
2026-05-06 15:30:00,18633.25926015714,18924.187965993373
2026-05-06 16:30:00,18633.25926015714,18930.475536752532
2026-05-06 17:30:00,18633.25926015714,18963.83069914765
2026-05-06 18:30:00,18633.25926015714,19002.382118268888
2026-05-06 19:30:00,18633.25926015714,19017.143225205065
2026-05-07 13:30:00,18633.25926015714,19124.587597182624
2026-05-07 14:30:00,18633.25926015714,19111.737124142208
2026-05-07 15:30:00,18633.25926015714,19036.963757444257
2026-05-07 16:30:00,18633.25926015714,18948.383766420066
2026-05-07 17:30:00,18633.25926015714,18979.14080045213
2026-05-07 18:30:00,18633.25926015714,18950.434569090714
2026-05-07 19:30:00,18633.25926015714,18998.824501268216
2026-05-08 13:30:00,18633.25926015714,19287.256797789254
2026-05-08 14:30:00,18633.25926015714,19334.285090439294
2026-05-08 15:30:00,18633.25926015714,19373.240329126274
2026-05-08 16:30:00,18633.25926015714,19416.57417335254
2026-05-08 17:30:00,18633.25926015714,19404.205947644772
2026-05-08 18:30:00,18633.25926015714,19387.183784875615
2026-05-08 19:30:00,18633.25926015714,19441.45246221886
2026-05-11 13:30:00,18633.25926015714,19406.458660098288
2026-05-11 14:30:00,18727.846134624808,19500.50690201891
2026-05-11 15:30:00,18696.12727815868,19525.65885373144
2026-05-11 16:30:00,18688.902713964388,19508.161118333206
2026-05-11 17:30:00,18698.15945820211,19530.55474879709
2026-05-11 18:30:00,18673.265989454747,19470.243796050738
2026-05-11 19:30:00,18686.71318953276,19502.692867436774
2026-05-12 13:30:00,18635.70570014274,19275.50431348544
2026-05-12 14:30:00,18605.696685527422,19135.8945450234
2026-05-12 15:30:00,18600.161845403552,19111.873955565305
2026-05-12 16:30:00,18607.599270855015,19144.134466575604
2026-05-12 17:30:00,18623.439999418475,19212.893925360604
2026-05-12 18:30:00,18631.798658530104,19249.23101157383
2026-05-12 19:30:00,18651.41029353251,19334.555415933715
2026-05-13 13:30:00,18661.38294028907,19378.024422907194
2026-05-13 14:30:00,18672.537139059565,19426.689686606795
2026-05-13 15:30:00,18691.504513616313,19509.53110124013
2026-05-13 16:30:00,18699.03323279402,19542.472432014154
2026-05-13 17:30:00,18708.243354620758,19582.799322283947
2026-05-13 18:30:00,18704.49998829798,19566.394569594646
2026-05-13 19:30:00,18697.010985871315,19533.586732891938
2026-05-14 13:30:00,18720.180804262807,19635.01719695654
2026-05-14 14:30:00,18740.02830472413,19722.093711002497
2026-05-14 15:30:00,18735.705411225637,19703.092498626025
2026-05-14 16:30:00,18742.498941144902,19651.42028096995
2026-05-14 17:30:00,18761.675181475297,19668.918016368178
2026-05-14 18:30:00,18776.765921973125,19685.049106211274
2026-05-14 19:30:00,18768.969051620457,19676.710732781467
2026-05-15 13:30:00,18589.44916409464,19422.998575534795
2026-05-15 14:30:00,18595.5889455663,19449.93100442355
2026-05-15 15:30:00,18595.401514173143,19449.10834720904
2026-05-15 16:30:00,18608.357702933306,19505.973484239454
2026-05-15 17:30:00,18603.318385464932,19483.82848648341
2026-05-15 18:30:00,18589.25159851053,19422.04242424897
2026-05-15 19:30:00,18579.77771605914,19380.485719847147
2026-05-18 13:30:00,18568.677032468568,19331.837142906465
2026-05-18 14:30:00,18538.947356343186,19201.68542939742
2026-05-18 15:30:00,18527.04782669663,19149.73954889514
2026-05-18 16:30:00,18546.87995818667,19236.215339620157
2026-05-18 17:30:00,18529.088082922928,19158.488416594257
2026-05-18 18:30:00,18533.52261142693,19177.828370176703
2026-05-18 19:30:00,18552.920290867205,19293.5460372243
2026-05-19 13:30:00,18553.524883022998,19040.107542823833
2026-05-19 14:30:00,18555.177335405147,19080.297601670525
2026-05-19 15:30:00,18558.88001361749,19171.747715228088
2026-05-19 16:30:00,18558.885346964034,19286.574309349628
2026-05-19 17:30:00,18567.54854804823,19247.342070464656
2026-05-19 18:30:00,18574.37148016974,19216.174542163288
2026-05-19 19:30:00,18582.335850937336,19179.540431641377
2026-05-20 13:30:00,18540.596385434852,19373.10349770317
2026-05-20 14:30:00,18519.1988088171,19428.329995008135
2026-05-20 15:30:00,18519.70076014947,19391.148558793815
2026-05-20 16:30:00,18519.20930360931,19429.696640563274
2026-05-20 17:30:00,18519.109439194413,19437.07886270725
2026-05-20 18:30:00,18518.787873016736,19460.590506018434
2026-05-20 19:30:00,18518.300351663805,19495.038651122486
2026-05-21 13:30:00,18520.25108975439,19363.672141564435
2026-05-21 14:30:00,18519.886019143993,19393.608187057882
2026-05-21 15:30:00,18519.763534778507,19403.17804329561
2026-05-21 16:30:00,18518.356954380073,19511.44173513589
2026-05-21 17:30:00,18517.87753294376,19543.019757706566
2026-05-21 18:30:00,18518.214955538704,19521.694079813242
2026-05-21 19:30:00,18523.418241184176,19532.493750183003
2026-05-22 13:30:00,18538.55631696639,19622.166723916125
2026-05-22 14:30:00,18549.95117643064,19715.66930882023
2026-05-22 15:30:00,18546.7459305872,19688.87871738226
2026-05-22 16:30:00,18552.270212639647,19734.807352619802
2026-05-22 17:30:00,18546.567936208692,19686.96307745882
2026-05-22 18:30:00,18537.670569332713,19613.01904267894
2026-05-22 19:30:00,18537.8194896997,19614.238844755626
2026-05-26 13:30:00,18591.062786205803,19955.713341839655
2026-05-26 14:30:00,18584.027888677338,19911.69367182198
2026-05-26 15:30:00,18581.425558367664,19906.502421123536
2026-05-26 16:30:00,18573.899152512968,19892.280296500314
2026-05-26 17:30:00,18600.514421271142,19942.56751316645
2026-05-26 18:30:00,18602.550186776196,19946.41547977224
2026-05-26 19:30:00,18611.734681659258,19963.77638374737
2026-05-27 13:30:00,18559.367007025106,19858.244314341464
2026-05-27 14:30:00,18570.826334951,19880.79980636682
2026-05-27 15:30:00,18584.8518948308,19908.4130550193
2026-05-27 16:30:00,18571.41292687664,19884.0804231695
2026-05-27 17:30:00,18606.89838804737,19948.875108036307
2026-05-27 18:30:00,18596.721168045307,19930.284389929144
2026-05-27 19:30:00,18604.205378704555,19943.954182832284
2026-05-28 13:30:00,18640.723379235045,20010.659501594848
2026-05-28 14:30:00,18681.717756623853,20085.573037067687
2026-05-28 15:30:00,18696.223431734114,20112.093303011243
2026-05-28 16:30:00,18696.40825403894,20110.316163186795
2026-05-28 17:30:00,18700.81862249238,20121.114164880666
2026-05-28 18:30:00,18697.246493347797,20112.36696585744
2026-05-28 19:30:00,18696.35299810285,20110.179331763688
2026-05-29 13:30:00,18729.071310265746,20190.28411793497
2026-05-29 14:30:00,18727.06389804902,20185.363192730947
2026-05-29 15:30:00,18728.959819266558,20190.010455088766
2026-05-29 16:30:00,18719.368581921848,20166.49881177758
2026-05-29 17:30:00,18722.046124333894,20173.060045382943
2026-05-29 18:30:00,18721.934457998574,20172.786382536735
2026-05-29 19:30:00,18726.006211257976,20182.765064367883
2026-06-01 13:30:00,18724.94690310327,20180.16860468071
2026-06-01 14:30:00,18751.606329401115,20245.510615239928
2026-06-01 15:30:00,18759.740631209188,20265.467978902227
2026-06-01 16:30:00,18783.80214151065,20324.52075002639
2026-06-01 17:30:00,18796.37858556614,20355.414615481553
2026-06-01 18:30:00,18790.371741150055,20340.65183986949
2026-06-01 19:30:00,18772.361878034546,20304.837049210302
2026-06-02 13:30:00,18774.145926115223,20300.867269264432
2026-06-02 14:30:00,18802.594251044717,20370.724716786033
2026-06-02 15:30:00,18800.9264179149,20366.62478012063
2026-06-02 16:30:00,18796.532889693648,20355.825109750866
2026-06-02 17:30:00,18795.698441857683,20353.774307080217
2026-06-02 18:30:00,18801.817467094268,20368.812414214382
2026-06-02 19:30:00,18814.162648192832,20399.158953977134
