Datetime,Open,High,Low,Close,Volume
2026-02-26 14:30:00+00:00,615.489990234375,615.530029296875,613.47998046875,613.8699951171875,2490902
2026-02-26 14:35:00+00:00,613.8699951171875,614.4199829101562,612.72998046875,613.9625244140625,1624718
2026-02-26 14:40:00+00:00,613.969970703125,614.4000244140625,612.9299926757812,613.7125854492188,962683
2026-02-26 14:45:00+00:00,613.7000122070312,613.7000122070312,612.3701171875,612.8800048828125,875942
2026-02-26 14:50:00+00:00,612.8599853515625,613.4299926757812,611.8699951171875,612.530029296875,845174
2026-02-26 14:55:00+00:00,612.5499877929688,613.1500244140625,611.730712890625,611.97998046875,1178293
2026-02-26 15:00:00+00:00,611.97998046875,612.3900146484375,610.510009765625,611.5100708007812,9015867
2026-02-26 15:05:00+00:00,611.52001953125,611.6099853515625,610.75,610.8400268554688,0
2026-02-26 15:10:00+00:00,610.8499755859375,611.5,608.8699951171875,608.9299926757812,10729670
2026-02-26 15:15:00+00:00,608.9349975585938,608.9349975585938,606.010009765625,606.2000122070312,0
2026-02-26 15:20:00+00:00,606.1900024414062,606.8699951171875,604.8900146484375,605.2999877929688,1595704
2026-02-26 15:25:00+00:00,605.2999877929688,606.6300048828125,604.5499877929688,605.7000122070312,1523795
2026-02-26 15:30:00+00:00,605.7100219726562,605.7949829101562,603.97998046875,604.2000122070312,1483449
2026-02-26 15:35:00+00:00,604.2100219726562,606.72998046875,604.1799926757812,606.7100219726562,1778190
2026-02-26 15:40:00+00:00,606.7100219726562,607.309326171875,606.3200073242188,607.0499877929688,16790732
2026-02-26 15:45:00+00:00,607.0499877929688,607.9400024414062,606.8099975585938,607.6699829101562,0
2026-02-26 15:50:00+00:00,607.6699829101562,607.9500122070312,606.9400024414062,607.5399780273438,961096
2026-02-26 15:55:00+00:00,607.5499877929688,607.8800048828125,606.8499755859375,607.2949829101562,1523406
2026-02-26 16:00:00+00:00,607.2999877929688,607.9299926757812,606.969970703125,607.8800048828125,18526188
2026-02-26 16:05:00+00:00,607.8499755859375,608.27001953125,607.239990234375,607.8699951171875,0
2026-02-26 16:10:00+00:00,607.8599853515625,608.529296875,607.780029296875,608.4099731445312,750633
2026-02-26 16:15:00+00:00,608.4199829101562,608.9598999023438,608.055908203125,608.1400146484375,571091
2026-02-26 16:20:00+00:00,608.1300048828125,608.75,607.969970703125,608.47998046875,19648910
2026-02-26 16:25:00+00:00,608.5,609.35498046875,608.489990234375,608.719970703125,0
2026-02-26 16:30:00+00:00,608.7249755859375,608.969970703125,608.4199829101562,608.8599853515625,807215
2026-02-26 16:35:00+00:00,608.8699951171875,608.9301147460938,607.4550170898438,607.7100219726562,20735417
2026-02-26 16:40:00+00:00,607.7100219726562,608.1599731445312,607.219970703125,607.3300170898438,0
2026-02-26 16:45:00+00:00,607.3200073242188,607.8099975585938,606.6799926757812,607.760009765625,523601
2026-02-26 16:50:00+00:00,607.7698974609375,608.0,606.75,606.760009765625,916025
2026-02-26 16:55:00+00:00,606.77001953125,606.8800048828125,606.1854858398438,606.4099731445312,436619
2026-02-26 17:00:00+00:00,606.4099731445312,607.27001953125,606.3300170898438,607.1937255859375,454501
2026-02-26 17:05:00+00:00,607.1900024414062,607.5150146484375,606.989990234375,607.030029296875,430212
2026-02-26 17:10:00+00:00,607.0599975585938,607.3800048828125,606.47998046875,606.5050048828125,399005
2026-02-26 17:15:00+00:00,606.5,606.75,606.1699829101562,606.47998046875,22782986
2026-02-26 17:20:00+00:00,606.47998046875,606.5800170898438,606.2100219726562,606.4500122070312,0
2026-02-26 17:25:00+00:00,606.4600219726562,606.6699829101562,606.3099975585938,606.52001953125,501975
2026-02-26 17:30:00+00:00,606.510009765625,607.47998046875,606.4500122070312,607.1099853515625,425994
2026-02-26 17:35:00+00:00,607.1199951171875,607.1199951171875,605.9600219726562,606.2100219726562,575586
2026-02-26 17:40:00+00:00,606.2100830078125,606.4000244140625,605.8900146484375,605.9400024414062,23867090
2026-02-26 17:45:00+00:00,605.9400024414062,606.0700073242188,605.27001953125,605.4000244140625,0
2026-02-26 17:50:00+00:00,605.3936767578125,606.1699829101562,605.1849975585938,606.1300048828125,421938
2026-02-26 17:55:00+00:00,606.1099853515625,606.1099853515625,605.5250244140625,605.719970703125,269709
2026-02-26 18:00:00+00:00,605.719970703125,605.8200073242188,605.1099853515625,605.27001953125,24749850
2026-02-26 18:05:00+00:00,605.280029296875,605.5198974609375,604.5399780273438,604.9996948242188,0
2026-02-26 18:10:00+00:00,604.9962768554688,605.4000244140625,604.9000244140625,605.0549926757812,410524
2026-02-26 18:15:00+00:00,605.0499877929688,605.5999755859375,604.6500244140625,605.5599975585938,338781
2026-02-26 18:20:00+00:00,605.5700073242188,605.6599731445312,605.0599975585938,605.6500244140625,322100
2026-02-26 18:25:00+00:00,605.6400146484375,605.72998046875,605.27001953125,605.3599853515625,293162
2026-02-26 18:30:00+00:00,605.3699951171875,606.8200073242188,605.0700073242188,606.6799926757812,600902
2026-02-26 18:35:00+00:00,606.6799926757812,607.4500122070312,606.2849731445312,607.239990234375,491482
2026-02-26 18:40:00+00:00,607.25,607.6099853515625,607.0499877929688,607.2849731445312,426588
2026-02-26 18:45:00+00:00,607.2899780273438,608.030029296875,606.8599853515625,607.27001953125,2166932
2026-02-26 18:50:00+00:00,607.27001953125,607.2999877929688,606.75,607.0900268554688,413988
2026-02-26 18:55:00+00:00,607.0900268554688,607.5700073242188,606.969970703125,607.3099975585938,305906
2026-02-26 19:00:00+00:00,607.3300170898438,608.0499877929688,607.010009765625,607.9199829101562,416671
2026-02-26 19:05:00+00:00,607.9400024414062,608.7000122070312,607.8599853515625,608.6199951171875,395107
2026-02-26 19:10:00+00:00,608.6500244140625,609.0150146484375,608.4600219726562,608.719970703125,683983
2026-02-26 19:15:00+00:00,608.719970703125,609.260009765625,608.7000122070312,608.7999877929688,527297
2026-02-26 19:20:00+00:00,608.8300170898438,609.3599853515625,608.7000122070312,609.1699829101562,356831
2026-02-26 19:25:00+00:00,609.1724853515625,609.1799926757812,608.25,608.4492797851562,451707
2026-02-26 19:30:00+00:00,608.4450073242188,609.1599731445312,608.2349853515625,609.0399780273438,346276
2026-02-26 19:35:00+00:00,609.0499267578125,609.0999755859375,608.6699829101562,608.7999877929688,234560
2026-02-26 19:40:00+00:00,608.8099975585938,608.9299926757812,608.6300048828125,608.8250122070312,353678
2026-02-26 19:45:00+00:00,608.8250122070312,609.5374755859375,608.8200073242188,609.3599853515625,304187
2026-02-26 19:50:00+00:00,609.3300170898438,609.47998046875,608.989990234375,609.47998046875,383225
2026-02-26 19:55:00+00:00,609.47998046875,609.6599731445312,608.7310791015625,608.7999877929688,434622
2026-02-26 20:00:00+00:00,608.780029296875,609.3900146484375,608.5700073242188,609.2999877929688,354573
2026-02-26 20:05:00+00:00,609.2999877929688,609.5399780273438,608.4299926757812,608.4600219726562,288734
2026-02-26 20:10:00+00:00,608.469970703125,608.530029296875,608.1500244140625,608.1600952148438,282143
2026-02-26 20:15:00+00:00,608.1300048828125,608.5599975585938,607.9199829101562,608.4199829101562,371621
2026-02-26 20:20:00+00:00,608.4299926757812,608.5,607.8699951171875,608.0700073242188,280016
2026-02-26 20:25:00+00:00,608.0900268554688,608.3800048828125,607.9000244140625,607.969970703125,764240
2026-02-26 20:30:00+00:00,607.9650268554688,608.9450073242188,607.9299926757812,608.9450073242188,325693
2026-02-26 20:35:00+00:00,608.9299926757812,609.030029296875,608.6389770507812,608.969970703125,352813
2026-02-26 20:40:00+00:00,608.9550170898438,609.010009765625,608.52001953125,608.8599243164062,287034
2026-02-26 20:45:00+00:00,608.8499755859375,608.9298706054688,608.3900146484375,608.64501953125,425468
2026-02-26 20:50:00+00:00,608.6400146484375,608.9199829101562,608.25,608.844970703125,600422
2026-02-26 20:55:00+00:00,608.8499755859375,609.3400268554688,608.6599731445312,609.260009765625,1041509
2026-02-27 14:30:00+00:00,602.9500122070312,605.1300048828125,602.739990234375,604.5599975585938,2349842
2026-02-27 14:35:00+00:00,604.5900268554688,605.25,603.6300048828125,605.0499877929688,841997
2026-02-27 14:40:00+00:00,605.0700073242188,605.1099853515625,602.1900024414062,603.6900024414062,849210
2026-02-27 14:45:00+00:00,603.6749877929688,605.9550170898438,603.0399780273438,605.6900024414062,1535250
2026-02-27 14:50:00+00:00,605.6900024414062,605.8800048828125,604.3400268554688,604.6199951171875,961516
2026-02-27 14:55:00+00:00,604.5999755859375,604.989990234375,603.8699951171875,604.5700073242188,4990049
2026-02-27 15:00:00+00:00,604.5399780273438,606.3499755859375,604.22998046875,605.5800170898438,0
2026-02-27 15:05:00+00:00,605.5999755859375,606.989990234375,605.47998046875,606.3900146484375,972512
2026-02-27 15:10:00+00:00,606.4000244140625,607.3300170898438,606.2711791992188,606.3599853515625,967252
2026-02-27 15:15:00+00:00,606.3699951171875,606.77001953125,605.5750122070312,606.2119750976562,7319368
2026-02-27 15:20:00+00:00,606.2100219726562,607.4000244140625,606.0449829101562,607.0198974609375,1006574
2026-02-27 15:25:00+00:00,607.02001953125,607.0650024414062,606.1500244140625,606.780029296875,0
2026-02-27 15:30:00+00:00,606.77001953125,606.9099731445312,605.72998046875,606.3900146484375,520630
2026-02-27 15:35:00+00:00,606.3800048828125,607.3400268554688,606.3400268554688,606.8200073242188,443197
2026-02-27 15:40:00+00:00,606.8400268554688,607.635009765625,606.4000244140625,607.4500122070312,8411125
2026-02-27 15:45:00+00:00,607.4600219726562,607.9000244140625,606.9199829101562,607.0499877929688,0
2026-02-27 15:50:00+00:00,607.0900268554688,607.1300048828125,605.7100219726562,606.0800170898438,639337
2026-02-27 15:55:00+00:00,606.0700073242188,607.1699829101562,605.6300048828125,607.0700073242188,9701198
2026-02-27 16:00:00+00:00,607.0800170898438,607.969970703125,606.9000244140625,607.530029296875,870920
2026-02-27 16:05:00+00:00,607.52001953125,607.6199951171875,606.10009765625,606.280029296875,0
2026-02-27 16:10:00+00:00,606.2899780273438,607.2999877929688,606.280029296875,607.1799926757812,504688
2026-02-27 16:15:00+00:00,607.1799926757812,607.780029296875,606.9199829101562,607.239990234375,714958
2026-02-27 16:20:00+00:00,607.219970703125,607.260009765625,606.3800048828125,607.1099853515625,670038
2026-02-27 16:25:00+00:00,607.1099853515625,607.4099731445312,606.5900268554688,606.6950073242188,548608
2026-02-27 16:30:00+00:00,606.7050170898438,607.7000122070312,606.6400146484375,607.5999755859375,462845
2026-02-27 16:35:00+00:00,607.6099853515625,607.6799926757812,606.8099975585938,606.8800048828125,356079
2026-02-27 16:40:00+00:00,606.8800048828125,606.8800048828125,605.8399047851562,605.9199829101562,594099
2026-02-27 16:45:00+00:00,605.9199829101562,606.3800048828125,605.8200073242188,605.9299926757812,450634
2026-02-27 16:50:00+00:00,605.9550170898438,607.1799926757812,605.9199829101562,607.1400146484375,516404
2026-02-27 16:55:00+00:00,607.1400146484375,607.5900268554688,606.625,606.7100219726562,441191
2026-02-27 17:00:00+00:00,606.7100219726562,607.75,606.6799926757812,607.469970703125,444592
2026-02-27 17:05:00+00:00,607.469970703125,608.3200073242188,607.3099975585938,608.1199951171875,463790
2026-02-27 17:10:00+00:00,608.1300048828125,608.1500244140625,606.4199829101562,606.52001953125,565101
2026-02-27 17:15:00+00:00,606.530029296875,606.5700073242188,605.9299926757812,606.0599975585938,718170
2026-02-27 17:20:00+00:00,606.0549926757812,606.1500244140625,605.0399780273438,605.9833984375,709303
2026-02-27 17:25:00+00:00,605.97998046875,606.6799926757812,605.8699951171875,606.3150024414062,519835
2026-02-27 17:30:00+00:00,606.3200073242188,607.1900024414062,605.7899780273438,607.030029296875,739548
2026-02-27 17:35:00+00:00,607.030029296875,607.2899780273438,606.469970703125,606.5,366621
2026-02-27 17:40:00+00:00,606.5,606.6199951171875,605.6599731445312,605.8800048828125,334204
2026-02-27 17:45:00+00:00,605.8800048828125,605.8900146484375,605.3900146484375,605.6699829101562,348602
2026-02-27 17:50:00+00:00,605.6799926757812,606.1600952148438,605.4199829101562,605.9199829101562,360818
2026-02-27 17:55:00+00:00,605.922607421875,606.3300170898438,605.9199829101562,606.1300048828125,238519
2026-02-27 18:00:00+00:00,606.1300048828125,606.369873046875,605.5999755859375,605.7650146484375,13934454
2026-02-27 18:05:00+00:00,605.75,606.0900268554688,605.4299926757812,605.5900268554688,455271
2026-02-27 18:10:00+00:00,605.5850219726562,605.8499755859375,605.3300170898438,605.3900146484375,0
2026-02-27 18:15:00+00:00,605.3699951171875,605.5349731445312,604.9299926757812,605.010009765625,274342
2026-02-27 18:20:00+00:00,605.010009765625,605.22998046875,604.5999755859375,604.85498046875,325836
2026-02-27 18:25:00+00:00,604.885009765625,605.47998046875,604.4500122070312,605.3300170898438,14685270
2026-02-27 18:30:00+00:00,605.3200073242188,605.469970703125,604.9299926757812,605.1099853515625,0
2026-02-27 18:35:00+00:00,605.1199951171875,605.3699951171875,604.7899780273438,605.22998046875,209354
2026-02-27 18:40:00+00:00,605.1900024414062,605.7999877929688,605.1900024414062,605.3200073242188,293567
2026-02-27 18:45:00+00:00,605.3400268554688,605.6199951171875,605.0999755859375,605.1699829101562,185078
2026-02-27 18:50:00+00:00,605.1599731445312,605.3800048828125,604.8599853515625,605.0499877929688,208133
2026-02-27 18:55:00+00:00,605.0499877929688,605.2999877929688,604.7000122070312,605.1099853515625,230289
2026-02-27 19:00:00+00:00,605.0999755859375,606.1599731445312,605.0499877929688,606.0900268554688,329708
2026-02-27 19:05:00+00:00,606.0999755859375,606.47998046875,605.1699829101562,605.3200073242188,333919
2026-02-27 19:10:00+00:00,605.3400268554688,605.5700073242188,605.0,605.2899780273438,291445
2026-02-27 19:15:00+00:00,605.2899780273438,605.5599975585938,605.1300048828125,605.2750244140625,234423
2026-02-27 19:20:00+00:00,605.280029296875,605.469970703125,605.02001953125,605.1900024414062,172720
2026-02-27 19:25:00+00:00,605.1699829101562,605.5850219726562,605.010009765625,605.2000122070312,234864
2026-02-27 19:30:00+00:00,605.2100219726562,605.219970703125,604.8099975585938,605.0501098632812,218264
2026-02-27 19:35:00+00:00,605.0499877929688,605.489990234375,605.0499877929688,605.2999877929688,231817
2026-02-27 19:40:00+00:00,605.2999877929688,605.3599853515625,604.4199829101562,604.7000122070312,289243
2026-02-27 19:45:00+00:00,604.719970703125,604.9949951171875,604.5499877929688,604.6599731445312,16509816
2026-02-27 19:50:00+00:00,604.6500244140625,604.9099731445312,604.5800170898438,604.7100219726562,0
2026-02-27 19:55:00+00:00,604.7000122070312,605.1300048828125,604.6799926757812,604.9299926757812,245790
2026-02-27 20:00:00+00:00,604.8800048828125,605.4400024414062,604.8699951171875,605.0349731445312,316941
2026-02-27 20:05:00+00:00,605.0349731445312,605.5900268554688,604.9813232421875,605.389892578125,297180
2026-02-27 20:10:00+00:00,605.3900146484375,606.6799926757812,605.364990234375,606.6799926757812,857673
2026-02-27 20:15:00+00:00,606.6900024414062,607.0900268554688,606.5900268554688,606.9700927734375,454759
2026-02-27 20:20:00+00:00,606.97998046875,607.5399780273438,606.6400146484375,607.2979736328125,466452
2026-02-27 20:25:00+00:00,607.280029296875,607.4749755859375,606.864990234375,606.9249877929688,451838
2026-02-27 20:30:00+00:00,606.9099731445312,607.0800170898438,606.4299926757812,606.4600830078125,454536
2026-02-27 20:35:00+00:00,606.489990234375,606.5150146484375,605.5750122070312,605.6649780273438,541541
2026-02-27 20:40:00+00:00,605.6699829101562,606.4600219726562,605.6199951171875,605.9199829101562,19766944
2026-02-27 20:45:00+00:00,605.9099731445312,606.4199829101562,605.77001953125,606.3400268554688,0
2026-02-27 20:50:00+00:00,606.3599853515625,607.0900268554688,606.0599975585938,607.0700073242188,1185323
2026-02-27 20:55:00+00:00,607.0999755859375,608.02001953125,606.6699829101562,607.35498046875,24011631
2026-03-02 14:30:00+00:00,598.9299926757812,603.8699951171875,597.989990234375,603.489990234375,2728492
2026-03-02 14:35:00+00:00,603.489990234375,604.739990234375,602.5800170898438,602.7999877929688,5470243
2026-03-02 14:40:00+00:00,602.780029296875,604.010009765625,602.72998046875,603.6099853515625,0
2026-03-02 14:45:00+00:00,603.5599975585938,605.0399780273438,603.0800170898438,604.9000244140625,1018358
2026-03-02 14:50:00+00:00,604.9000244140625,605.0700073242188,602.9400024414062,603.72998046875,928664
2026-03-02 14:55:00+00:00,603.72998046875,604.3599853515625,603.1599731445312,604.1201171875,533190
2026-03-02 15:00:00+00:00,604.1699829101562,605.27001953125,602.77001953125,604.8300170898438,871993
2026-03-02 15:05:00+00:00,604.8400268554688,605.6799926757812,604.4299926757812,605.1649780273438,7495153
2026-03-02 15:10:00+00:00,605.1799926757812,606.260009765625,605.1199951171875,605.8671264648438,1115461
2026-03-02 15:15:00+00:00,605.8800048828125,606.22998046875,605.0150146484375,605.4099731445312,1217638
2026-03-02 15:20:00+00:00,605.4299926757812,605.72998046875,604.3099975585938,605.4199829101562,0
2026-03-02 15:25:00+00:00,605.469970703125,605.7899780273438,604.0700073242188,604.6799926757812,635217
2026-03-02 15:30:00+00:00,604.6300048828125,605.1099853515625,603.72998046875,604.3200073242188,9331170
2026-03-02 15:35:00+00:00,604.3200073242188,605.5499877929688,603.719970703125,605.5399780273438,0
2026-03-02 15:40:00+00:00,605.5250244140625,606.0850219726562,604.97998046875,606.0399780273438,749826
2026-03-02 15:45:00+00:00,606.030029296875,606.47998046875,605.3699951171875,605.7000122070312,738714
2026-03-02 15:50:00+00:00,605.7000122070312,606.2349853515625,604.6699829101562,604.8499755859375,634368
2026-03-02 15:55:00+00:00,604.8400268554688,605.8800048828125,604.5599975585938,605.6849975585938,748746
2026-03-02 16:00:00+00:00,605.6799926757812,605.8800048828125,604.9400024414062,605.85009765625,10923049
2026-03-02 16:05:00+00:00,605.8599853515625,606.989990234375,605.5900268554688,606.986328125,0
2026-03-02 16:10:00+00:00,606.97998046875,607.27001953125,606.5900268554688,606.8800048828125,11615146
2026-03-02 16:15:00+00:00,606.8400268554688,606.9099731445312,605.7763061523438,605.8699951171875,0
2026-03-02 16:20:00+00:00,605.8400268554688,605.9500122070312,605.489990234375,605.6799926757812,12061951
2026-03-02 16:25:00+00:00,605.6699829101562,605.719970703125,603.9600219726562,604.3200073242188,0
2026-03-02 16:30:00+00:00,604.2999877929688,605.3300170898438,604.1699829101562,605.2000122070312,793800
2026-03-02 16:35:00+00:00,605.2000122070312,606.7100219726562,604.8200073242188,606.7100219726562,645799
2026-03-02 16:40:00+00:00,606.7000122070312,607.969970703125,606.6500244140625,607.831787109375,722353
2026-03-02 16:45:00+00:00,607.8499755859375,608.469970703125,607.6950073242188,607.9099731445312,704771
2026-03-02 16:50:00+00:00,607.9099731445312,608.1599731445312,607.405029296875,607.89501953125,560091
2026-03-02 16:55:00+00:00,607.8900146484375,608.5698852539062,607.6699829101562,608.4100952148438,13989142
2026-03-02 17:00:00+00:00,608.2899780273438,608.3300170898438,607.7899780273438,608.25,0
2026-03-02 17:05:00+00:00,608.25,608.4849853515625,607.8599853515625,608.239990234375,335636
2026-03-02 17:10:00+00:00,608.22998046875,608.3599853515625,607.7000122070312,608.239990234375,304159
2026-03-02 17:15:00+00:00,608.25,609.0999755859375,608.2100219726562,608.989990234375,449833
2026-03-02 17:20:00+00:00,608.9949951171875,609.3599853515625,608.760009765625,609.1799926757812,402037
2026-03-02 17:25:00+00:00,609.1710205078125,609.1900024414062,608.510009765625,608.60498046875,304349
2026-03-02 17:30:00+00:00,608.5900268554688,608.8699951171875,608.1950073242188,608.219970703125,316799
2026-03-02 17:35:00+00:00,608.22998046875,608.8350219726562,608.1500854492188,608.3200073242188,318152
2026-03-02 17:40:00+00:00,608.3300170898438,608.830078125,608.1500244140625,608.6300048828125,15472414
2026-03-02 17:45:00+00:00,608.6300048828125,608.9500122070312,608.4000244140625,608.6900024414062,0
2026-03-02 17:50:00+00:00,608.7100219726562,609.3200073242188,608.469970703125,609.0399780273438,342754
2026-03-02 17:55:00+00:00,609.0499877929688,609.219970703125,608.5499877929688,609.094970703125,256309
2026-03-02 18:00:00+00:00,609.094970703125,609.2999877929688,608.8599853515625,609.1099853515625,243516
2026-03-02 18:05:00+00:00,609.1500244140625,609.2899780273438,608.6400146484375,608.6400146484375,237633
2026-03-02 18:10:00+00:00,608.6400146484375,608.780029296875,608.4149780273438,608.719970703125,241336
2026-03-02 18:15:00+00:00,608.719970703125,608.75,608.3488159179688,608.3900146484375,194918
2026-03-02 18:20:00+00:00,608.4099731445312,608.4299926757812,607.9199829101562,608.1199951171875,16680452
2026-03-02 18:25:00+00:00,608.0999755859375,608.6300048828125,607.8499755859375,608.4000244140625,471134
2026-03-02 18:30:00+00:00,608.4199829101562,608.47998046875,607.9500122070312,608.1099853515625,0
2026-03-02 18:35:00+00:00,608.1099853515625,608.114990234375,607.5399780273438,607.75,17784959
2026-03-02 18:40:00+00:00,607.75,608.1300048828125,607.52001953125,608.030029296875,0
2026-03-02 18:45:00+00:00,608.0499877929688,608.0499877929688,607.010009765625,607.510009765625,447907
2026-03-02 18:50:00+00:00,607.5,607.6900024414062,607.1099853515625,607.3300170898438,17602998
2026-03-02 18:55:00+00:00,607.3499755859375,607.3699951171875,606.760009765625,606.8499755859375,0
2026-03-02 19:00:00+00:00,606.8599853515625,607.530029296875,606.72998046875,607.4500122070312,502191
2026-03-02 19:05:00+00:00,607.4600219726562,608.27001953125,607.239990234375,608.2109985351562,411911
2026-03-02 19:10:00+00:00,608.2000122070312,608.8200073242188,608.1799926757812,608.7333984375,417329
2026-03-02 19:15:00+00:00,608.7199096679688,609.5999755859375,608.7100219726562,609.2999267578125,566594
2026-03-02 19:20:00+00:00,609.280029296875,609.6599731445312,609.0504760742188,609.0599975585938,19035028
2026-03-02 19:25:00+00:00,609.06298828125,609.5700073242188,608.9099731445312,609.4249877929688,0
2026-03-02 19:30:00+00:00,609.4249877929688,609.739990234375,609.22998046875,609.5999755859375,516117
2026-03-02 19:35:00+00:00,609.5999755859375,609.8699951171875,609.510009765625,609.530029296875,283764
2026-03-02 19:40:00+00:00,609.530029296875,609.77001953125,609.2750244140625,609.3599853515625,374072
2026-03-02 19:45:00+00:00,609.3699951171875,609.9199829101562,609.3699951171875,609.7999877929688,277637
2026-03-02 19:50:00+00:00,609.7999877929688,609.8599853515625,609.5399780273438,609.75,222155
2026-03-02 19:55:00+00:00,609.72998046875,609.776611328125,609.4199829101562,609.510009765625,275420
2026-03-02 20:00:00+00:00,609.5,609.6500244140625,609.0999755859375,609.4400024414062,374508
2026-03-02 20:05:00+00:00,609.4500122070312,609.7000122070312,607.25,607.5302124023438,1226678
2026-03-02 20:10:00+00:00,607.5399780273438,607.5599975585938,606.5349731445312,606.739990234375,1297046
2026-03-02 20:15:00+00:00,606.739990234375,608.02001953125,606.260009765625,607.5449829101562,1071433
2026-03-02 20:20:00+00:00,607.5499877929688,607.7999877929688,606.8800048828125,607.0750122070312,686998
2026-03-02 20:25:00+00:00,607.0700073242188,607.4500122070312,606.5999755859375,606.7100219726562,575039
2026-03-02 20:30:00+00:00,606.7100219726562,607.72998046875,606.6099853515625,607.6400146484375,604343
2026-03-02 20:35:00+00:00,607.6400146484375,607.9000244140625,607.0700073242188,607.5499877929688,529842
2026-03-02 20:40:00+00:00,607.5700073242188,607.8099975585938,606.9099731445312,607.719970703125,501669
2026-03-02 20:45:00+00:00,607.7100219726562,608.22998046875,607.4600219726562,607.8300170898438,664571
2026-03-02 20:50:00+00:00,607.8300170898438,608.5800170898438,607.739990234375,608.5399780273438,981737
2026-03-02 20:55:00+00:00,608.5399780273438,609.0599975585938,608.02001953125,608.0399780273438,1795090
2026-03-03 14:30:00+00:00,596.3200073242188,598.5599975585938,595.8599853515625,596.1699829101562,7684019
2026-03-03 14:35:00+00:00,596.2000122070312,599.3900146484375,595.5900268554688,597.75,2641270
2026-03-03 14:40:00+00:00,597.75,598.1799926757812,595.8599853515625,596.239990234375,1934066
2026-03-03 14:45:00+00:00,596.239990234375,598.1824951171875,595.3099975585938,595.5399780273438,2239296
2026-03-03 14:50:00+00:00,595.5399780273438,597.0599975585938,595.239990234375,596.5750122070312,1514924
2026-03-03 14:55:00+00:00,596.5399780273438,596.7000122070312,595.0,595.239990234375,1353515
2026-03-03 15:00:00+00:00,595.2100219726562,596.9600219726562,594.5999755859375,595.1099853515625,1617737
2026-03-03 15:05:00+00:00,595.1099243164062,596.47998046875,594.5499877929688,595.5399780273438,1772929
2026-03-03 15:10:00+00:00,595.5599975585938,596.72998046875,595.0,595.489990234375,1664662
2026-03-03 15:15:00+00:00,595.5,595.9299926757812,593.739990234375,593.9000244140625,1702665
2026-03-03 15:20:00+00:00,593.8900146484375,594.0599975585938,592.6900024414062,592.9749755859375,1863021
2026-03-03 15:25:00+00:00,592.97998046875,593.0850219726562,591.8699951171875,592.030029296875,1895770
2026-03-03 15:30:00+00:00,592.030029296875,593.9901123046875,591.969970703125,593.1699829101562,2375443
2026-03-03 15:35:00+00:00,593.1799926757812,594.47998046875,592.8499755859375,593.9650268554688,1605461
2026-03-03 15:40:00+00:00,593.9600219726562,594.780029296875,593.0999755859375,593.3800048828125,1387882
2026-03-03 15:45:00+00:00,593.3599853515625,594.47998046875,592.9099731445312,593.5399780273438,1421518
2026-03-03 15:50:00+00:00,593.47998046875,593.989990234375,592.4010009765625,592.6060180664062,1367258
2026-03-03 15:55:00+00:00,592.5999755859375,594.3400268554688,592.5,594.1799926757812,1476961
2026-03-03 16:00:00+00:00,594.1900024414062,596.0,593.9400024414062,595.9498901367188,1479257
2026-03-03 16:05:00+00:00,595.9600219726562,597.5399780273438,595.9400024414062,597.0399780273438,1732847
2026-03-03 16:10:00+00:00,597.0499877929688,597.5900268554688,596.5399780273438,597.22998046875,1205348
2026-03-03 16:15:00+00:00,597.22998046875,598.3499755859375,597.2100219726562,597.5,1223737
2026-03-03 16:20:00+00:00,597.5,598.659912109375,597.1799926757812,598.5700073242188,1173433
2026-03-03 16:25:00+00:00,598.5700073242188,598.8900146484375,598.1500244140625,598.3499755859375,979989
2026-03-03 16:30:00+00:00,598.3400268554688,598.47998046875,596.989990234375,598.0800170898438,1217566
2026-03-03 16:35:00+00:00,598.0700073242188,598.9600219726562,597.9100952148438,598.469970703125,1095508
2026-03-03 16:40:00+00:00,598.4199829101562,599.1400146484375,597.510009765625,599.010009765625,1325947
2026-03-03 16:45:00+00:00,599.010009765625,600.89501953125,598.969970703125,600.0499877929688,1572502
2026-03-03 16:50:00+00:00,600.0599975585938,600.280029296875,599.4600219726562,600.1300048828125,1012713
2026-03-03 16:55:00+00:00,600.1699829101562,600.530029296875,599.3699951171875,599.5900268554688,1089364
2026-03-03 17:00:00+00:00,599.5700073242188,600.0800170898438,598.9000244140625,599.6799926757812,1074967
2026-03-03 17:05:00+00:00,599.6799926757812,600.0599975585938,598.6500244140625,598.7899780273438,1002673
2026-03-03 17:10:00+00:00,598.780029296875,599.2999877929688,598.3699951171875,599.2249755859375,804464
2026-03-03 17:15:00+00:00,599.22998046875,599.7600708007812,598.6627197265625,599.6400146484375,787282
2026-03-03 17:20:00+00:00,599.6500244140625,600.2274780273438,598.8499755859375,600.2100219726562,642204
2026-03-03 17:25:00+00:00,600.22998046875,600.5700073242188,599.7000122070312,600.3900146484375,634412
2026-03-03 17:30:00+00:00,600.4000244140625,600.47998046875,598.1300048828125,598.3400268554688,722425
2026-03-03 17:35:00+00:00,598.3400268554688,599.0650024414062,597.9299926757812,598.5050048828125,967045
2026-03-03 17:40:00+00:00,598.510009765625,600.2100219726562,598.510009765625,600.1099853515625,784781
2026-03-03 17:45:00+00:00,600.0700073242188,600.239990234375,599.4249877929688,600.0,577954
2026-03-03 17:50:00+00:00,600.0,600.0499877929688,598.5900268554688,598.75,655203
2026-03-03 17:55:00+00:00,598.739990234375,599.2100219726562,598.47998046875,598.8699951171875,626589
2026-03-03 18:00:00+00:00,598.8599853515625,600.3300170898438,598.8400268554688,599.9000244140625,863505
2026-03-03 18:05:00+00:00,599.9000244140625,600.3499755859375,599.5599975585938,600.3099975585938,653340
2026-03-03 18:10:00+00:00,600.3200073242188,600.3800048828125,599.1900024414062,599.7899780273438,682264
2026-03-03 18:15:00+00:00,599.7999877929688,600.5,599.7100219726562,600.4000244140625,764605
2026-03-03 18:20:00+00:00,600.4000244140625,601.8499755859375,600.3400268554688,601.72998046875,1054574
2026-03-03 18:25:00+00:00,601.739990234375,602.030029296875,601.3192138671875,601.4400024414062,801893
2026-03-03 18:30:00+00:00,601.4400024414062,602.4500122070312,601.3200073242188,602.2999877929688,843729
2026-03-03 18:35:00+00:00,602.3099975585938,602.9600219726562,601.9600219726562,602.8900146484375,1070386
2026-03-03 18:40:00+00:00,602.9000244140625,603.4949951171875,602.5250244140625,602.780029296875,1065963
2026-03-03 18:45:00+00:00,602.8200073242188,603.010009765625,602.02001953125,602.9100952148438,861637
2026-03-03 18:50:00+00:00,602.9400024414062,603.3099975585938,602.5679931640625,602.780029296875,799373
2026-03-03 18:55:00+00:00,602.780029296875,603.010009765625,602.25,602.6749877929688,669623
2026-03-03 19:00:00+00:00,602.7100219726562,603.0399780273438,602.3499755859375,602.8099975585938,805528
2026-03-03 19:05:00+00:00,602.8200073242188,602.9199829101562,601.3900146484375,601.47998046875,881072
2026-03-03 19:10:00+00:00,601.510009765625,602.0900268554688,601.0399780273438,601.9550170898438,698916
2026-03-03 19:15:00+00:00,601.968994140625,602.5798950195312,601.8300170898438,602.1500244140625,575215
2026-03-03 19:20:00+00:00,602.1900024414062,602.780029296875,602.1400146484375,602.219970703125,523387
2026-03-03 19:25:00+00:00,602.2000122070312,602.3350219726562,601.5800170898438,601.72998046875,556040
2026-03-03 19:30:00+00:00,601.739990234375,601.9700927734375,600.6900024414062,600.9099731445312,727969
2026-03-03 19:35:00+00:00,600.8800048828125,603.2999877929688,600.5399780273438,602.3599853515625,1737471
2026-03-03 19:40:00+00:00,602.3499755859375,603.27001953125,602.1300048828125,603.2000122070312,1158544
2026-03-03 19:45:00+00:00,603.219970703125,603.9550170898438,603.0999755859375,603.3599853515625,1026863
2026-03-03 19:50:00+00:00,603.3300170898438,603.6599731445312,601.989990234375,602.530029296875,812445
2026-03-03 19:55:00+00:00,602.530029296875,602.6799926757812,601.9400024414062,602.4199829101562,732320
2026-03-03 20:00:00+00:00,602.4500122070312,603.22998046875,602.0999755859375,602.5599975585938,775222
2026-03-03 20:05:00+00:00,602.5399780273438,603.0399780273438,602.1900024414062,602.9299926757812,781482
2026-03-03 20:10:00+00:00,602.9099731445312,603.1494140625,602.0999755859375,602.1099853515625,499006
2026-03-03 20:15:00+00:00,602.0999755859375,602.4400024414062,601.4000244140625,601.6799926757812,860639
2026-03-03 20:20:00+00:00,601.7000122070312,602.25,601.5274047851562,601.9400024414062,703219
2026-03-03 20:25:00+00:00,601.9500122070312,602.469970703125,601.3099975585938,602.2999877929688,643089
2026-03-03 20:30:00+00:00,602.2999877929688,602.6500244140625,602.0900268554688,602.1099853515625,849788
2026-03-03 20:35:00+00:00,602.1500244140625,602.919921875,601.7100219726562,601.989990234375,633987
2026-03-03 20:40:00+00:00,602.0,602.280029296875,601.6649780273438,601.9600219726562,598571
2026-03-03 20:45:00+00:00,601.9500122070312,602.2449951171875,601.39501953125,601.8699951171875,555537
2026-03-03 20:50:00+00:00,601.8699951171875,602.0399780273438,600.739990234375,601.6549072265625,1662386
2026-03-03 20:55:00+00:00,601.6300048828125,601.8599853515625,601.2899780273438,601.6599731445312,1921950
2026-03-04 14:30:00+00:00,604.1500244140625,606.9099731445312,603.72998046875,606.8099975585938,5957965
2026-03-04 14:35:00+00:00,606.7999877929688,606.9299926757812,604.5,604.8889770507812,1654439
2026-03-04 14:40:00+00:00,604.9400024414062,604.9400024414062,603.8099975585938,604.0700073242188,1215305
2026-03-04 14:45:00+00:00,604.0399780273438,606.1099853515625,603.4299926757812,605.1400146484375,1447159
2026-03-04 14:50:00+00:00,605.1400146484375,606.27001953125,604.4000244140625,605.9901123046875,1134973
2026-03-04 14:55:00+00:00,606.0,606.2000122070312,605.1099853515625,605.6600952148438,656574
2026-03-04 15:00:00+00:00,605.75,607.2100219726562,605.0599975585938,605.9600219726562,1643719
2026-03-04 15:05:00+00:00,605.9600219726562,607.6599731445312,605.77001953125,607.5050048828125,1466210
2026-03-04 15:10:00+00:00,607.510009765625,607.8699951171875,606.6500244140625,607.0999755859375,1385249
2026-03-04 15:15:00+00:00,607.1099853515625,608.489990234375,607.0499877929688,608.4299926757812,1200820
2026-03-04 15:20:00+00:00,608.4400024414062,609.8900146484375,608.1699829101562,609.8499755859375,2046001
2026-03-04 15:25:00+00:00,609.8300170898438,611.0700073242188,609.4500122070312,610.97998046875,1853530
2026-03-04 15:30:00+00:00,610.97998046875,611.1799926757812,610.3499755859375,610.3599853515625,1685146
2026-03-04 15:35:00+00:00,610.3599853515625,610.75,609.5255126953125,609.6199951171875,1251056
2026-03-04 15:40:00+00:00,609.625,609.9500122070312,609.0999755859375,609.1300048828125,1306799
2026-03-04 15:45:00+00:00,609.1400146484375,609.25,608.5399780273438,609.10498046875,1610471
2026-03-04 15:50:00+00:00,609.0999755859375,609.7100219726562,608.7050170898438,609.5850219726562,1293673
2026-03-04 15:55:00+00:00,609.5800170898438,610.8099975585938,609.5499877929688,610.7050170898438,941212
2026-03-04 16:00:00+00:00,610.7000122070312,611.4500122070312,610.6900024414062,610.9899291992188,1410873
2026-03-04 16:05:00+00:00,610.9849853515625,611.0750122070312,610.1699829101562,610.2901000976562,1107489
2026-03-04 16:10:00+00:00,610.3200073242188,610.4000244140625,609.0499877929688,609.3300170898438,936762
2026-03-04 16:15:00+00:00,609.3400268554688,609.9000244140625,608.9000244140625,609.22998046875,814089
2026-03-04 16:20:00+00:00,609.219970703125,609.7949829101562,608.9000244140625,609.22998046875,875472
2026-03-04 16:25:00+00:00,609.22998046875,610.5499877929688,609.0599975585938,610.1699829101562,983125
2026-03-04 16:30:00+00:00,610.1749877929688,610.9000244140625,609.97998046875,610.5800170898438,952030
2026-03-04 16:35:00+00:00,610.5999755859375,611.0,610.0050048828125,610.39501953125,951344
2026-03-04 16:40:00+00:00,610.4299926757812,611.6799926757812,610.280029296875,611.47998046875,1085642
2026-03-04 16:45:00+00:00,611.489990234375,611.719970703125,611.2000122070312,611.5999755859375,819525
2026-03-04 16:50:00+00:00,611.5999755859375,611.739990234375,610.97998046875,611.489990234375,792861
2026-03-04 16:55:00+00:00,611.510009765625,611.7100219726562,611.030029296875,611.1400146484375,673587
2026-03-04 17:00:00+00:00,611.1599731445312,611.6849975585938,610.8699951171875,611.6599731445312,555799
2026-03-04 17:05:00+00:00,611.6649780273438,611.8250122070312,611.3699951171875,611.5399780273438,600695
2026-03-04 17:10:00+00:00,611.5499877929688,611.760009765625,611.4000244140625,611.4149780273438,455898
2026-03-04 17:15:00+00:00,611.4099731445312,611.5299072265625,611.2000122070312,611.3800048828125,406631
2026-03-04 17:20:00+00:00,611.3499755859375,611.5900268554688,610.8900146484375,611.3200073242188,396529
2026-03-04 17:25:00+00:00,611.3099975585938,611.6300048828125,610.8098754882812,610.8499755859375,438723
2026-03-04 17:30:00+00:00,610.8499755859375,611.1599731445312,610.1900024414062,611.02001953125,628529
2026-03-04 17:35:00+00:00,611.030029296875,611.6849975585938,610.8499755859375,611.625,552018
2026-03-04 17:40:00+00:00,611.6400146484375,611.8099975585938,611.1701049804688,611.3300170898438,360057
2026-03-04 17:45:00+00:00,611.3300170898438,611.760009765625,611.3099975585938,611.489990234375,422534
2026-03-04 17:50:00+00:00,611.52001953125,612.010009765625,611.260009765625,611.8201293945312,681029
2026-03-04 17:55:00+00:00,611.8400268554688,611.905029296875,611.3699951171875,611.719970703125,360444
2026-03-04 18:00:00+00:00,611.719970703125,612.0499877929688,611.5399780273438,611.6699829101562,597504
2026-03-04 18:05:00+00:00,611.6500244140625,612.010009765625,611.4299926757812,611.7999877929688,471209
2026-03-04 18:10:00+00:00,611.7985229492188,611.9199829101562,611.47998046875,611.5800170898438,298101
2026-03-04 18:15:00+00:00,611.5650024414062,611.6649780273438,611.3099975585938,611.3302001953125,289014
2026-03-04 18:20:00+00:00,611.3099975585938,611.530029296875,611.0399780273438,611.2100219726562,336496
2026-03-04 18:25:00+00:00,611.2100219726562,611.8499755859375,611.1300048828125,611.7816772460938,377223
2026-03-04 18:30:00+00:00,611.7899780273438,612.5499877929688,611.760009765625,612.110107421875,698070
2026-03-04 18:35:00+00:00,612.1099853515625,612.5499877929688,612.0599975585938,612.3300170898438,411189
2026-03-04 18:40:00+00:00,612.3250122070312,612.8099975585938,612.2901000976562,612.469970703125,402874
2026-03-04 18:45:00+00:00,612.47998046875,612.6400146484375,612.0399780273438,612.5900268554688,546244
2026-03-04 18:50:00+00:00,612.594970703125,612.8099975585938,612.489990234375,612.52001953125,315404
2026-03-04 18:55:00+00:00,612.5050048828125,612.52001953125,611.969970703125,612.2949829101562,456022
2026-03-04 19:00:00+00:00,612.3049926757812,612.75,612.155029296875,612.6849975585938,354244
2026-03-04 19:05:00+00:00,612.6900024414062,612.7301025390625,612.405029296875,612.5650024414062,367874
2026-03-04 19:10:00+00:00,612.5631103515625,612.8800048828125,612.5399780273438,612.6900024414062,440783
2026-03-04 19:15:00+00:00,612.7000122070312,612.8400268554688,612.5449829101562,612.6661987304688,357387
2026-03-04 19:20:00+00:00,612.6699829101562,612.7150268554688,612.3400268554688,612.5900268554688,277265
2026-03-04 19:25:00+00:00,612.590087890625,612.6500244140625,612.2150268554688,612.3400268554688,375618
2026-03-04 19:30:00+00:00,612.3350219726562,612.5,612.0750122070312,612.135009765625,343866
2026-03-04 19:35:00+00:00,612.14501953125,612.5798950195312,612.1199951171875,612.5700073242188,312436
2026-03-04 19:40:00+00:00,612.5800170898438,612.625,612.1600952148438,612.27001953125,437976
2026-03-04 19:45:00+00:00,612.27001953125,612.4099731445312,612.0,612.3900146484375,386014
2026-03-04 19:50:00+00:00,612.3900146484375,612.5,612.3099975585938,612.3800048828125,354461
2026-03-04 19:55:00+00:00,612.3699951171875,612.4199829101562,612.1199951171875,612.22998046875,460640
2026-03-04 20:00:00+00:00,612.219970703125,612.3599243164062,612.010009765625,612.2750244140625,363458
2026-03-04 20:05:00+00:00,612.280029296875,612.3599853515625,611.5599975585938,611.6900024414062,474952
2026-03-04 20:10:00+00:00,611.7100219726562,611.7100219726562,611.2150268554688,611.280029296875,521606
2026-03-04 20:15:00+00:00,611.2899780273438,611.3900146484375,610.9199829101562,611.0349731445312,537883
2026-03-04 20:20:00+00:00,611.030029296875,611.1900024414062,610.6599731445312,610.75,563268
2026-03-04 20:25:00+00:00,610.75,611.3699951171875,610.739990234375,611.3300170898438,609128
2026-03-04 20:30:00+00:00,611.3200073242188,611.4199829101562,610.9500122070312,611.0800170898438,459140
2026-03-04 20:35:00+00:00,611.0750122070312,611.4959716796875,611.030029296875,611.2349853515625,891230
2026-03-04 20:40:00+00:00,611.239990234375,611.72998046875,611.1417236328125,611.6400146484375,554033
2026-03-04 20:45:00+00:00,611.635009765625,611.6755981445312,611.2050170898438,611.27001953125,731439
2026-03-04 20:50:00+00:00,611.25,611.27001953125,610.4199829101562,611.0999755859375,1944689
2026-03-04 20:55:00+00:00,611.0900268554688,611.27001953125,610.5499877929688,610.5499877929688,2375135
2026-03-05 14:30:00+00:00,607.4500122070312,610.030029296875,607.3800048828125,609.9849853515625,4795063
2026-03-05 14:35:00+00:00,609.989990234375,610.760009765625,609.3599853515625,609.9600219726562,1964342
2026-03-05 14:40:00+00:00,609.969970703125,610.4099731445312,608.9299926757812,609.1599731445312,1259239
2026-03-05 14:45:00+00:00,609.1599731445312,610.8800048828125,608.6099853515625,609.8300170898438,1524364
2026-03-05 14:50:00+00:00,609.8699951171875,611.2200927734375,609.6749877929688,611.1900024414062,1426318
2026-03-05 14:55:00+00:00,611.1500244140625,612.27001953125,610.6699829101562,612.2396850585938,1486884
2026-03-05 15:00:00+00:00,612.219970703125,612.760009765625,611.780029296875,611.8800048828125,1485800
2026-03-05 15:05:00+00:00,611.8800048828125,612.0900268554688,610.8099975585938,611.27001953125,1236722
2026-03-05 15:10:00+00:00,611.280029296875,612.1199951171875,610.8900146484375,612.0399780273438,1296458
2026-03-05 15:15:00+00:00,612.030029296875,612.1099853515625,610.25,610.3499755859375,973560
2026-03-05 15:20:00+00:00,610.3499755859375,610.3599853515625,608.3200073242188,608.3200073242188,1156736
2026-03-05 15:25:00+00:00,608.2999877929688,608.52001953125,607.5499877929688,608.0150146484375,1336644
2026-03-05 15:30:00+00:00,608.02001953125,608.0599975585938,606.0700073242188,607.1400146484375,1823097
2026-03-05 15:35:00+00:00,607.1400146484375,608.7999877929688,606.75,608.780029296875,1448797
2026-03-05 15:40:00+00:00,608.7999877929688,609.469970703125,608.1900024414062,608.75,1291224
2026-03-05 15:45:00+00:00,608.739990234375,609.6500244140625,608.5449829101562,608.72998046875,820153
2026-03-05 15:50:00+00:00,608.739990234375,610.0800170898438,608.625,609.6199951171875,1430593
2026-03-05 15:55:00+00:00,609.6199951171875,609.8200073242188,608.9500122070312,609.7000122070312,1006051
2026-03-05 16:00:00+00:00,609.7000122070312,609.9600219726562,608.4149780273438,608.469970703125,1110464
2026-03-05 16:05:00+00:00,608.4500122070312,609.0025024414062,607.7000122070312,607.7000122070312,881127
2026-03-05 16:10:00+00:00,607.7000122070312,608.0700073242188,606.7000122070312,607.4000244140625,1298369
2026-03-05 16:15:00+00:00,607.4000244140625,607.72998046875,606.3200073242188,606.4000244140625,1436937
2026-03-05 16:20:00+00:00,606.4000244140625,608.0,606.3400268554688,607.4199829101562,965014
2026-03-05 16:25:00+00:00,607.3800048828125,607.9400024414062,606.9099731445312,606.9500122070312,681422
2026-03-05 16:30:00+00:00,606.9600219726562,608.47998046875,606.9000244140625,607.8200073242188,1014265
2026-03-05 16:35:00+00:00,607.8150024414062,608.6099853515625,607.5999755859375,608.2100219726562,624746
2026-03-05 16:40:00+00:00,608.2000122070312,608.6699829101562,607.489990234375,607.8713989257812,584475
2026-03-05 16:45:00+00:00,607.9000244140625,609.030029296875,607.9000244140625,608.3699951171875,965239
2026-03-05 16:50:00+00:00,608.3699951171875,608.719970703125,607.969970703125,608.389892578125,602632
2026-03-05 16:55:00+00:00,608.3800048828125,608.9199829101562,608.280029296875,608.780029296875,620909
2026-03-05 17:00:00+00:00,608.7899780273438,610.4400024414062,608.5700073242188,610.4000244140625,899816
2026-03-05 17:05:00+00:00,610.4000244140625,610.6799926757812,608.8099975585938,608.8200073242188,1233893
2026-03-05 17:10:00+00:00,608.8200073242188,609.0700073242188,607.9000244140625,608.510009765625,1194114
2026-03-05 17:15:00+00:00,608.52001953125,608.530029296875,606.6599731445312,606.8300170898438,793886
2026-03-05 17:20:00+00:00,606.8699951171875,607.4099731445312,606.2899780273438,607.1102905273438,770613
2026-03-05 17:25:00+00:00,607.1199951171875,607.5650024414062,606.0,606.0,1002670
2026-03-05 17:30:00+00:00,606.010009765625,606.3599853515625,604.469970703125,604.5599975585938,1306365
2026-03-05 17:35:00+00:00,604.5499877929688,605.8300170898438,604.135009765625,604.989990234375,1285810
2026-03-05 17:40:00+00:00,604.969970703125,605.4299926757812,603.739990234375,604.0900268554688,942005
2026-03-05 17:45:00+00:00,604.0700073242188,604.1199951171875,603.0700073242188,603.219970703125,832732
2026-03-05 17:50:00+00:00,603.2000122070312,604.139892578125,602.7000122070312,603.1699829101562,1716141
2026-03-05 17:55:00+00:00,603.1649780273438,603.4400024414062,602.6099853515625,603.0650024414062,1131597
2026-03-05 18:00:00+00:00,603.0650024414062,603.9401245117188,602.8800048828125,603.77001953125,1044664
2026-03-05 18:05:00+00:00,603.739990234375,604.75,603.4500122070312,604.5740966796875,1210068
2026-03-05 18:10:00+00:00,604.5599975585938,605.010009765625,603.989990234375,604.739990234375,857483
2026-03-05 18:15:00+00:00,604.739990234375,605.0499877929688,602.9500122070312,603.02001953125,889484
2026-03-05 18:20:00+00:00,603.030029296875,604.219970703125,602.9500122070312,603.739990234375,753448
2026-03-05 18:25:00+00:00,603.72998046875,603.780029296875,602.4600219726562,602.739990234375,776416
2026-03-05 18:30:00+00:00,602.7050170898438,603.4600219726562,602.260009765625,602.8300170898438,803936
2026-03-05 18:35:00+00:00,602.8200073242188,603.6099853515625,602.760009765625,603.219970703125,722283
2026-03-05 18:40:00+00:00,603.27001953125,604.5900268554688,603.1699829101562,604.3400268554688,745414
2026-03-05 18:45:00+00:00,604.3099975585938,604.4000244140625,603.22998046875,603.5050048828125,699265
2026-03-05 18:50:00+00:00,603.52001953125,603.5399780273438,602.2999877929688,602.4600219726562,773961
2026-03-05 18:55:00+00:00,602.4600219726562,603.6666870117188,602.4500122070312,603.239990234375,799776
2026-03-05 19:00:00+00:00,603.22998046875,604.010009765625,602.969970703125,603.6649780273438,749757
2026-03-05 19:05:00+00:00,603.6699829101562,604.3101196289062,603.6199951171875,603.8699951171875,644331
2026-03-05 19:10:00+00:00,603.8699951171875,604.3200073242188,603.4400024414062,604.2000122070312,598445
2026-03-05 19:15:00+00:00,604.219970703125,604.4033813476562,603.5999755859375,604.3400268554688,687803
2026-03-05 19:20:00+00:00,604.3499755859375,604.8300170898438,603.8300170898438,604.239990234375,728675
2026-03-05 19:25:00+00:00,604.280029296875,604.4400024414062,603.2401123046875,603.8350219726562,757928
2026-03-05 19:30:00+00:00,603.8200073242188,603.8300170898438,602.739990234375,603.1300048828125,751988
2026-03-05 19:35:00+00:00,603.1199951171875,603.510009765625,602.7999877929688,603.4600219726562,699508
2026-03-05 19:40:00+00:00,603.4600219726562,604.1400146484375,603.3900146484375,604.1199951171875,725328
2026-03-05 19:45:00+00:00,604.1099853515625,604.6699829101562,603.6799926757812,604.4600219726562,625316
2026-03-05 19:50:00+00:00,604.469970703125,604.8699951171875,603.75,603.7965698242188,660995
2026-03-05 19:55:00+00:00,603.760009765625,604.469970703125,603.4600219726562,604.27001953125,753363
2026-03-05 20:00:00+00:00,604.2899780273438,605.3800048828125,603.530029296875,605.2000122070312,1118826
2026-03-05 20:05:00+00:00,605.2000122070312,605.6300048828125,603.9299926757812,605.3599853515625,1361872
2026-03-05 20:10:00+00:00,605.3599853515625,606.1599731445312,605.27001953125,605.780029296875,1193732
2026-03-05 20:15:00+00:00,605.7999877929688,606.4299926757812,605.385009765625,606.0800170898438,944002
2026-03-05 20:20:00+00:00,606.0700073242188,606.9149780273438,605.8499755859375,606.9000244140625,1087027
2026-03-05 20:25:00+00:00,606.9000244140625,607.5900268554688,606.5599975585938,606.6400146484375,1307868
2026-03-05 20:30:00+00:00,606.6400146484375,607.4500122070312,606.2899780273438,607.3400268554688,1008525
2026-03-05 20:35:00+00:00,607.3300170898438,607.7100219726562,607.0800170898438,607.22998046875,891849
2026-03-05 20:40:00+00:00,607.25,607.2999877929688,606.530029296875,606.9500122070312,891522
2026-03-05 20:45:00+00:00,606.9500122070312,607.489990234375,606.4000244140625,607.489990234375,971988
2026-03-05 20:50:00+00:00,607.489990234375,608.5,607.489990234375,608.4400024414062,2344520
2026-03-05 20:55:00+00:00,608.4500122070312,609.1199951171875,608.1699829101562,608.969970703125,3381732
2026-03-06 14:30:00+00:00,600.3350219726562,601.469970703125,599.5900268554688,600.8499755859375,6537852
2026-03-06 14:35:00+00:00,600.8400268554688,601.0999755859375,598.5399780273438,600.219970703125,2255670
2026-03-06 14:40:00+00:00,600.2000122070312,601.427978515625,599.9500122070312,600.2000732421875,1529527
2026-03-06 14:45:00+00:00,600.219970703125,601.0800170898438,599.1500244140625,600.0599975585938,1694874
2026-03-06 14:50:00+00:00,600.0800170898438,601.7100219726562,599.8699951171875,600.3499755859375,1271925
2026-03-06 14:55:00+00:00,600.3499755859375,600.7999877929688,599.1099853515625,600.469970703125,1216583
2026-03-06 15:00:00+00:00,600.4500122070312,602.5599975585938,600.4000244140625,602.2999877929688,1760265
2026-03-06 15:05:00+00:00,602.260009765625,602.4500122070312,600.030029296875,600.1199951171875,1719014
2026-03-06 15:10:00+00:00,600.1199951171875,603.02001953125,599.8499755859375,602.8900146484375,1779022
2026-03-06 15:15:00+00:00,602.864990234375,603.0999755859375,602.1400146484375,602.7100219726562,1023915
2026-03-06 15:20:00+00:00,602.72998046875,603.6500244140625,602.489990234375,603.4000244140625,1159487
2026-03-06 15:25:00+00:00,603.4099731445312,603.7999877929688,602.969970703125,603.6300048828125,1172437
2026-03-06 15:30:00+00:00,603.6099853515625,604.6599731445312,603.6099853515625,604.3300170898438,1443818
2026-03-06 15:35:00+00:00,604.3599853515625,605.3400268554688,604.1699829101562,604.9500122070312,1143893
2026-03-06 15:40:00+00:00,604.9450073242188,604.9450073242188,603.3800048828125,603.97998046875,1160056
2026-03-06 15:45:00+00:00,603.969970703125,604.22998046875,602.8800048828125,603.1699829101562,945598
2026-03-06 15:50:00+00:00,603.1799926757812,603.22998046875,601.9299926757812,602.8400268554688,1094798
2026-03-06 15:55:00+00:00,602.8499755859375,605.1300048828125,602.844970703125,604.510009765625,1313151
2026-03-06 16:00:00+00:00,604.5025024414062,605.5,604.27001953125,605.3400268554688,879497
2026-03-06 16:05:00+00:00,605.3200073242188,605.4500122070312,604.2000122070312,604.2999877929688,815630
2026-03-06 16:10:00+00:00,604.3200073242188,604.3699951171875,603.5,603.6599731445312,810396
2026-03-06 16:15:00+00:00,603.6799926757812,604.6199951171875,603.4500122070312,604.4199829101562,790348
2026-03-06 16:20:00+00:00,604.3900146484375,604.5499877929688,602.8699951171875,603.9199829101562,786112
2026-03-06 16:25:00+00:00,603.9299926757812,604.1799926757812,603.3599853515625,604.159912109375,598378
2026-03-06 16:30:00+00:00,604.1799926757812,604.3099975585938,603.0,603.2000122070312,839848
2026-03-06 16:35:00+00:00,603.1900024414062,604.719970703125,603.0599975585938,604.510009765625,942188
2026-03-06 16:40:00+00:00,604.5,604.8800048828125,604.0499877929688,604.2999877929688,628575
2026-03-06 16:45:00+00:00,604.280029296875,605.5599975585938,604.22998046875,605.1500244140625,930058
2026-03-06 16:50:00+00:00,605.1400146484375,605.8800048828125,604.3599853515625,604.47998046875,800872
2026-03-06 16:55:00+00:00,604.4749755859375,605.4400024414062,604.1400146484375,605.030029296875,776296
2026-03-06 17:00:00+00:00,605.0499877929688,605.989990234375,604.6099853515625,605.4299926757812,713465
2026-03-06 17:05:00+00:00,605.4199829101562,605.489990234375,603.7650146484375,604.1699829101562,729008
2026-03-06 17:10:00+00:00,604.1500244140625,604.510009765625,603.6300048828125,603.9199829101562,503652
2026-03-06 17:15:00+00:00,603.9299926757812,604.2999877929688,603.3099975585938,604.260009765625,592789
2026-03-06 17:20:00+00:00,604.27001953125,604.7899780273438,603.77001953125,604.02001953125,594350
2026-03-06 17:25:00+00:00,604.030029296875,604.1199951171875,602.9199829101562,603.4000244140625,806232
2026-03-06 17:30:00+00:00,603.4000244140625,603.7000122070312,603.030029296875,603.6199951171875,481416
2026-03-06 17:35:00+00:00,603.6199951171875,603.6599731445312,602.1599731445312,602.4550170898438,765916
2026-03-06 17:40:00+00:00,602.469970703125,602.6900024414062,601.72998046875,602.3599853515625,804743
2026-03-06 17:45:00+00:00,602.3300170898438,603.3499755859375,602.3300170898438,603.1599731445312,815999
2026-03-06 17:50:00+00:00,603.1400146484375,603.6900024414062,602.6900024414062,602.9099731445312,812160
2026-03-06 17:55:00+00:00,602.9500122070312,603.4600219726562,602.6300048828125,602.7000122070312,528345
2026-03-06 18:00:00+00:00,602.7100219726562,603.760009765625,602.5800170898438,603.0,928366
2026-03-06 18:05:00+00:00,602.989990234375,603.8900146484375,602.8499755859375,603.5598754882812,518642
2026-03-06 18:10:00+00:00,603.5499877929688,605.4000244140625,603.22998046875,605.2100219726562,1057264
2026-03-06 18:15:00+00:00,605.22998046875,605.4500122070312,604.5399780273438,605.1300048828125,733171
2026-03-06 18:20:00+00:00,605.1300048828125,605.239990234375,604.2000122070312,604.5999755859375,571820
2026-03-06 18:25:00+00:00,604.5999755859375,604.6599731445312,603.4400024414062,603.8200073242188,560893
2026-03-06 18:30:00+00:00,603.8300170898438,604.530029296875,603.6900024414062,604.1799926757812,650207
2026-03-06 18:35:00+00:00,604.1798706054688,604.219970703125,603.22998046875,603.7899780273438,811982
2026-03-06 18:40:00+00:00,603.77001953125,604.3499755859375,603.5399780273438,604.0800170898438,558317
2026-03-06 18:45:00+00:00,604.0800170898438,604.22998046875,603.6199951171875,604.1300048828125,538414
2026-03-06 18:50:00+00:00,604.1500244140625,604.1900024414062,602.8599853515625,603.0999755859375,843558
2026-03-06 18:55:00+00:00,603.1099853515625,603.489990234375,602.9299926757812,603.0800170898438,518168
2026-03-06 19:00:00+00:00,603.0900268554688,603.4400024414062,602.9299926757812,602.9600219726562,737797
2026-03-06 19:05:00+00:00,602.9600219726562,603.760009765625,602.8499755859375,603.5900268554688,712427
2026-03-06 19:10:00+00:00,603.5800170898438,604.3699951171875,603.510009765625,604.0999755859375,824941
2026-03-06 19:15:00+00:00,604.0999755859375,604.22998046875,603.1099853515625,603.6961059570312,777370
2026-03-06 19:20:00+00:00,603.6900024414062,603.8400268554688,602.77001953125,602.9199829101562,996530
2026-03-06 19:25:00+00:00,602.9299926757812,603.760009765625,602.6699829101562,603.530029296875,890610
2026-03-06 19:30:00+00:00,603.52001953125,604.0,603.35009765625,603.6799926757812,788845
2026-03-06 19:35:00+00:00,603.6900024414062,603.9149780273438,602.7100219726562,603.1900024414062,729959
2026-03-06 19:40:00+00:00,603.2100219726562,604.0250244140625,603.02001953125,603.030029296875,1075925
2026-03-06 19:45:00+00:00,603.02001953125,603.1799926757812,602.530029296875,602.89501953125,641237
2026-03-06 19:50:00+00:00,602.8800048828125,603.22998046875,602.4600219726562,603.1300048828125,696001
2026-03-06 19:55:00+00:00,603.1199951171875,603.4299926757812,603.010009765625,603.27001953125,569730
2026-03-06 20:00:00+00:00,603.260009765625,604.3499755859375,603.22998046875,604.1500244140625,1277265
2026-03-06 20:05:00+00:00,604.135009765625,604.22998046875,603.02001953125,603.0700073242188,693268
2026-03-06 20:10:00+00:00,603.0700073242188,603.22998046875,601.280029296875,601.8900146484375,1387351
2026-03-06 20:15:00+00:00,601.8900146484375,602.4400024414062,601.239990234375,601.739990234375,884232
2026-03-06 20:20:00+00:00,601.7349853515625,601.8300170898438,600.3400268554688,600.4199829101562,999209
2026-03-06 20:25:00+00:00,600.4099731445312,600.469970703125,599.2999877929688,599.530029296875,1032989
2026-03-06 20:30:00+00:00,599.530029296875,599.8099975585938,598.9099731445312,599.1599731445312,1751698
2026-03-06 20:35:00+00:00,599.1500244140625,599.6199951171875,598.3699951171875,599.4600219726562,2076965
2026-03-06 20:40:00+00:00,599.5,600.8599853515625,598.9600219726562,600.1500244140625,1491855
2026-03-06 20:45:00+00:00,600.1500244140625,600.6500854492188,600.0250244140625,600.4600219726562,1100781
2026-03-06 20:50:00+00:00,600.4400024414062,600.72998046875,599.5900268554688,600.1409912109375,1835714
2026-03-06 20:55:00+00:00,600.1400146484375,600.47998046875,599.47998046875,599.8699951171875,2966969
2026-03-09 13:30:00+00:00,594.219970703125,596.4600219726562,594.030029296875,595.3200073242188,5652456
2026-03-09 13:35:00+00:00,595.3099975585938,595.6735229492188,593.27001953125,593.4199829101562,1365878
2026-03-09 13:40:00+00:00,593.4099731445312,593.6300048828125,592.3099975585938,593.010009765625,1748333
2026-03-09 13:45:00+00:00,592.97998046875,593.8800048828125,592.0900268554688,592.489990234375,1601095
2026-03-09 13:50:00+00:00,592.5,592.9600219726562,591.510009765625,592.0,1644216
2026-03-09 13:55:00+00:00,591.97998046875,593.739990234375,591.3350219726562,592.72998046875,1738483
2026-03-09 14:00:00+00:00,592.7100219726562,595.176025390625,592.27001953125,595.0900268554688,1600225
2026-03-09 14:05:00+00:00,595.0700073242188,595.27001953125,592.4099731445312,593.109619140625,2125032
2026-03-09 14:10:00+00:00,593.0999755859375,593.1900024414062,591.5599975585938,592.3900146484375,1335262
2026-03-09 14:15:00+00:00,592.4000244140625,593.6099853515625,592.02001953125,593.260009765625,1585716
2026-03-09 14:20:00+00:00,593.27001953125,595.02001953125,592.2899780273438,594.760009765625,1289653
2026-03-09 14:25:00+00:00,594.760009765625,595.0900268554688,593.0,593.469970703125,1019814
2026-03-09 14:30:00+00:00,593.4400024414062,594.5,593.3699951171875,594.1199951171875,1132935
2026-03-09 14:35:00+00:00,594.1199951171875,596.02001953125,593.9600219726562,595.469970703125,1015071
2026-03-09 14:40:00+00:00,595.4299926757812,596.7000122070312,594.989990234375,596.7000122070312,1059233
2026-03-09 14:45:00+00:00,596.7100219726562,597.6699829101562,596.5599975585938,597.5700073242188,1156576
2026-03-09 14:50:00+00:00,597.5599975585938,597.8800048828125,596.989990234375,597.6950073242188,947343
2026-03-09 14:55:00+00:00,597.7000122070312,597.719970703125,596.5700073242188,597.0499877929688,990533
2026-03-09 15:00:00+00:00,597.030029296875,598.0,597.030029296875,597.7100219726562,757712
2026-03-09 15:05:00+00:00,597.719970703125,598.239990234375,597.4199829101562,597.6099853515625,811380
2026-03-09 15:10:00+00:00,597.614990234375,598.52001953125,597.5,598.2999877929688,758895
2026-03-09 15:15:00+00:00,598.3200073242188,598.8699951171875,597.8300170898438,598.3599853515625,896859
2026-03-09 15:20:00+00:00,598.3599853515625,598.9400024414062,598.0999755859375,598.75,599340
2026-03-09 15:25:00+00:00,598.72998046875,599.47998046875,598.510009765625,599.3200073242188,785101
2026-03-09 15:30:00+00:00,599.3300170898438,599.3400268554688,598.2999877929688,598.4677734375,726110
2026-03-09 15:35:00+00:00,598.4600219726562,598.6699829101562,598.0700073242188,598.3800048828125,665985
2026-03-09 15:40:00+00:00,598.3677978515625,598.7899780273438,598.1201171875,598.4401245117188,529308
2026-03-09 15:45:00+00:00,598.4400024414062,599.280029296875,598.25,598.9699096679688,824642
2026-03-09 15:50:00+00:00,598.9500122070312,599.6500244140625,598.6500244140625,599.47998046875,593011
2026-03-09 15:55:00+00:00,599.469970703125,599.6699829101562,599.1325073242188,599.2999877929688,601443
2026-03-09 16:00:00+00:00,599.3099975585938,600.2100219726562,599.0399780273438,599.5,971631
2026-03-09 16:05:00+00:00,599.489990234375,600.0599975585938,599.4400024414062,599.780029296875,652092
2026-03-09 16:10:00+00:00,599.77001953125,600.010009765625,599.3200073242188,599.7899780273438,501064
2026-03-09 16:15:00+00:00,599.7999877929688,600.0,599.510009765625,599.8099975585938,390377
2026-03-09 16:20:00+00:00,599.8250122070312,600.219970703125,599.0806884765625,600.0399780273438,665524
2026-03-09 16:25:00+00:00,600.010009765625,601.3499755859375,599.77001953125,600.4500122070312,883580
2026-03-09 16:30:00+00:00,600.4500122070312,600.6500244140625,599.5499877929688,600.530029296875,799390
2026-03-09 16:35:00+00:00,600.489990234375,601.1400146484375,600.4500122070312,600.9199829101562,524859
2026-03-09 16:40:00+00:00,600.9400024414062,601.77001953125,600.9299926757812,601.5700073242188,639628
2026-03-09 16:45:00+00:00,601.5750122070312,601.8499755859375,601.3499755859375,601.5449829101562,614543
2026-03-09 16:50:00+00:00,601.5499877929688,601.5800170898438,600.989990234375,601.10009765625,557491
2026-03-09 16:55:00+00:00,601.0999755859375,601.52001953125,600.77001953125,600.8800048828125,479499
2026-03-09 17:00:00+00:00,600.8900146484375,600.969970703125,600.0800170898438,600.3599853515625,948654
2026-03-09 17:05:00+00:00,600.3699951171875,600.510009765625,599.8300170898438,600.3200073242188,637019
2026-03-09 17:10:00+00:00,600.3400268554688,600.6400146484375,599.989990234375,600.260009765625,465626
2026-03-09 17:15:00+00:00,600.260009765625,600.3699951171875,599.219970703125,599.2999877929688,693208
2026-03-09 17:20:00+00:00,599.3049926757812,599.3997192382812,598.6099853515625,598.6900024414062,1123850
2026-03-09 17:25:00+00:00,598.7100219726562,598.8099975585938,598.3800048828125,598.530029296875,619265
2026-03-09 17:30:00+00:00,598.52001953125,598.7899780273438,598.27001953125,598.4000244140625,864854
2026-03-09 17:35:00+00:00,598.4099731445312,598.6799926757812,598.0,598.1199951171875,669632
2026-03-09 17:40:00+00:00,598.1099853515625,598.2999877929688,597.6400146484375,597.8400268554688,738598
2026-03-09 17:45:00+00:00,597.8400268554688,598.7249755859375,597.7899780273438,598.260009765625,715361
2026-03-09 17:50:00+00:00,598.239990234375,598.9000244140625,598.0599975585938,598.8400268554688,567122
2026-03-09 17:55:00+00:00,598.7999877929688,598.969970703125,598.3300170898438,598.47998046875,490834
2026-03-09 18:00:00+00:00,598.5,599.0900268554688,598.4500122070312,598.760009765625,616839
2026-03-09 18:05:00+00:00,598.780029296875,599.3599853515625,598.5300903320312,598.6400146484375,762525
2026-03-09 18:10:00+00:00,598.6500244140625,599.4299926757812,598.5499877929688,599.1699829101562,553105
2026-03-09 18:15:00+00:00,599.1699829101562,599.75,598.97998046875,599.6799926757812,522446
2026-03-09 18:20:00+00:00,599.6849975585938,600.25,598.97998046875,599.6799926757812,803737
2026-03-09 18:25:00+00:00,599.6599731445312,599.72998046875,599.2899780273438,599.4299926757812,584128
2026-03-09 18:30:00+00:00,599.4299926757812,600.639892578125,599.3699951171875,600.5197143554688,682880
2026-03-09 18:35:00+00:00,600.530029296875,600.6799926757812,600.1699829101562,600.3599853515625,835664
2026-03-09 18:40:00+00:00,600.3599853515625,600.5900268554688,600.1500244140625,600.3099975585938,652962
2026-03-09 18:45:00+00:00,600.3300170898438,600.8400268554688,600.280029296875,600.530029296875,528734
2026-03-09 18:50:00+00:00,600.510009765625,600.72998046875,600.25,600.3800048828125,557779
2026-03-09 18:55:00+00:00,600.3900146484375,600.3900146484375,599.4600219726562,599.5800170898438,715165
2026-03-09 19:00:00+00:00,599.5900268554688,599.9509887695312,599.3099975585938,599.6099853515625,485444
2026-03-09 19:05:00+00:00,599.5900268554688,599.7899780273438,599.22998046875,599.719970703125,577436
2026-03-09 19:10:00+00:00,599.72998046875,600.2055053710938,599.6900024414062,599.8800048828125,535467
2026-03-09 19:15:00+00:00,599.8800048828125,603.0250244140625,599.719970703125,602.9000244140625,1816276
2026-03-09 19:20:00+00:00,602.9000244140625,605.2449951171875,602.4400024414062,604.719970703125,3639586
2026-03-09 19:25:00+00:00,604.72998046875,606.9500122070312,604.2000122070312,606.780029296875,2991770
2026-03-09 19:30:00+00:00,606.739990234375,607.8599853515625,605.3599853515625,607.6400146484375,2737842
2026-03-09 19:35:00+00:00,607.6500244140625,609.25,606.510009765625,608.9400024414062,3028053
2026-03-09 19:40:00+00:00,608.9500122070312,608.9600219726562,606.25,607.1500244140625,2599366
2026-03-09 19:45:00+00:00,607.1500244140625,607.7999877929688,606.5399780273438,607.3250122070312,1631079
2026-03-09 19:50:00+00:00,607.3300170898438,607.3300170898438,606.4000244140625,606.75,2353501
2026-03-09 19:55:00+00:00,606.7899780273438,608.35498046875,606.5499877929688,607.760009765625,3551067
2026-03-10 13:30:00+00:00,607.7899780273438,609.9600219726562,607.7899780273438,608.6199951171875,4317510
2026-03-10 13:35:00+00:00,608.635009765625,608.9099731445312,607.875,608.3800048828125,1406442
2026-03-10 13:40:00+00:00,608.3300170898438,608.9400024414062,607.02001953125,608.77001953125,1135427
2026-03-10 13:45:00+00:00,608.7000122070312,609.3599853515625,607.9099731445312,609.1300048828125,918344
2026-03-10 13:50:00+00:00,609.1400146484375,609.2100219726562,607.8599853515625,607.8699951171875,743139
2026-03-10 13:55:00+00:00,607.8800048828125,608.0800170898438,606.75,607.1500244140625,755605
2026-03-10 14:00:00+00:00,607.1699829101562,607.4600219726562,606.0900268554688,607.2000122070312,836317
2026-03-10 14:05:00+00:00,607.219970703125,607.969970703125,605.4801025390625,605.6300048828125,933255
2026-03-10 14:10:00+00:00,605.6400146484375,606.5850219726562,605.5800170898438,606.3499755859375,853997
2026-03-10 14:15:00+00:00,606.3200073242188,607.039794921875,605.4199829101562,606.8699951171875,885266
2026-03-10 14:20:00+00:00,606.8499755859375,607.9398803710938,606.7000122070312,607.530029296875,746159
2026-03-10 14:25:00+00:00,607.5601196289062,608.6199951171875,607.5601196289062,608.1099853515625,682711
2026-03-10 14:30:00+00:00,608.0999755859375,609.47998046875,608.0900268554688,609.309326171875,817464
2026-03-10 14:35:00+00:00,609.2999877929688,610.22998046875,608.9400024414062,610.219970703125,834596
2026-03-10 14:40:00+00:00,610.22998046875,610.8195190429688,609.7901000976562,610.489990234375,943496
2026-03-10 14:45:00+00:00,610.5,610.8200073242188,610.0599975585938,610.8099975585938,780882
2026-03-10 14:50:00+00:00,610.7899780273438,611.1699829101562,610.6444702148438,611.0800170898438,663225
2026-03-10 14:55:00+00:00,611.0800170898438,611.6699829101562,611.010009765625,611.6500244140625,986054
2026-03-10 15:00:00+00:00,611.6500244140625,612.4000244140625,611.5050048828125,612.0750122070312,1126456
2026-03-10 15:05:00+00:00,612.0800170898438,612.0999755859375,611.052490234375,611.1699829101562,804891
2026-03-10 15:10:00+00:00,611.1799926757812,611.489990234375,610.8599853515625,611.02001953125,607083
2026-03-10 15:15:00+00:00,611.0399780273438,612.1699829101562,610.97998046875,612.1199951171875,634316
2026-03-10 15:20:00+00:00,612.0900268554688,612.2899780273438,611.47998046875,611.6699829101562,621584
2026-03-10 15:25:00+00:00,611.6630249023438,611.8400268554688,611.3499755859375,611.469970703125,487728
2026-03-10 15:30:00+00:00,611.5,611.5399780273438,610.6749877929688,610.7899780273438,553880
2026-03-10 15:35:00+00:00,610.7999877929688,611.3599243164062,610.739990234375,611.22998046875,465278
2026-03-10 15:40:00+00:00,611.2249755859375,612.1500854492188,611.0,611.6199951171875,686770
2026-03-10 15:45:00+00:00,611.6400146484375,611.7899780273438,610.969970703125,611.3300170898438,476233
2026-03-10 15:50:00+00:00,611.3209228515625,611.9400024414062,611.2301025390625,611.280029296875,450879
2026-03-10 15:55:00+00:00,611.27001953125,611.760009765625,611.0999755859375,611.6099243164062,407715
2026-03-10 16:00:00+00:00,611.5999755859375,611.6199951171875,610.6300048828125,610.7999877929688,531774
2026-03-10 16:05:00+00:00,610.8200073242188,610.8200073242188,609.9400024414062,610.4299926757812,589299
2026-03-10 16:10:00+00:00,610.510009765625,611.1300048828125,610.3099975585938,610.8001098632812,481946
2026-03-10 16:15:00+00:00,610.7899780273438,611.5953979492188,610.61328125,611.2999877929688,391790
2026-03-10 16:20:00+00:00,611.3099975585938,611.3350219726562,610.614990234375,611.2100219726562,401901
2026-03-10 16:25:00+00:00,611.1900024414062,611.9199829101562,610.9299926757812,611.1500244140625,701702
2026-03-10 16:30:00+00:00,611.2000122070312,611.8300170898438,611.2000122070312,611.75,549646
2026-03-10 16:35:00+00:00,611.6900024414062,611.9793090820312,611.510009765625,611.9000244140625,473165
2026-03-10 16:40:00+00:00,611.8800048828125,611.9498901367188,611.52001953125,611.9000244140625,274570
2026-03-10 16:45:00+00:00,611.9099731445312,611.9299926757812,610.8699951171875,611.1099853515625,463965
2026-03-10 16:50:00+00:00,611.1500244140625,612.0999755859375,610.9400024414062,611.8699951171875,483967
2026-03-10 16:55:00+00:00,611.9000244140625,612.0399780273438,611.6300048828125,611.77001953125,385971
2026-03-10 17:00:00+00:00,611.760009765625,612.2899780273438,611.5501098632812,612.0700073242188,348026
2026-03-10 17:05:00+00:00,612.0800170898438,612.3599853515625,611.739990234375,611.9600219726562,436521
2026-03-10 17:10:00+00:00,611.969970703125,612.239990234375,611.5700073242188,611.8300170898438,468042
2026-03-10 17:15:00+00:00,611.8300170898438,612.8499755859375,611.7999877929688,612.8099975585938,442802
2026-03-10 17:20:00+00:00,612.7899780273438,612.8800048828125,612.430908203125,612.77001953125,549598
2026-03-10 17:25:00+00:00,612.77001953125,613.2800903320312,612.6500854492188,613.1668090820312,582704
2026-03-10 17:30:00+00:00,613.1599731445312,613.1599731445312,611.8699951171875,611.9299926757812,693530
2026-03-10 17:35:00+00:00,611.9600219726562,612.1099853515625,610.5,611.3099975585938,1063082
2026-03-10 17:40:00+00:00,611.27001953125,611.8900146484375,611.010009765625,611.3117065429688,695727
2026-03-10 17:45:00+00:00,611.3200073242188,612.3900146484375,611.135009765625,611.9600219726562,578232
2026-03-10 17:50:00+00:00,611.9500122070312,612.5780029296875,611.9000244140625,612.3900146484375,339150
2026-03-10 17:55:00+00:00,612.3599853515625,612.4000244140625,611.7899780273438,612.1599731445312,244108
2026-03-10 18:00:00+00:00,612.1500244140625,612.4000244140625,611.9000244140625,612.2559814453125,334588
2026-03-10 18:05:00+00:00,612.27001953125,612.2899780273438,611.4000244140625,611.5900268554688,363135
2026-03-10 18:10:00+00:00,611.6099853515625,612.1199951171875,608.9000244140625,608.9600219726562,1593714
2026-03-10 18:15:00+00:00,608.989990234375,610.1199951171875,608.0499877929688,608.469970703125,2060829
2026-03-10 18:20:00+00:00,608.4400024414062,609.4199829101562,607.739990234375,608.7750244140625,1502546
2026-03-10 18:25:00+00:00,608.7899780273438,610.530029296875,608.7000122070312,609.6699829101562,883130
2026-03-10 18:30:00+00:00,609.6500244140625,610.6262817382812,609.2000122070312,609.989990234375,704828
2026-03-10 18:35:00+00:00,610.0399780273438,610.3900146484375,608.7100830078125,609.1749877929688,960451
2026-03-10 18:40:00+00:00,609.1900024414062,609.72998046875,608.655029296875,609.0,518717
2026-03-10 18:45:00+00:00,608.9099731445312,609.6099853515625,608.7600708007812,609.2100219726562,418462
2026-03-10 18:50:00+00:00,609.22998046875,610.1199951171875,608.7999877929688,609.260009765625,449154
2026-03-10 18:55:00+00:00,609.27001953125,609.52001953125,608.6599731445312,608.739990234375,552389
2026-03-10 19:00:00+00:00,608.760009765625,609.1199951171875,608.4000244140625,608.5700073242188,677531
2026-03-10 19:05:00+00:00,608.5700073242188,609.219970703125,608.2424926757812,609.010009765625,649557
2026-03-10 19:10:00+00:00,608.9600219726562,609.2999877929688,608.3598022460938,609.1699829101562,612545
2026-03-10 19:15:00+00:00,609.1749877929688,609.780029296875,608.9199829101562,609.5999755859375,507012
2026-03-10 19:20:00+00:00,609.5599975585938,609.6900024414062,608.1500244140625,608.9600219726562,1071268
2026-03-10 19:25:00+00:00,608.97998046875,608.982177734375,607.7000122070312,607.72998046875,863236
2026-03-10 19:30:00+00:00,607.72998046875,607.969970703125,607.2001953125,607.39501953125,1128579
2026-03-10 19:35:00+00:00,607.4149780273438,608.0700073242188,606.969970703125,607.9000244140625,1034164
2026-03-10 19:40:00+00:00,607.875,608.8300170898438,607.27001953125,607.8599853515625,984526
2026-03-10 19:45:00+00:00,607.8300170898438,608.1500244140625,606.8800048828125,607.1699829101562,806767
2026-03-10 19:50:00+00:00,607.1799926757812,607.4299926757812,606.5700073242188,607.1961059570312,1418943
2026-03-10 19:55:00+00:00,607.1900024414062,607.780029296875,606.739990234375,607.6400146484375,2026722
2026-03-11 13:30:00+00:00,608.9500122070312,610.510009765625,608.9500122070312,609.9299926757812,3607179
2026-03-11 13:35:00+00:00,609.9400024414062,610.75,609.7999877929688,610.5800170898438,1207001
2026-03-11 13:40:00+00:00,610.5701293945312,610.8699951171875,609.5800170898438,609.75,930150
2026-03-11 13:45:00+00:00,609.780029296875,610.4299926757812,608.9299926757812,609.2824096679688,1211034
2026-03-11 13:50:00+00:00,609.2899780273438,609.9500122070312,608.4409790039062,609.3099975585938,1001212
2026-03-11 13:55:00+00:00,609.3200073242188,610.7000122070312,608.8499755859375,610.5100708007812,988906
2026-03-11 14:00:00+00:00,610.5399780273438,612.4299926757812,610.22998046875,611.0289916992188,2128986
2026-03-11 14:05:00+00:00,611.0399780273438,611.7100219726562,609.8099975585938,610.260009765625,1028765
2026-03-11 14:10:00+00:00,610.27001953125,610.7999877929688,609.5,610.5499877929688,896968
2026-03-11 14:15:00+00:00,610.5499877929688,610.760009765625,609.4400024414062,610.3049926757812,705976
2026-03-11 14:20:00+00:00,610.2849731445312,610.3900146484375,608.52001953125,608.5800170898438,763834
2026-03-11 14:25:00+00:00,608.5599975585938,608.8699951171875,607.5900268554688,608.75,1061833
2026-03-11 14:30:00+00:00,608.75,609.159912109375,607.0900268554688,607.35498046875,749415
2026-03-11 14:35:00+00:00,607.3939208984375,608.8900146484375,607.3499755859375,608.4149780273438,660935
2026-03-11 14:40:00+00:00,608.489990234375,609.3638916015625,608.1900024414062,608.97998046875,666322
2026-03-11 14:45:00+00:00,609.0,609.4650268554688,608.5,609.3109741210938,640318
2026-03-11 14:50:00+00:00,609.2999877929688,609.52001953125,609.010009765625,609.2750244140625,446110
2026-03-11 14:55:00+00:00,609.2999877929688,610.02001953125,609.0100708007812,609.6900024414062,569268
2026-03-11 15:00:00+00:00,609.6900024414062,610.25927734375,608.77001953125,609.8599853515625,737238
2026-03-11 15:05:00+00:00,609.8699951171875,609.9299926757812,608.9998779296875,609.1099853515625,542398
2026-03-11 15:10:00+00:00,609.0499877929688,609.510009765625,606.9849853515625,607.9600219726562,1196062
2026-03-11 15:15:00+00:00,607.9600219726562,607.97998046875,606.8432006835938,607.3400268554688,938872
2026-03-11 15:20:00+00:00,607.3599853515625,608.260009765625,607.0499877929688,608.14501953125,730213
2026-03-11 15:25:00+00:00,608.1500244140625,608.530029296875,606.48779296875,606.5399780273438,690494
2026-03-11 15:30:00+00:00,606.5399780273438,607.1699829101562,605.9600219726562,606.9299926757812,1120057
2026-03-11 15:35:00+00:00,606.9600219726562,607.2100219726562,606.510009765625,606.8499755859375,643580
2026-03-11 15:40:00+00:00,606.8599853515625,607.1599731445312,606.0999755859375,606.1937255859375,1419333
2026-03-11 15:45:00+00:00,606.1599731445312,606.2899780273438,605.510009765625,605.989990234375,920933
2026-03-11 15:50:00+00:00,605.989990234375,607.114990234375,605.97998046875,607.0800170898438,842336
2026-03-11 15:55:00+00:00,607.0499877929688,607.1199951171875,606.4500122070312,606.530029296875,582314
2026-03-11 16:00:00+00:00,606.52001953125,606.6500244140625,605.7000122070312,605.8099975585938,811721
2026-03-11 16:05:00+00:00,605.8099975585938,606.1500244140625,605.6300048828125,605.8499755859375,442009
2026-03-11 16:10:00+00:00,605.8400268554688,606.530029296875,605.6799926757812,606.5075073242188,571402
2026-03-11 16:15:00+00:00,606.47998046875,606.669921875,605.8800048828125,605.9299926757812,499781
2026-03-11 16:20:00+00:00,605.9302978515625,606.8300170898438,605.8427124023438,606.47998046875,706838
2026-03-11 16:25:00+00:00,606.469970703125,606.9600219726562,606.2050170898438,606.9500122070312,717863
2026-03-11 16:30:00+00:00,606.9299926757812,608.219970703125,606.8800048828125,608.0800170898438,882645
2026-03-11 16:35:00+00:00,608.0999755859375,608.260009765625,607.2999877929688,607.4249267578125,542520
2026-03-11 16:40:00+00:00,607.4299926757812,608.14990234375,607.3900146484375,607.5999755859375,473281
2026-03-11 16:45:00+00:00,607.6199951171875,607.9400024414062,607.260009765625,607.4500122070312,378692
2026-03-11 16:50:00+00:00,607.4500122070312,608.0999145507812,607.4199829101562,608.0,298409
2026-03-11 16:55:00+00:00,608.0,608.3699951171875,607.8699951171875,608.280029296875,312540
2026-03-11 17:00:00+00:00,608.260009765625,608.7000122070312,608.1799926757812,608.2999877929688,434020
2026-03-11 17:05:00+00:00,608.2821044921875,608.7000122070312,608.219970703125,608.3721923828125,315456
2026-03-11 17:10:00+00:00,608.3900146484375,608.4000244140625,607.739990234375,608.0,491527
2026-03-11 17:15:00+00:00,607.989990234375,608.25,607.3699951171875,607.594970703125,411215
2026-03-11 17:20:00+00:00,607.6099853515625,608.1898803710938,607.5689697265625,608.1799926757812,577737
2026-03-11 17:25:00+00:00,608.1799926757812,608.5999755859375,608.0449829101562,608.27001953125,534266
2026-03-11 17:30:00+00:00,608.280029296875,608.489990234375,607.8599853515625,608.0399780273438,319213
2026-03-11 17:35:00+00:00,608.02001953125,608.260009765625,605.030029296875,606.1699829101562,1633929
2026-03-11 17:40:00+00:00,606.219970703125,606.8499755859375,605.6599731445312,606.52001953125,1215540
2026-03-11 17:45:00+00:00,606.5599975585938,606.9099731445312,606.0700073242188,606.8099975585938,592997
2026-03-11 17:50:00+00:00,606.7899780273438,607.6900024414062,606.7899780273438,606.9500122070312,1567297
2026-03-11 17:55:00+00:00,606.9600219726562,607.260009765625,606.4099731445312,606.9199829101562,500142
2026-03-11 18:00:00+00:00,606.9299926757812,607.1699829101562,606.7249755859375,606.8900146484375,343532
2026-03-11 18:05:00+00:00,606.8599853515625,606.9298706054688,606.0800170898438,606.14501953125,421772
2026-03-11 18:10:00+00:00,606.155029296875,606.219970703125,605.4400024414062,606.0150146484375,849330
2026-03-11 18:15:00+00:00,606.02001953125,606.5,605.739990234375,606.2100219726562,587116
2026-03-11 18:20:00+00:00,606.219970703125,606.77001953125,605.8599853515625,606.3599853515625,447987
2026-03-11 18:25:00+00:00,606.3099975585938,607.0700073242188,606.2100219726562,606.8300170898438,428869
2026-03-11 18:30:00+00:00,606.8300170898438,607.25,606.77001953125,607.239990234375,729583
2026-03-11 18:35:00+00:00,607.2399291992188,607.2399291992188,606.760009765625,606.8499755859375,421184
2026-03-11 18:40:00+00:00,606.844970703125,607.0,606.510009765625,606.72998046875,340926
2026-03-11 18:45:00+00:00,606.739990234375,606.97998046875,606.4199829101562,606.4639282226562,436561
2026-03-11 18:50:00+00:00,606.47998046875,607.4199829101562,606.47998046875,607.2160034179688,586958
2026-03-11 18:55:00+00:00,607.2050170898438,607.5399780273438,606.8400268554688,607.090087890625,425969
2026-03-11 19:00:00+00:00,607.1099853515625,607.27001953125,606.3099975585938,606.8400268554688,511333
2026-03-11 19:05:00+00:00,606.75,606.85498046875,606.5,606.6900024414062,249126
2026-03-11 19:10:00+00:00,606.7465209960938,606.7899780273438,606.0900268554688,606.2100219726562,466437
2026-03-11 19:15:00+00:00,606.2100219726562,606.6400146484375,606.02001953125,606.5499267578125,719358
2026-03-11 19:20:00+00:00,606.52001953125,606.6300048828125,606.0599975585938,606.4400024414062,343008
2026-03-11 19:25:00+00:00,606.4299926757812,606.7681884765625,606.3800048828125,606.530029296875,366570
2026-03-11 19:30:00+00:00,606.5499877929688,607.4500122070312,606.4000244140625,607.3200073242188,517316
2026-03-11 19:35:00+00:00,607.3300170898438,607.5999755859375,607.0170288085938,607.3699951171875,688971
2026-03-11 19:40:00+00:00,607.3800048828125,607.780029296875,607.219970703125,607.52001953125,631228
2026-03-11 19:45:00+00:00,607.52001953125,607.7000122070312,607.0,607.1400146484375,436162
2026-03-11 19:50:00+00:00,607.1500244140625,608.02001953125,607.0499877929688,607.9600219726562,986683
2026-03-11 19:55:00+00:00,607.9600219726562,608.239990234375,607.655029296875,607.72998046875,1320982
2026-03-12 13:30:00+00:00,602.760009765625,604.02001953125,601.9500122070312,603.6400146484375,3843750
2026-03-12 13:35:00+00:00,603.6300048828125,604.1300048828125,603.27001953125,603.7199096679688,1185732
2026-03-12 13:40:00+00:00,603.7100219726562,604.010009765625,602.3900146484375,602.489990234375,1124042
2026-03-12 13:45:00+00:00,602.469970703125,602.469970703125,600.3400268554688,601.7899780273438,1923466
2026-03-12 13:50:00+00:00,601.7899780273438,602.5180053710938,600.0599975585938,600.1599731445312,1277434
2026-03-12 13:55:00+00:00,600.1649780273438,600.3900146484375,599.22998046875,599.869873046875,1532557
2026-03-12 14:00:00+00:00,599.9199829101562,601.9949951171875,599.780029296875,601.3499755859375,1575810
2026-03-12 14:05:00+00:00,601.3499755859375,601.5599975585938,600.760009765625,601.030029296875,861368
2026-03-12 14:10:00+00:00,601.0499877929688,601.97998046875,600.7899780273438,601.7999877929688,1141755
2026-03-12 14:15:00+00:00,601.8099975585938,602.0499877929688,600.3900146484375,600.4450073242188,1059542
2026-03-12 14:20:00+00:00,600.4400024414062,600.5399780273438,599.89501953125,600.260009765625,1089062
2026-03-12 14:25:00+00:00,600.260009765625,600.969970703125,598.9000244140625,598.9000244140625,1038218
2026-03-12 14:30:00+00:00,598.9099731445312,599.1500244140625,598.27001953125,598.5999755859375,1332095
2026-03-12 14:35:00+00:00,598.5999755859375,599.25,597.8200073242188,598.6300048828125,1272941
2026-03-12 14:40:00+00:00,598.6099853515625,599.6649780273438,598.1500244140625,599.5700073242188,848910
2026-03-12 14:45:00+00:00,599.5499877929688,601.3699951171875,598.5800170898438,598.8350219726562,1882124
2026-03-12 14:50:00+00:00,598.8300170898438,599.3200073242188,598.52001953125,599.139892578125,817854
2026-03-12 14:55:00+00:00,599.1500244140625,599.5900268554688,598.77001953125,598.9450073242188,733977
2026-03-12 15:00:00+00:00,598.969970703125,599.2698974609375,598.0,598.739990234375,926460
2026-03-12 15:05:00+00:00,598.6749877929688,598.9000244140625,598.385009765625,598.5299072265625,529103
2026-03-12 15:10:00+00:00,598.510009765625,598.52001953125,597.530029296875,598.22998046875,921965
2026-03-12 15:15:00+00:00,598.22998046875,598.4500122070312,597.8300170898438,598.0700073242188,701773
2026-03-12 15:20:00+00:00,598.0800170898438,598.6300048828125,597.7000122070312,598.510009765625,708899
2026-03-12 15:25:00+00:00,598.489990234375,599.4299926757812,598.4199829101562,598.9400024414062,802154
2026-03-12 15:30:00+00:00,598.9500122070312,599.3499755859375,598.4600219726562,598.719970703125,750546
2026-03-12 15:35:00+00:00,598.6900024414062,600.8200073242188,597.9600219726562,600.739990234375,1580374
2026-03-12 15:40:00+00:00,600.72998046875,601.1500244140625,599.5800170898438,600.6099853515625,1884323
2026-03-12 15:45:00+00:00,600.6400146484375,600.8400268554688,599.0499877929688,599.8099975585938,1031132
2026-03-12 15:50:00+00:00,599.8599853515625,600.469970703125,599.4019775390625,600.3200073242188,584091
2026-03-12 15:55:00+00:00,600.3275146484375,600.3300170898438,599.510009765625,600.0599975585938,462582
2026-03-12 16:00:00+00:00,600.0800170898438,600.72998046875,599.6799926757812,600.7000122070312,582783
2026-03-12 16:05:00+00:00,600.6799926757812,601.0499877929688,598.219970703125,598.4299926757812,1156275
2026-03-12 16:10:00+00:00,598.4600219726562,599.8300170898438,598.3200073242188,599.7949829101562,688604
2026-03-12 16:15:00+00:00,599.780029296875,600.869873046875,599.719970703125,600.280029296875,802214
2026-03-12 16:20:00+00:00,600.3099975585938,601.739990234375,600.27001953125,600.4600219726562,1178314
2026-03-12 16:25:00+00:00,600.469970703125,600.54248046875,599.2899780273438,599.4699096679688,844097
2026-03-12 16:30:00+00:00,599.4600219726562,600.7100219726562,599.239990234375,600.260009765625,775487
2026-03-12 16:35:00+00:00,600.27001953125,601.27001953125,600.0999755859375,601.0599975585938,838538
2026-03-12 16:40:00+00:00,601.0900268554688,601.1199951171875,600.3499755859375,600.639892578125,588745
2026-03-12 16:45:00+00:00,600.5999755859375,600.8099975585938,599.0800170898438,599.9600219726562,789373
2026-03-12 16:50:00+00:00,599.9400024414062,600.3900146484375,599.1799926757812,599.52001953125,487505
2026-03-12 16:55:00+00:00,599.5399780273438,600.1099853515625,599.4000244140625,599.97998046875,503918
2026-03-12 17:00:00+00:00,599.969970703125,600.8800048828125,599.8499755859375,600.8200073242188,451981
2026-03-12 17:05:00+00:00,600.780029296875,601.4600219726562,600.0499877929688,600.2100219726562,671420
2026-03-12 17:10:00+00:00,600.1699829101562,600.780029296875,599.9099731445312,599.9451293945312,425013
2026-03-12 17:15:00+00:00,599.9099731445312,600.2000122070312,599.2899780273438,599.3699951171875,425221
2026-03-12 17:20:00+00:00,599.3699951171875,600.5999755859375,599.2100219726562,600.2899780273438,580888
2026-03-12 17:25:00+00:00,600.3200073242188,600.5098876953125,599.510009765625,599.6978149414062,462578
2026-03-12 17:30:00+00:00,599.75,600.3099975585938,599.6699829101562,600.010009765625,362404
2026-03-12 17:35:00+00:00,600.0,600.6699829101562,599.989990234375,600.4199829101562,503757
2026-03-12 17:40:00+00:00,600.4500122070312,600.7000122070312,599.510009765625,599.5999755859375,474939
2026-03-12 17:45:00+00:00,599.5900268554688,599.8300170898438,598.9299926757812,599.135009765625,641042
2026-03-12 17:50:00+00:00,599.155029296875,599.719970703125,599.02001953125,599.030029296875,291439
2026-03-12 17:55:00+00:00,599.0206298828125,599.1500244140625,598.1199951171875,599.0501098632812,645200
2026-03-12 18:00:00+00:00,599.0700073242188,599.989990234375,599.0700073242188,599.4400024414062,523643
2026-03-12 18:05:00+00:00,599.4400024414062,600.1799926757812,599.0900268554688,599.72998046875,769411
2026-03-12 18:10:00+00:00,599.72998046875,599.9249877929688,599.4299926757812,599.8200073242188,371154
2026-03-12 18:15:00+00:00,599.8400268554688,600.1400146484375,599.260009765625,599.3200073242188,463332
2026-03-12 18:20:00+00:00,599.3400268554688,599.4299926757812,598.7686767578125,599.219970703125,491694
2026-03-12 18:25:00+00:00,599.219970703125,599.3900146484375,598.8519897460938,599.3499755859375,395038
2026-03-12 18:30:00+00:00,599.3599243164062,599.5700073242188,598.8419799804688,598.9099731445312,435656
2026-03-12 18:35:00+00:00,598.9299926757812,599.1937255859375,598.52001953125,598.99609375,481056
2026-03-12 18:40:00+00:00,599.0079956054688,599.0499877929688,598.6500244140625,598.6799926757812,268430
2026-03-12 18:45:00+00:00,598.6699829101562,598.8599853515625,598.3300170898438,598.4490966796875,427474
2026-03-12 18:50:00+00:00,598.4349975585938,599.1965942382812,598.4349975585938,598.8300170898438,428439
2026-03-12 18:55:00+00:00,598.8200073242188,598.8699951171875,598.3300170898438,598.4400024414062,494302
2026-03-12 19:00:00+00:00,598.4400024414062,599.1799926757812,597.969970703125,598.375,1145542
2026-03-12 19:05:00+00:00,598.3599853515625,598.9099731445312,598.22998046875,598.4498901367188,966185
2026-03-12 19:10:00+00:00,598.4500122070312,598.6400146484375,597.7000122070312,598.280029296875,542503
2026-03-12 19:15:00+00:00,598.2899780273438,598.739990234375,598.0499877929688,598.5,505929
2026-03-12 19:20:00+00:00,598.52001953125,599.1599731445312,598.3499755859375,598.6680297851562,534803
2026-03-12 19:25:00+00:00,598.6799926757812,598.9600830078125,598.5399780273438,598.8099975585938,533137
2026-03-12 19:30:00+00:00,598.8200073242188,599.47998046875,598.780029296875,599.0700073242188,780391
2026-03-12 19:35:00+00:00,599.0650024414062,599.2000122070312,598.4929809570312,598.6699829101562,567365
2026-03-12 19:40:00+00:00,598.6699829101562,598.6900024414062,597.8099975585938,598.0499877929688,1108004
2026-03-12 19:45:00+00:00,598.0399780273438,598.0800170898438,597.4600219726562,597.75,976899
2026-03-12 19:50:00+00:00,597.75,597.9660034179688,597.1199951171875,597.739990234375,1807566
2026-03-12 19:55:00+00:00,597.75,598.0499877929688,597.0499877929688,597.3400268554688,2761318
2026-03-13 13:30:00+00:00,599.72998046875,601.0999755859375,599.5850219726562,600.1500244140625,4561434
2026-03-13 13:35:00+00:00,600.1199951171875,600.9400024414062,598.9299926757812,600.5399780273438,1042112
2026-03-13 13:40:00+00:00,600.5399780273438,602.7899780273438,600.260009765625,602.7698974609375,1199243
2026-03-13 13:45:00+00:00,602.7593994140625,603.5999145507812,602.380126953125,602.4000244140625,1384111
2026-03-13 13:50:00+00:00,602.4099731445312,603.3699951171875,601.9099731445312,603.1983032226562,959350
2026-03-13 13:55:00+00:00,603.2100219726562,603.260009765625,601.5599975585938,601.7000122070312,1155463
2026-03-13 14:00:00+00:00,601.7100219726562,602.5999755859375,600.9299926757812,601.3259887695312,1023700
2026-03-13 14:05:00+00:00,601.3350219726562,601.8900146484375,600.5399780273438,600.7100219726562,735421
2026-03-13 14:10:00+00:00,600.7199096679688,600.909912109375,600.0700073242188,600.2999877929688,744507
2026-03-13 14:15:00+00:00,600.280029296875,600.6799926757812,599.4600219726562,599.969970703125,1016758
2026-03-13 14:20:00+00:00,599.969970703125,600.8499755859375,599.9299926757812,600.3699951171875,743585
2026-03-13 14:25:00+00:00,600.4000244140625,601.1287841796875,600.0,600.4447021484375,623686
2026-03-13 14:30:00+00:00,600.4600219726562,601.7208862304688,600.25,600.7999877929688,749845
2026-03-13 14:35:00+00:00,600.8140258789062,600.8499755859375,599.5900268554688,600.0999755859375,791814
2026-03-13 14:40:00+00:00,600.1400146484375,600.1400146484375,598.52001953125,598.5401000976562,873391
2026-03-13 14:45:00+00:00,598.5599975585938,598.5800170898438,597.3400268554688,597.97998046875,1295855
2026-03-13 14:50:00+00:00,597.9500122070312,598.5800170898438,597.1900024414062,597.3599853515625,804820
2026-03-13 14:55:00+00:00,597.3300170898438,597.7000122070312,595.8049926757812,595.9749755859375,1158064
2026-03-13 15:00:00+00:00,595.97998046875,596.375,595.27001953125,595.8900146484375,1047560
2026-03-13 15:05:00+00:00,595.8699951171875,596.8599853515625,595.5499877929688,596.8436279296875,881766
2026-03-13 15:10:00+00:00,596.8699951171875,597.8800048828125,596.6500244140625,597.719970703125,664526
2026-03-13 15:15:00+00:00,597.719970703125,597.77001953125,596.7000122070312,596.7000122070312,620014
2026-03-13 15:20:00+00:00,596.7100219726562,597.260009765625,595.6799926757812,595.719970703125,554990
2026-03-13 15:25:00+00:00,595.72998046875,595.8054809570312,595.2899780273438,595.47998046875,695494
2026-03-13 15:30:00+00:00,595.4600219726562,596.1199951171875,595.130615234375,595.8800048828125,764852
2026-03-13 15:35:00+00:00,595.8900146484375,596.0698852539062,594.77001953125,595.2999877929688,1010794
2026-03-13 15:40:00+00:00,595.280029296875,595.510009765625,593.8200073242188,594.0999755859375,1001699
2026-03-13 15:45:00+00:00,594.0700073242188,595.72998046875,593.6799926757812,594.8458862304688,1285543
2026-03-13 15:50:00+00:00,594.8699951171875,594.9722290039062,593.760009765625,594.3555908203125,607515
2026-03-13 15:55:00+00:00,594.3699951171875,594.4398803710938,593.5800170898438,594.0,506089
2026-03-13 16:00:00+00:00,593.9600219726562,595.010009765625,593.9299926757812,594.6699829101562,739833
2026-03-13 16:05:00+00:00,594.6900024414062,595.3800048828125,594.3300170898438,595.1400146484375,501371
2026-03-13 16:10:00+00:00,595.1599731445312,595.5798950195312,593.9539794921875,594.6300048828125,635683
2026-03-13 16:15:00+00:00,594.6599731445312,594.969970703125,594.1799926757812,594.5,379848
2026-03-13 16:20:00+00:00,594.5700073242188,595.280029296875,594.4498291015625,594.77001953125,434098
2026-03-13 16:25:00+00:00,594.7800903320312,595.1599731445312,594.0601196289062,594.8900146484375,415465
2026-03-13 16:30:00+00:00,594.8400268554688,595.489990234375,594.6599731445312,594.780029296875,512975
2026-03-13 16:35:00+00:00,594.72998046875,595.9199829101562,594.72998046875,595.1199951171875,455703
2026-03-13 16:40:00+00:00,595.0900268554688,595.469970703125,594.4249877929688,594.4609985351562,481027
2026-03-13 16:45:00+00:00,594.4450073242188,594.635009765625,593.7999877929688,594.530029296875,546749
2026-03-13 16:50:00+00:00,594.5999755859375,595.5230102539062,594.4500122070312,595.4199829101562,429932
2026-03-13 16:55:00+00:00,595.4299926757812,595.52001953125,593.469970703125,593.6799926757812,957959
2026-03-13 17:00:00+00:00,593.6878051757812,594.0800170898438,593.5599975585938,593.9299926757812,647123
2026-03-13 17:05:00+00:00,593.9199829101562,594.5999755859375,593.4299926757812,594.4650268554688,496470
2026-03-13 17:10:00+00:00,594.4400024414062,595.2000122070312,593.8200073242188,595.2000122070312,636348
2026-03-13 17:15:00+00:00,595.219970703125,595.5338745117188,594.6400146484375,595.219970703125,529557
2026-03-13 17:20:00+00:00,595.2100219726562,595.239990234375,594.2550048828125,594.989990234375,442937
2026-03-13 17:25:00+00:00,594.989990234375,595.22998046875,594.47998046875,594.97998046875,360546
2026-03-13 17:30:00+00:00,594.969970703125,595.1199951171875,594.3599853515625,594.6099853515625,535249
2026-03-13 17:35:00+00:00,594.5900268554688,594.8099975585938,594.2899780273438,594.6799926757812,550207
2026-03-13 17:40:00+00:00,594.6699829101562,594.7614135742188,593.9400024414062,594.4199829101562,527544
2026-03-13 17:45:00+00:00,594.3870849609375,594.5599975585938,592.9400024414062,592.989990234375,634712
2026-03-13 17:50:00+00:00,592.97998046875,593.3900146484375,592.6300048828125,593.193115234375,688576
2026-03-13 17:55:00+00:00,593.180908203125,593.5549926757812,592.8499755859375,593.1300048828125,709671
2026-03-13 18:00:00+00:00,593.1300048828125,593.7199096679688,593.0599975585938,593.5800170898438,716686
2026-03-13 18:05:00+00:00,593.5599975585938,593.77001953125,593.2000122070312,593.52001953125,606052
2026-03-13 18:10:00+00:00,593.5399169921875,593.9500122070312,593.469970703125,593.7899780273438,440107
2026-03-13 18:15:00+00:00,593.780029296875,594.1500244140625,593.27001953125,593.4000244140625,574560
2026-03-13 18:20:00+00:00,593.4099731445312,593.5617065429688,592.97998046875,593.22802734375,531033
2026-03-13 18:25:00+00:00,593.2340087890625,594.0999755859375,593.2000122070312,594.0800170898438,476569
2026-03-13 18:30:00+00:00,594.0449829101562,594.8400268554688,593.719970703125,594.5800170898438,522613
2026-03-13 18:35:00+00:00,594.5999755859375,594.969970703125,594.4500122070312,594.8099975585938,455120
2026-03-13 18:40:00+00:00,594.8200073242188,595.260009765625,594.6799926757812,595.1599731445312,567808
2026-03-13 18:45:00+00:00,595.1500244140625,595.3699951171875,594.9299926757812,595.2249755859375,599856
2026-03-13 18:50:00+00:00,595.22998046875,595.5,594.8499755859375,595.2899780273438,648505
2026-03-13 18:55:00+00:00,595.2999877929688,595.2999877929688,594.739990234375,594.9199829101562,429829
2026-03-13 19:00:00+00:00,594.9099731445312,594.9400024414062,594.2000122070312,594.2100219726562,615727
2026-03-13 19:05:00+00:00,594.2000122070312,594.4500122070312,593.9000244140625,594.280029296875,572568
2026-03-13 19:10:00+00:00,594.280029296875,594.5800170898438,594.1099853515625,594.1500244140625,414007
2026-03-13 19:15:00+00:00,594.1599731445312,594.52001953125,594.0701293945312,594.2498779296875,628372
2026-03-13 19:20:00+00:00,594.219970703125,594.22998046875,593.1699829101562,593.427978515625,657189
2026-03-13 19:25:00+00:00,593.4199829101562,593.469970703125,592.9819946289062,593.1799926757812,728126
2026-03-13 19:30:00+00:00,593.188720703125,593.719970703125,593.0999755859375,593.239990234375,673498
2026-03-13 19:35:00+00:00,593.2100219726562,593.356689453125,592.77001953125,592.8392944335938,771194
2026-03-13 19:40:00+00:00,592.8400268554688,592.989990234375,592.5700073242188,592.97998046875,923264
2026-03-13 19:45:00+00:00,592.9600219726562,593.22998046875,592.7150268554688,593.0750122070312,887465
2026-03-13 19:50:00+00:00,593.0800170898438,593.5349731445312,592.75,593.39501953125,1301442
2026-03-13 19:55:00+00:00,593.4000244140625,593.8300170898438,593.219970703125,593.6900024414062,2236851
2026-03-16 13:30:00+00:00,600.0399780273438,601.239990234375,599.22998046875,600.8800048828125,2011672
2026-03-16 13:35:00+00:00,600.8499755859375,601.4876098632812,600.4940795898438,600.6500244140625,562109
2026-03-16 13:40:00+00:00,600.6699829101562,600.9097290039062,600.219970703125,600.3599853515625,439273
2026-03-16 13:45:00+00:00,600.3599853515625,601.8751220703125,600.3049926757812,601.3800048828125,662748
2026-03-16 13:50:00+00:00,601.39501953125,601.4099731445312,600.6799926757812,601.02001953125,274996
2026-03-16 13:55:00+00:00,601.0,602.030029296875,600.6199951171875,601.9099731445312,390367
2026-03-16 14:00:00+00:00,601.9000244140625,601.969970703125,601.0399780273438,601.27001953125,392449
2026-03-16 14:05:00+00:00,601.2899780273438,602.2000122070312,601.02001953125,601.9949951171875,452328
2026-03-16 14:10:00+00:00,602.010009765625,602.5,601.6500244140625,601.9000244140625,413420
2026-03-16 14:15:00+00:00,601.9000244140625,602.5079956054688,601.7000122070312,601.9000244140625,281879
2026-03-16 14:20:00+00:00,601.8699951171875,602.5999755859375,601.8400268554688,602.280029296875,268073
2026-03-16 14:25:00+00:00,602.280029296875,602.3699951171875,601.469970703125,601.47998046875,298648
2026-03-16 14:30:00+00:00,601.489990234375,601.5499877929688,600.239990234375,600.3300170898438,546466
2026-03-16 14:35:00+00:00,600.3300170898438,600.989990234375,599.5800170898438,599.72998046875,458853
2026-03-16 14:40:00+00:00,599.669921875,600.1599731445312,599.4500122070312,599.72998046875,6647205
2026-03-16 14:45:00+00:00,599.719970703125,600.3400268554688,599.3800048828125,599.6799926757812,741847
2026-03-16 14:50:00+00:00,599.6599731445312,600.5499877929688,599.1300048828125,600.405029296875,0
2026-03-16 14:55:00+00:00,600.3900146484375,600.940673828125,600.0999755859375,600.9400024414062,302937
2026-03-16 15:00:00+00:00,600.9400024414062,601.030029296875,600.1400146484375,600.2650146484375,7510631
2026-03-16 15:05:00+00:00,600.25,600.6400146484375,599.802001953125,600.6400146484375,518197
2026-03-16 15:10:00+00:00,600.6201171875,601.239990234375,600.0200805664062,601.1201782226562,534131
2026-03-16 15:15:00+00:00,601.1199951171875,601.3200073242188,600.6099853515625,601.3049926757812,492378
2026-03-16 15:20:00+00:00,601.3099975585938,601.9450073242188,601.1099853515625,601.780029296875,0
2026-03-16 15:25:00+00:00,601.7899780273438,601.9000244140625,601.1400146484375,601.469970703125,225469
2026-03-16 15:30:00+00:00,601.4500122070312,601.989990234375,601.4400024414062,601.7901000976562,217570
2026-03-16 15:35:00+00:00,601.8499145507812,601.969970703125,601.5599975585938,601.60498046875,186575
2026-03-16 15:40:00+00:00,601.5900268554688,601.7778930664062,601.3699951171875,601.5,170908
2026-03-16 15:45:00+00:00,601.5,601.8800048828125,601.489990234375,601.75,155058
2026-03-16 15:50:00+00:00,601.7703247070312,601.7750244140625,600.9299926757812,601.2319946289062,352715
2026-03-16 15:55:00+00:00,601.219970703125,601.4099731445312,600.323974609375,600.4600219726562,359027
2026-03-16 16:00:00+00:00,600.469970703125,600.8599853515625,600.219970703125,600.25,217549
2026-03-16 16:05:00+00:00,600.25,601.1500244140625,600.2100219726562,600.6419067382812,205460
2026-03-16 16:10:00+00:00,600.6500244140625,601.0198974609375,600.3200073242188,600.6259765625,144077
2026-03-16 16:15:00+00:00,600.6199951171875,600.8900146484375,600.1900024414062,600.3900146484375,180017
2026-03-16 16:20:00+00:00,600.4099731445312,600.4299926757812,599.3699951171875,599.3900146484375,329275
2026-03-16 16:25:00+00:00,599.4099731445312,599.8300170898438,599.1599731445312,599.47998046875,274019
2026-03-16 16:30:00+00:00,599.4600219726562,599.864990234375,599.1199951171875,599.4400024414062,299967
2026-03-16 16:35:00+00:00,599.4299926757812,600.1599731445312,599.4299926757812,600.1500244140625,179547
2026-03-16 16:40:00+00:00,600.1199951171875,600.8200073242188,599.8800048828125,600.6300048828125,261867
2026-03-16 16:45:00+00:00,600.6207885742188,600.8400268554688,600.239990234375,600.5223999023438,156518
2026-03-16 16:50:00+00:00,600.5250244140625,601.02001953125,600.409912109375,600.6300048828125,131287
2026-03-16 16:55:00+00:00,600.6300048828125,600.8499755859375,600.344970703125,600.47998046875,135513
2026-03-16 17:00:00+00:00,600.47998046875,601.5900268554688,600.4650268554688,600.780029296875,350927
2026-03-16 17:05:00+00:00,600.7899780273438,601.280029296875,600.6500244140625,600.9301147460938,151958
2026-03-16 17:10:00+00:00,600.9400024414062,601.5,600.93017578125,601.2849731445312,250378
2026-03-16 17:15:00+00:00,601.2650146484375,601.3699951171875,600.8800048828125,601.2799072265625,136865
2026-03-16 17:20:00+00:00,601.2999267578125,601.6400146484375,601.2880249023438,601.4400024414062,174224
2026-03-16 17:25:00+00:00,601.4299926757812,601.5999755859375,600.9299926757812,600.989990234375,178326
2026-03-16 17:30:00+00:00,601.010009765625,601.3699951171875,600.780029296875,600.989990234375,203931
2026-03-16 17:35:00+00:00,600.989990234375,601.1365966796875,600.6749877929688,600.7349853515625,165099
2026-03-16 17:40:00+00:00,600.719970703125,600.9099731445312,600.3800048828125,600.4400024414062,204900
2026-03-16 17:45:00+00:00,600.4716796875,600.9799194335938,600.1300048828125,600.2999877929688,218390
2026-03-16 17:50:00+00:00,600.3200073242188,600.760009765625,599.9299926757812,600.4749755859375,320839
2026-03-16 17:55:00+00:00,600.4650268554688,600.8599853515625,600.3400268554688,600.6500244140625,134930
2026-03-16 18:00:00+00:00,600.64501953125,601.0449829101562,600.47998046875,601.02001953125,193418
2026-03-16 18:05:00+00:00,601.0499877929688,601.5900268554688,600.9099731445312,601.3469848632812,301016
2026-03-16 18:10:00+00:00,601.3200073242188,601.52001953125,601.0,601.239990234375,230425
2026-03-16 18:15:00+00:00,601.25,601.6400146484375,601.1900024414062,601.4500122070312,272671
2026-03-16 18:20:00+00:00,601.4400024414062,601.5999755859375,601.27001953125,601.52001953125,164925
2026-03-16 18:25:00+00:00,601.530029296875,601.719970703125,601.3099975585938,601.5499877929688,188655
2026-03-16 18:30:00+00:00,601.5399780273438,601.6599731445312,601.1799926757812,601.3800048828125,204386
2026-03-16 18:35:00+00:00,601.3800048828125,601.6799926757812,601.239990234375,601.6099853515625,148175
2026-03-16 18:40:00+00:00,601.6199951171875,601.8499755859375,601.469970703125,601.8099975585938,215457
2026-03-16 18:45:00+00:00,601.8200073242188,601.8900146484375,601.6610107421875,601.7100219726562,174587
2026-03-16 18:50:00+00:00,601.6799926757812,601.6900024414062,601.3200073242188,601.35498046875,234120
2026-03-16 18:55:00+00:00,601.35498046875,601.4000244140625,601.094482421875,601.1500244140625,212901
2026-03-16 19:00:00+00:00,601.1500244140625,601.4840087890625,600.9099731445312,601.0800170898438,15617902
2026-03-16 19:05:00+00:00,601.0900268554688,603.1599731445312,600.780029296875,603.1099853515625,0
2026-03-16 19:10:00+00:00,603.1099853515625,603.85498046875,601.0800170898438,601.3099975585938,1070160
2026-03-16 19:15:00+00:00,601.3099975585938,601.8399047851562,600.9810180664062,600.9965209960938,329550
2026-03-16 19:20:00+00:00,600.989990234375,601.1400146484375,600.3200073242188,600.52001953125,429660
2026-03-16 19:25:00+00:00,600.510009765625,601.0,600.0700073242188,600.6599731445312,404846
2026-03-16 19:30:00+00:00,600.6799926757812,600.8800048828125,600.3099975585938,600.5,275150
2026-03-16 19:35:00+00:00,600.510009765625,600.8900146484375,600.2987060546875,600.3779907226562,256836
2026-03-16 19:40:00+00:00,600.3699951171875,600.5599975585938,599.8300170898438,600.030029296875,290077
2026-03-16 19:45:00+00:00,600.030029296875,600.2100219726562,599.72998046875,600.010009765625,496063
2026-03-16 19:50:00+00:00,600.02001953125,600.3599853515625,599.530029296875,599.905029296875,729762
2026-03-16 19:55:00+00:00,599.8900146484375,600.5900268554688,599.8900146484375,600.3099975585938,865350
2026-03-17 13:30:00+00:00,603.1400146484375,604.9199829101562,602.2899780273438,604.5399780273438,1625478
2026-03-17 13:35:00+00:00,604.530029296875,604.9500122070312,604.25,604.9199829101562,560035
2026-03-17 13:40:00+00:00,604.9099731445312,604.9598999023438,604.2999877929688,604.6649780273438,489968
2026-03-17 13:45:00+00:00,604.6500244140625,605.8900146484375,604.5399780273438,605.8707275390625,751076
2026-03-17 13:50:00+00:00,605.8599853515625,605.8800048828125,605.0701293945312,605.6300048828125,460232
2026-03-17 13:55:00+00:00,605.6400146484375,605.6500244140625,604.9299926757812,605.3599853515625,337335
2026-03-17 14:00:00+00:00,605.3699951171875,605.469970703125,604.4400024414062,604.72998046875,507319
2026-03-17 14:05:00+00:00,604.72998046875,605.0700073242188,604.6099853515625,604.6599731445312,379065
2026-03-17 14:10:00+00:00,604.6699829101562,604.739990234375,603.7512817382812,603.77001953125,5206254
2026-03-17 14:15:00+00:00,603.760009765625,604.4600219726562,603.0599975585938,604.4500122070312,1124583
2026-03-17 14:20:00+00:00,604.4600219726562,604.8300170898438,604.1599731445312,604.6300048828125,0
2026-03-17 14:25:00+00:00,604.6400146484375,605.010009765625,604.2100219726562,604.6199951171875,433784
2026-03-17 14:30:00+00:00,604.6300048828125,605.010009765625,604.0599975585938,604.8699951171875,453029
2026-03-17 14:35:00+00:00,604.8200073242188,605.2000122070312,604.219970703125,604.2999877929688,6441973
2026-03-17 14:40:00+00:00,604.2899780273438,605.3200073242188,604.0,605.1900024414062,0
2026-03-17 14:45:00+00:00,605.2000122070312,605.2999877929688,604.9400024414062,605.1701049804688,6786964
2026-03-17 14:50:00+00:00,605.1900024414062,605.22998046875,604.719970703125,605.010009765625,0
2026-03-17 14:55:00+00:00,605.010009765625,605.2899780273438,604.8200073242188,604.9520263671875,250773
2026-03-17 15:00:00+00:00,604.9500122070312,605.27001953125,604.4299926757812,604.5250244140625,7351619
2026-03-17 15:05:00+00:00,604.5,604.6193237304688,603.6199951171875,603.6300048828125,0
2026-03-17 15:10:00+00:00,603.6199951171875,604.0499877929688,603.4299926757812,603.75,424172
2026-03-17 15:15:00+00:00,603.7449951171875,604.489990234375,603.7000122070312,604.219970703125,8594315
2026-03-17 15:20:00+00:00,604.219970703125,604.4500122070312,603.4099731445312,603.780029296875,0
2026-03-17 15:25:00+00:00,603.7949829101562,604.1998291015625,603.3599853515625,603.3800048828125,331359
2026-03-17 15:30:00+00:00,603.3900146484375,603.9199829101562,602.9400024414062,603.0499877929688,9289202
2026-03-17 15:35:00+00:00,603.0499877929688,603.3099975585938,601.969970703125,602.530029296875,0
2026-03-17 15:40:00+00:00,602.5399780273438,603.0800170898438,602.3499755859375,603.0,343824
2026-03-17 15:45:00+00:00,603.0,603.4400024414062,602.77001953125,602.7899780273438,10165131
2026-03-17 15:50:00+00:00,602.7899780273438,603.4749755859375,602.7899780273438,603.22998046875,0
2026-03-17 15:55:00+00:00,603.2100219726562,603.4000244140625,602.8300170898438,602.9000244140625,216642
2026-03-17 16:00:00+00:00,602.9039916992188,602.9600219726562,602.2100219726562,602.4550170898438,377400
2026-03-17 16:05:00+00:00,602.4600219726562,602.8800048828125,601.8699951171875,602.5499877929688,578647
2026-03-17 16:10:00+00:00,602.5499877929688,603.3699951171875,602.47998046875,602.6099853515625,353522
2026-03-17 16:15:00+00:00,602.6300048828125,603.594970703125,602.489990234375,603.594970703125,316262
2026-03-17 16:20:00+00:00,603.52001953125,603.77001953125,603.1099853515625,603.6599731445312,236381
2026-03-17 16:25:00+00:00,603.6599731445312,603.6599731445312,603.25,603.4199829101562,207357
2026-03-17 16:30:00+00:00,603.4299926757812,603.7100219726562,603.0599975585938,603.375,214654
2026-03-17 16:35:00+00:00,603.3800048828125,603.6599731445312,602.8699951171875,603.0499877929688,12125242
2026-03-17 16:40:00+00:00,603.0399780273438,603.75,602.97998046875,603.72998046875,0
2026-03-17 16:45:00+00:00,603.739990234375,603.780029296875,603.27197265625,603.4099731445312,141506
2026-03-17 16:50:00+00:00,603.3978881835938,603.6099853515625,603.2100219726562,603.4050903320312,124140
2026-03-17 16:55:00+00:00,603.3599853515625,603.5599975585938,603.0599975585938,603.0800170898438,126075
2026-03-17 17:00:00+00:00,603.084716796875,604.0449829101562,603.0549926757812,603.9099731445312,185191
2026-03-17 17:05:00+00:00,603.9099731445312,603.9500122070312,603.6199951171875,603.85498046875,197635
2026-03-17 17:10:00+00:00,603.8599853515625,603.8900146484375,603.22998046875,603.5449829101562,236115
2026-03-17 17:15:00+00:00,603.530029296875,603.5599975585938,603.239990234375,603.4600219726562,147084
2026-03-17 17:20:00+00:00,603.4550170898438,603.6732177734375,603.22998046875,603.5,185319
2026-03-17 17:25:00+00:00,603.489990234375,603.7000122070312,603.3200073242188,603.5700073242188,93926
2026-03-17 17:30:00+00:00,603.530029296875,603.8049926757812,603.4199829101562,603.5198974609375,199401
2026-03-17 17:35:00+00:00,603.4849853515625,604.0,603.4600219726562,603.9401245117188,165858
2026-03-17 17:40:00+00:00,603.9400024414062,603.969970703125,603.3200073242188,603.4099731445312,176034
2026-03-17 17:45:00+00:00,603.4500122070312,603.614990234375,603.0549926757812,603.3599853515625,179354
2026-03-17 17:50:00+00:00,603.3499755859375,604.1199951171875,603.2000122070312,604.0700073242188,262974
2026-03-17 17:55:00+00:00,604.0700073242188,604.1799926757812,603.8599853515625,603.969970703125,192436
2026-03-17 18:00:00+00:00,603.969970703125,604.25,603.7100219726562,604.1300048828125,221804
2026-03-17 18:05:00+00:00,604.1300048828125,604.4650268554688,603.905029296875,604.459716796875,253046
2026-03-17 18:10:00+00:00,604.4550170898438,604.530029296875,604.0,604.0,168540
2026-03-17 18:15:00+00:00,604.010009765625,604.1500244140625,603.9500122070312,604.0499877929688,154903
2026-03-17 18:20:00+00:00,604.0399780273438,604.0800170898438,603.25,603.27001953125,194224
2026-03-17 18:25:00+00:00,603.260009765625,603.5700073242188,603.177978515625,603.2100219726562,266976
2026-03-17 18:30:00+00:00,603.2000122070312,603.4000244140625,603.0,603.25,454863
2026-03-17 18:35:00+00:00,603.25,603.3699951171875,603.030029296875,603.1300048828125,217204
2026-03-17 18:40:00+00:00,603.125,603.3599853515625,602.9199829101562,602.9749755859375,315455
2026-03-17 18:45:00+00:00,603.0,603.3099975585938,602.9600219726562,603.2559814453125,200991
2026-03-17 18:50:00+00:00,603.25,603.55126953125,603.030029296875,603.47998046875,202646
2026-03-17 18:55:00+00:00,603.489990234375,603.489990234375,602.9450073242188,603.2100219726562,15831737
2026-03-17 19:00:00+00:00,603.219970703125,603.5999755859375,603.1400146484375,603.2000122070312,0
2026-03-17 19:05:00+00:00,603.1900024414062,603.2000122070312,602.6849975585938,603.1099853515625,282756
2026-03-17 19:10:00+00:00,603.0999755859375,603.3200073242188,603.0499877929688,603.2349853515625,136697
2026-03-17 19:15:00+00:00,603.2197265625,603.7100219726562,603.1799926757812,603.4500122070312,244512
2026-03-17 19:20:00+00:00,603.44970703125,603.4749755859375,603.1199951171875,603.2449951171875,164900
2026-03-17 19:25:00+00:00,603.25,603.385009765625,603.1513061523438,603.3099975585938,169917
2026-03-17 19:30:00+00:00,603.3200073242188,603.510009765625,603.14501953125,603.2001953125,170489
2026-03-17 19:35:00+00:00,603.2100219726562,603.3200073242188,603.0800170898438,603.1649780273438,160871
2026-03-17 19:40:00+00:00,603.1799926757812,603.3599853515625,603.02001953125,603.1199951171875,162337
2026-03-17 19:45:00+00:00,603.1099853515625,603.510009765625,603.10400390625,603.489990234375,233291
2026-03-17 19:50:00+00:00,603.489990234375,603.760009765625,603.030029296875,603.760009765625,506406
2026-03-17 19:55:00+00:00,603.7550048828125,603.7550048828125,603.1699829101562,603.3800048828125,1147104
2026-03-18 13:30:00+00:00,601.5,602.2899780273438,600.9299926757812,601.8699951171875,2305590
2026-03-18 13:35:00+00:00,601.8699951171875,602.6329956054688,601.6900024414062,602.2899169921875,900827
2026-03-18 13:40:00+00:00,602.2899780273438,602.9400024414062,601.469970703125,602.0900268554688,558171
2026-03-18 13:45:00+00:00,602.0800170898438,603.1500244140625,601.9500122070312,602.4000244140625,537327
2026-03-18 13:50:00+00:00,602.4199829101562,602.489990234375,601.6300048828125,601.75,421273
2026-03-18 13:55:00+00:00,601.760009765625,602.5,601.5399780273438,602.4799194335938,298087
2026-03-18 14:00:00+00:00,602.4500122070312,602.5700073242188,601.1400146484375,601.7420043945312,379778
2026-03-18 14:05:00+00:00,601.760009765625,602.7899780273438,601.47998046875,602.3800048828125,513908
2026-03-18 14:10:00+00:00,602.3699951171875,602.4450073242188,600.6489868164062,600.6500244140625,484201
2026-03-18 14:15:00+00:00,600.6699829101562,601.4019775390625,600.5900268554688,600.8699951171875,367343
2026-03-18 14:20:00+00:00,600.8599243164062,601.0399780273438,600.5112915039062,600.6199951171875,310814
2026-03-18 14:25:00+00:00,600.6099853515625,600.6799926757812,598.7100219726562,598.969970703125,671978
2026-03-18 14:30:00+00:00,598.9500122070312,600.1300048828125,598.8400268554688,599.3300170898438,567436
2026-03-18 14:35:00+00:00,599.3400268554688,599.7999877929688,599.1599731445312,599.2999877929688,367236
2026-03-18 14:40:00+00:00,599.2999877929688,599.6500244140625,599.030029296875,599.2000122070312,331294
2026-03-18 14:45:00+00:00,599.1900024414062,599.7374877929688,598.9000244140625,599.1400146484375,361968
2026-03-18 14:50:00+00:00,599.1400146484375,599.6900024414062,599.1099853515625,599.469970703125,7365987
2026-03-18 14:55:00+00:00,599.469970703125,600.4199829101562,599.4099731445312,600.4000244140625,0
2026-03-18 15:00:00+00:00,600.4099731445312,601.030029296875,599.9378051757812,600.5900268554688,540731
2026-03-18 15:05:00+00:00,600.5900268554688,601.5499877929688,600.52001953125,601.52001953125,425168
2026-03-18 15:10:00+00:00,601.52001953125,601.5399169921875,600.739990234375,600.905029296875,8821268
2026-03-18 15:15:00+00:00,600.9199829101562,601.114990234375,600.2100219726562,600.2899780273438,0
2026-03-18 15:20:00+00:00,600.2899780273438,600.6699829101562,599.8699951171875,600.6500244140625,9169351
2026-03-18 15:25:00+00:00,600.64501953125,600.8699951171875,600.5,600.530029296875,321704
2026-03-18 15:30:00+00:00,600.530029296875,601.2000122070312,600.3699951171875,600.8900146484375,625107
2026-03-18 15:35:00+00:00,600.8900146484375,601.1599731445312,600.5850219726562,600.9299926757812,0
2026-03-18 15:40:00+00:00,600.9299926757812,600.989990234375,600.3699951171875,600.7100219726562,214511
2026-03-18 15:45:00+00:00,600.6900024414062,600.9600219726562,600.25,600.4299926757812,228346
2026-03-18 15:50:00+00:00,600.4000244140625,601.0997924804688,600.3499755859375,601.0997924804688,273178
2026-03-18 15:55:00+00:00,601.0900268554688,601.2000122070312,600.6699829101562,600.780029296875,260288
2026-03-18 16:00:00+00:00,600.77001953125,600.7899780273438,600.27001953125,600.6201171875,10932645
2026-03-18 16:05:00+00:00,600.6300048828125,600.6300048828125,600.2100219726562,600.22900390625,0
2026-03-18 16:10:00+00:00,600.239990234375,601.010009765625,599.9901123046875,600.8560180664062,314367
2026-03-18 16:15:00+00:00,600.8699951171875,600.8699951171875,600.27001953125,600.8499755859375,240094
2026-03-18 16:20:00+00:00,600.8699951171875,601.0700073242188,600.6799926757812,600.7999877929688,146358
2026-03-18 16:25:00+00:00,600.7999877929688,600.8499755859375,600.4500122070312,600.5,132439
2026-03-18 16:30:00+00:00,600.469970703125,600.6699829101562,599.6599731445312,599.6799926757812,299621
2026-03-18 16:35:00+00:00,599.6599731445312,599.9400024414062,599.1400146484375,599.8140258789062,273459
2026-03-18 16:40:00+00:00,599.7999877929688,599.9299926757812,599.5,599.6500244140625,175449
2026-03-18 16:45:00+00:00,599.6300048828125,599.7999267578125,599.4099731445312,599.719970703125,141314
2026-03-18 16:50:00+00:00,599.6900024414062,600.1900024414062,599.52001953125,600.0700073242188,205161
2026-03-18 16:55:00+00:00,600.0800170898438,600.2022705078125,599.4199829101562,599.4970092773438,230763
2026-03-18 17:00:00+00:00,599.4500122070312,599.5499877929688,598.6300048828125,599.2100219726562,275165
2026-03-18 17:05:00+00:00,599.1950073242188,599.3099975585938,598.6400146484375,598.7177124023438,214178
2026-03-18 17:10:00+00:00,598.7100219726562,598.9099731445312,598.2999877929688,598.530029296875,327045
2026-03-18 17:15:00+00:00,598.530029296875,598.9400024414062,598.3800048828125,598.8883056640625,224985
2026-03-18 17:20:00+00:00,598.8900146484375,599.2000122070312,598.7899780273438,599.1699829101562,147427
2026-03-18 17:25:00+00:00,599.176025390625,599.260009765625,598.9199829101562,599.1500854492188,13292782
2026-03-18 17:30:00+00:00,599.1699829101562,599.4149780273438,598.6900024414062,599.4149780273438,0
2026-03-18 17:35:00+00:00,599.4199829101562,600.0650024414062,599.412109375,599.9299926757812,266782
2026-03-18 17:40:00+00:00,599.9400024414062,599.9500122070312,599.489990234375,599.5900268554688,179347
2026-03-18 17:45:00+00:00,599.5800170898438,600.3499755859375,599.530029296875,599.8099975585938,230537
2026-03-18 17:50:00+00:00,599.8099975585938,600.1699829101562,599.6300048828125,600.1199951171875,132348
2026-03-18 17:55:00+00:00,600.1599731445312,600.3900146484375,599.9400024414062,600.219970703125,173241
2026-03-18 18:00:00+00:00,600.22998046875,601.1599731445312,600.2283935546875,600.8900146484375,369414
2026-03-18 18:05:00+00:00,600.9099731445312,600.9099731445312,600.0999755859375,600.1500244140625,234127
2026-03-18 18:10:00+00:00,600.1500244140625,600.3699951171875,599.75,600.1699829101562,211227
2026-03-18 18:15:00+00:00,600.1400146484375,600.1599731445312,599.0,599.3900146484375,247862
2026-03-18 18:20:00+00:00,599.3499755859375,599.6500244140625,599.030029296875,599.3900146484375,123520
2026-03-18 18:25:00+00:00,599.3900756835938,599.7899780273438,599.219970703125,599.72998046875,145937
2026-03-18 18:30:00+00:00,599.719970703125,599.9199829101562,598.2000122070312,598.217529296875,433615
2026-03-18 18:35:00+00:00,598.219970703125,599.75,598.0900268554688,598.4550170898438,392352
2026-03-18 18:40:00+00:00,598.469970703125,599.2899780273438,598.1300048828125,598.718017578125,16166117
2026-03-18 18:45:00+00:00,598.7100219726562,598.8599853515625,598.3300170898438,598.4149780273438,0
2026-03-18 18:50:00+00:00,598.4299926757812,598.4600219726562,597.2000122070312,597.4000244140625,380910
2026-03-18 18:55:00+00:00,597.4099731445312,597.7899780273438,597.0,597.0499877929688,439124
2026-03-18 19:00:00+00:00,597.0150146484375,598.1500244140625,596.8900146484375,598.1500244140625,517087
2026-03-18 19:05:00+00:00,598.1599731445312,598.4500122070312,597.7650146484375,598.0999755859375,324353
2026-03-18 19:10:00+00:00,598.0800170898438,598.0800170898438,597.2899780273438,597.5598754882812,321157
2026-03-18 19:15:00+00:00,597.5399780273438,597.6099853515625,596.9149780273438,596.9149780273438,440522
2026-03-18 19:20:00+00:00,596.9199829101562,597.0800170898438,596.25,596.3920288085938,777929
2026-03-18 19:25:00+00:00,596.3800048828125,596.7899780273438,596.219970703125,596.52001953125,604637
2026-03-18 19:30:00+00:00,596.510009765625,597.0050048828125,596.3300170898438,596.8300170898438,423970
2026-03-18 19:35:00+00:00,596.8300170898438,596.8800048828125,596.1099853515625,596.25,307297
2026-03-18 19:40:00+00:00,596.25,596.3900146484375,595.3300170898438,595.635009765625,716313
2026-03-18 19:45:00+00:00,595.6300048828125,595.6900024414062,595.2999877929688,595.405029296875,566869
2026-03-18 19:50:00+00:00,595.405029296875,595.8200073242188,595.25,595.4500122070312,1073765
2026-03-18 19:55:00+00:00,595.4400024414062,595.5599975585938,594.5599975585938,594.760009765625,1365193
2026-03-19 13:30:00+00:00,589.5250244140625,589.5250244140625,587.1099853515625,587.8150024414062,2770672
2026-03-19 13:35:00+00:00,587.7999877929688,589.010009765625,587.0800170898438,588.4500122070312,4674116
2026-03-19 13:40:00+00:00,588.47998046875,590.10498046875,588.22998046875,589.6300048828125,0
2026-03-19 13:45:00+00:00,589.6099853515625,590.25,588.6544799804688,590.22998046875,874650
2026-03-19 13:50:00+00:00,590.1799926757812,591.760009765625,590.0,591.614501953125,864575
2026-03-19 13:55:00+00:00,591.5800170898438,591.6300048828125,590.3300170898438,591.2999877929688,597479
2026-03-19 14:00:00+00:00,591.280029296875,591.9299926757812,590.8599853515625,591.0499877929688,660744
2026-03-19 14:05:00+00:00,591.0800170898438,591.8099975585938,590.6400146484375,590.8660278320312,7827346
2026-03-19 14:10:00+00:00,590.8599853515625,592.3699951171875,590.5,591.1812133789062,1671170
2026-03-19 14:15:00+00:00,591.1599731445312,591.4600219726562,590.3099975585938,590.6799926757812,0
2026-03-19 14:20:00+00:00,590.6900024414062,591.148681640625,589.5889892578125,589.9099731445312,515618
2026-03-19 14:25:00+00:00,589.9400024414062,590.3099975585938,589.0499877929688,589.530029296875,9733810
2026-03-19 14:30:00+00:00,589.530029296875,591.7449951171875,589.4249877929688,591.6400146484375,0
2026-03-19 14:35:00+00:00,591.6300048828125,592.2100219726562,590.02001953125,590.4600219726562,518176
2026-03-19 14:40:00+00:00,590.4400024414062,591.47998046875,590.2650146484375,590.5,419192
2026-03-19 14:45:00+00:00,590.510009765625,591.22998046875,590.1300048828125,591.1799926757812,10971122
2026-03-19 14:50:00+00:00,591.1900024414062,591.8250122070312,590.72998046875,591.2000122070312,0
2026-03-19 14:55:00+00:00,591.2000122070312,591.72998046875,590.5700073242188,591.0399780273438,288182
2026-03-19 15:00:00+00:00,591.010009765625,591.8599853515625,590.8300170898438,591.8599853515625,288615
2026-03-19 15:05:00+00:00,591.8400268554688,593.1300048828125,591.52001953125,591.969970703125,597523
2026-03-19 15:10:00+00:00,592.0,592.6199951171875,591.8599853515625,592.5599975585938,345314
2026-03-19 15:15:00+00:00,592.5599975585938,592.77001953125,590.8599853515625,590.9299926757812,423208
2026-03-19 15:20:00+00:00,590.9500122070312,591.2100219726562,590.22998046875,590.2949829101562,439330
2026-03-19 15:25:00+00:00,590.2949829101562,590.6699829101562,589.9801025390625,590.3699951171875,431719
2026-03-19 15:30:00+00:00,590.3599853515625,590.4099731445312,589.260009765625,589.2899780273438,397843
2026-03-19 15:35:00+00:00,589.2899780273438,589.739990234375,588.7999877929688,589.469970703125,401224
2026-03-19 15:40:00+00:00,589.5,589.8699951171875,589.0598754882812,589.1699829101562,371667
2026-03-19 15:45:00+00:00,589.1599731445312,589.8599853515625,588.8300170898438,589.6099853515625,15420862
2026-03-19 15:50:00+00:00,589.6099853515625,589.905029296875,589.2999877929688,589.3400268554688,0
2026-03-19 15:55:00+00:00,589.3400268554688,590.6799926757812,589.3400268554688,590.6799926757812,482195
2026-03-19 16:00:00+00:00,590.6699829101562,591.6699829101562,590.1599731445312,591.0900268554688,542228
2026-03-19 16:05:00+00:00,591.0499877929688,591.7999877929688,590.9000244140625,591.22998046875,380604
2026-03-19 16:10:00+00:00,591.260009765625,591.3049926757812,590.3300170898438,590.5598754882812,310349
2026-03-19 16:15:00+00:00,590.5700073242188,590.8099975585938,590.030029296875,590.2091064453125,233889
2026-03-19 16:20:00+00:00,590.2100219726562,590.5700073242188,589.7100219726562,590.0800170898438,171675
2026-03-19 16:25:00+00:00,590.0999755859375,590.760009765625,589.969970703125,590.5599975585938,241854
2026-03-19 16:30:00+00:00,590.5700073242188,590.780029296875,589.9600219726562,590.280029296875,232347
2026-03-19 16:35:00+00:00,590.2899780273438,590.6900024414062,589.8200073242188,590.6500244140625,228409
2026-03-19 16:40:00+00:00,590.6500244140625,591.3300170898438,590.4299926757812,590.8599243164062,254941
2026-03-19 16:45:00+00:00,590.8699951171875,590.989990234375,590.3699951171875,590.47998046875,173567
2026-03-19 16:50:00+00:00,590.4600219726562,590.4600219726562,589.4500122070312,590.010009765625,19087025
2026-03-19 16:55:00+00:00,590.0150146484375,590.2799072265625,589.6900024414062,590.2100219726562,0
2026-03-19 17:00:00+00:00,590.2000122070312,590.4097290039062,589.406005859375,589.4149780273438,217749
2026-03-19 17:05:00+00:00,589.4099731445312,589.5800170898438,588.4299926757812,588.5499877929688,466165
2026-03-19 17:10:00+00:00,588.5599975585938,588.989990234375,588.3699951171875,588.5999755859375,639187
2026-03-19 17:15:00+00:00,588.6099853515625,589.6300048828125,588.4000244140625,589.6300048828125,481334
2026-03-19 17:20:00+00:00,589.6099853515625,590.27001953125,589.2999877929688,589.9400024414062,408007
2026-03-19 17:25:00+00:00,589.9500122070312,590.3966064453125,589.739990234375,590.0499877929688,243574
2026-03-19 17:30:00+00:00,590.0399780273438,590.530029296875,589.6799926757812,589.8200073242188,260804
2026-03-19 17:35:00+00:00,589.8099975585938,589.9987182617188,589.3599853515625,589.3699951171875,213786
2026-03-19 17:40:00+00:00,589.3699951171875,589.780029296875,589.1400146484375,589.580078125,201893
2026-03-19 17:45:00+00:00,589.5900268554688,589.8800048828125,589.27001953125,589.6300048828125,173521
2026-03-19 17:50:00+00:00,589.6300048828125,590.8800048828125,589.5650024414062,590.6599731445312,423964
2026-03-19 17:55:00+00:00,590.6599731445312,590.6599731445312,590.0800170898438,590.1300048828125,22833474
2026-03-19 18:00:00+00:00,590.1300048828125,590.1799926757812,589.47998046875,589.635009765625,0
2026-03-19 18:05:00+00:00,589.6400146484375,590.510009765625,589.5800170898438,590.27001953125,286224
2026-03-19 18:10:00+00:00,590.2999877929688,591.760009765625,590.260009765625,591.4500122070312,392197
2026-03-19 18:15:00+00:00,591.4600219726562,591.6500244140625,590.8359985351562,591.3980102539062,24127617
2026-03-19 18:20:00+00:00,591.4000244140625,591.5202026367188,590.9199829101562,591.0599975585938,0
2026-03-19 18:25:00+00:00,591.0499877929688,591.260009765625,590.5150146484375,590.5408935546875,199035
2026-03-19 18:30:00+00:00,590.5399780273438,590.614990234375,590.135009765625,590.3499755859375,261004
2026-03-19 18:35:00+00:00,590.3599853515625,590.5499877929688,589.6900024414062,589.9849853515625,267488
2026-03-19 18:40:00+00:00,589.97998046875,590.0750122070312,589.4000244140625,589.5599975585938,25111359
2026-03-19 18:45:00+00:00,589.5700073242188,589.8992919921875,589.4249877929688,589.75,0
2026-03-19 18:50:00+00:00,589.739990234375,590.0399780273438,589.3300170898438,589.9749755859375,241612
2026-03-19 18:55:00+00:00,589.9600219726562,591.8300170898438,589.8001098632812,591.4600219726562,685946
2026-03-19 19:00:00+00:00,591.4600219726562,593.5399780273438,591.4099731445312,593.239990234375,1049592
2026-03-19 19:05:00+00:00,593.25,595.7999877929688,593.25,594.6799926757812,1645559
2026-03-19 19:10:00+00:00,594.7000122070312,595.7899780273438,593.780029296875,595.0401000976562,29588586
2026-03-19 19:15:00+00:00,595.02001953125,595.4099731445312,594.3300170898438,595.0623168945312,0
2026-03-19 19:20:00+00:00,595.0900268554688,595.1735229492188,593.8099975585938,593.97998046875,414937
2026-03-19 19:25:00+00:00,593.97998046875,594.0,593.0,593.5399780273438,622135
2026-03-19 19:30:00+00:00,593.5294189453125,593.9530029296875,593.010009765625,593.1400146484375,487406
2026-03-19 19:35:00+00:00,593.1400146484375,593.5499877929688,592.2899780273438,593.5,572585
2026-03-19 19:40:00+00:00,593.510009765625,593.719970703125,593.0399780273438,593.3300170898438,514022
2026-03-19 19:45:00+00:00,593.3099975585938,593.6400146484375,592.8699951171875,593.1300048828125,503782
2026-03-19 19:50:00+00:00,593.1199951171875,593.3800048828125,592.7100219726562,592.8699951171875,882890
2026-03-19 19:55:00+00:00,592.8699951171875,593.5,592.8699951171875,592.97998046875,1058365
2026-03-20 13:30:00+00:00,591.0700073242188,591.1500244140625,588.6699829101562,589.0800170898438,4736656
2026-03-20 13:35:00+00:00,589.0599975585938,589.6099853515625,588.5800170898438,588.739990234375,1171190
2026-03-20 13:40:00+00:00,588.739990234375,590.4000244140625,588.6099853515625,590.3699951171875,1093119
2026-03-20 13:45:00+00:00,590.364990234375,590.72998046875,589.2100219726562,589.4400024414062,1208803
2026-03-20 13:50:00+00:00,589.4000244140625,589.469970703125,587.5399780273438,588.1699829101562,1322231
2026-03-20 13:55:00+00:00,588.1799926757812,588.3496704101562,586.1599731445312,586.2999877929688,1589906
2026-03-20 14:00:00+00:00,586.2999877929688,586.9500122070312,585.7000122070312,586.5739135742188,2253996
2026-03-20 14:05:00+00:00,586.5599975585938,587.3400268554688,585.8599853515625,586.5,1338095
2026-03-20 14:10:00+00:00,586.52001953125,586.8900146484375,585.2349853515625,585.5800170898438,1843651
2026-03-20 14:15:00+00:00,585.5700073242188,586.5900268554688,585.4400024414062,586.1900024414062,1128311
2026-03-20 14:20:00+00:00,586.1799926757812,586.4500122070312,585.52001953125,585.989990234375,968618
2026-03-20 14:25:00+00:00,585.9500122070312,586.22998046875,585.5399780273438,585.9450073242188,684009
2026-03-20 14:30:00+00:00,585.969970703125,587.02001953125,585.9600219726562,586.989990234375,1471995
2026-03-20 14:35:00+00:00,587.0,587.280029296875,585.7899780273438,586.3599853515625,1362192
2026-03-20 14:40:00+00:00,586.3599853515625,586.6599731445312,586.0700073242188,586.25,702743
2026-03-20 14:45:00+00:00,586.260009765625,586.75,586.0,586.47998046875,840796
2026-03-20 14:50:00+00:00,586.469970703125,586.6099853515625,584.969970703125,585.0800170898438,3102072
2026-03-20 14:55:00+00:00,585.0700073242188,586.375,585.0599975585938,585.9000244140625,1055487
2026-03-20 15:00:00+00:00,585.898681640625,587.0399780273438,585.1124877929688,585.5250244140625,1080601
2026-03-20 15:05:00+00:00,585.52001953125,586.0798950195312,585.0999755859375,585.6599731445312,631212
2026-03-20 15:10:00+00:00,585.6699829101562,586.8800048828125,585.5999755859375,586.719970703125,683058
2026-03-20 15:15:00+00:00,586.719970703125,586.8099975585938,585.6199951171875,585.6998901367188,1562757
2026-03-20 15:20:00+00:00,585.7000122070312,587.6300048828125,585.4199829101562,585.969970703125,2468286
2026-03-20 15:25:00+00:00,585.97998046875,586.25,585.3499755859375,585.75,770965
2026-03-20 15:30:00+00:00,585.7899780273438,586.5800170898438,585.5399780273438,586.3900146484375,598522
2026-03-20 15:35:00+00:00,586.3599853515625,586.6599731445312,585.8099975585938,586.0599975585938,0
2026-03-20 15:40:00+00:00,586.0700073242188,586.6699829101562,585.8099975585938,586.5289916992188,421535
2026-03-20 15:45:00+00:00,586.52001953125,586.780029296875,585.9500732421875,586.4700927734375,386772
2026-03-20 15:50:00+00:00,586.47998046875,586.9099731445312,585.969970703125,586.896484375,419719
2026-03-20 15:55:00+00:00,586.8599853515625,587.1400146484375,586.5499877929688,587.02001953125,458320
2026-03-20 16:00:00+00:00,586.7899780273438,587.9299926757812,586.719970703125,587.7100830078125,829908
2026-03-20 16:05:00+00:00,587.6900024414062,587.7000122070312,586.8599853515625,587.1699829101562,651026
2026-03-20 16:10:00+00:00,587.1900024414062,587.7349853515625,587.110107421875,587.4801025390625,583894
2026-03-20 16:15:00+00:00,587.5,587.760009765625,586.9500122070312,587.739990234375,462373
2026-03-20 16:20:00+00:00,587.760009765625,587.9199829101562,587.3499755859375,587.3900146484375,658299
2026-03-20 16:25:00+00:00,587.3800048828125,587.4099731445312,586.6500244140625,586.739990234375,649011
2026-03-20 16:30:00+00:00,586.75,586.75,585.52001953125,586.0650024414062,1691767
2026-03-20 16:35:00+00:00,586.0700073242188,586.4199829101562,585.6099853515625,585.8800048828125,445962
2026-03-20 16:40:00+00:00,585.8900146484375,586.010009765625,585.6300048828125,585.7899780273438,438272
2026-03-20 16:45:00+00:00,585.780029296875,585.9099731445312,585.208984375,585.5302734375,477097
2026-03-20 16:50:00+00:00,585.530029296875,585.8599853515625,585.0800170898438,585.7000122070312,542452
2026-03-20 16:55:00+00:00,585.6799926757812,586.5900268554688,585.6500244140625,585.9400024414062,624206
2026-03-20 17:00:00+00:00,585.9400024414062,586.4149780273438,585.9400024414062,586.1950073242188,277053
2026-03-20 17:05:00+00:00,586.2050170898438,586.35498046875,584.8300170898438,585.9600219726562,909052
2026-03-20 17:10:00+00:00,585.9099731445312,586.1500244140625,585.3800048828125,585.489990234375,320457
2026-03-20 17:15:00+00:00,585.52001953125,585.72998046875,585.0999755859375,585.2100219726562,378063
2026-03-20 17:20:00+00:00,585.239990234375,585.719970703125,585.1199951171875,585.3499755859375,457630
2026-03-20 17:25:00+00:00,585.3599853515625,585.4600219726562,584.8800048828125,585.0399780273438,394963
2026-03-20 17:30:00+00:00,585.0499877929688,585.2150268554688,584.1900024414062,584.3599853515625,599806
2026-03-20 17:35:00+00:00,584.3499755859375,584.5800170898438,583.43798828125,584.1300048828125,890297
2026-03-20 17:40:00+00:00,584.1099853515625,584.4600219726562,583.7100219726562,583.8599853515625,602532
2026-03-20 17:45:00+00:00,583.8599853515625,584.0,583.3800048828125,583.6500244140625,1029530
2026-03-20 17:50:00+00:00,583.6500244140625,584.4400024414062,583.5399780273438,584.2999877929688,621611
2026-03-20 17:55:00+00:00,584.2999877929688,584.6199951171875,584.260009765625,584.47998046875,456270
2026-03-20 18:00:00+00:00,584.47998046875,584.7100219726562,583.969970703125,583.97998046875,554323
2026-03-20 18:05:00+00:00,584.010009765625,584.3800048828125,583.7100219726562,584.0900268554688,578796
2026-03-20 18:10:00+00:00,584.0750122070312,584.114990234375,583.60498046875,583.844970703125,513673
2026-03-20 18:15:00+00:00,583.8499755859375,583.9500122070312,583.4390258789062,583.77001953125,473490
2026-03-20 18:20:00+00:00,583.760009765625,583.9400024414062,582.1099853515625,582.3200073242188,1448426
2026-03-20 18:25:00+00:00,582.3300170898438,583.2999877929688,582.3200073242188,582.8699951171875,1199817
2026-03-20 18:30:00+00:00,582.8599853515625,583.0549926757812,582.219970703125,582.3400268554688,703967
2026-03-20 18:35:00+00:00,582.344970703125,582.4650268554688,581.6400146484375,581.780029296875,1004329
2026-03-20 18:40:00+00:00,581.7899780273438,582.0900268554688,581.4600219726562,581.5549926757812,825399
2026-03-20 18:45:00+00:00,581.5499877929688,581.8599853515625,581.22998046875,581.4400024414062,804084
2026-03-20 18:50:00+00:00,581.4299926757812,581.7899780273438,581.1900024414062,581.3900146484375,720110
2026-03-20 18:55:00+00:00,581.3800048828125,581.719970703125,581.0599975585938,581.5499877929688,1053320
2026-03-20 19:00:00+00:00,581.5700073242188,582.1500244140625,581.5399780273438,581.6300048828125,776141
2026-03-20 19:05:00+00:00,581.6199951171875,581.7199096679688,581.0549926757812,581.3800048828125,839835
2026-03-20 19:10:00+00:00,581.3499755859375,581.47998046875,580.8499755859375,581.3599853515625,1000860
2026-03-20 19:15:00+00:00,581.3599853515625,581.6599731445312,581.1599731445312,581.6199951171875,905947
2026-03-20 19:20:00+00:00,581.625,581.625,580.469970703125,580.5499877929688,1288880
2026-03-20 19:25:00+00:00,580.52001953125,581.010009765625,580.469970703125,580.7000122070312,1272366
2026-03-20 19:30:00+00:00,580.7000122070312,581.0599975585938,579.9199829101562,580.02978515625,1663356
2026-03-20 19:35:00+00:00,580.0368041992188,580.1199951171875,578.5399780273438,579.3200073242188,1860351
2026-03-20 19:40:00+00:00,579.3099975585938,580.5964965820312,579.1900024414062,580.4949951171875,2539212
2026-03-20 19:45:00+00:00,580.47998046875,580.5900268554688,579.6849975585938,579.8900146484375,1704652
2026-03-20 19:50:00+00:00,579.8800048828125,581.030029296875,579.6900024414062,580.9000244140625,2877145
2026-03-20 19:55:00+00:00,580.9099731445312,582.1099853515625,580.7999877929688,582.0700073242188,5031388
2026-03-23 13:30:00+00:00,590.469970703125,591.0,589.030029296875,590.0999755859375,10681459
2026-03-23 13:35:00+00:00,590.1099853515625,591.6599731445312,589.3200073242188,591.5900268554688,1714078
2026-03-23 13:40:00+00:00,591.5999755859375,592.239990234375,590.0,590.5698852539062,1820555
2026-03-23 13:45:00+00:00,590.5900268554688,592.47998046875,590.35009765625,592.4199829101562,1307103
2026-03-23 13:50:00+00:00,592.4249877929688,593.1699829101562,591.7014770507812,592.530029296875,1162616
2026-03-23 13:55:00+00:00,592.52001953125,593.030029296875,591.5900268554688,592.969970703125,1129491
2026-03-23 14:00:00+00:00,592.969970703125,593.27001953125,591.630126953125,591.8099975585938,1347820
2026-03-23 14:05:00+00:00,591.8099975585938,592.6099853515625,591.22998046875,592.260009765625,1086214
2026-03-23 14:10:00+00:00,592.280029296875,593.5,591.9600219726562,593.0800170898438,1233699
2026-03-23 14:15:00+00:00,593.0900268554688,594.0399780273438,593.0399780273438,593.9849853515625,1461280
2026-03-23 14:20:00+00:00,593.97998046875,595.0798950195312,593.64501953125,594.6900024414062,1665622
2026-03-23 14:25:00+00:00,594.6799926757812,594.7899780273438,593.3800048828125,593.864990234375,1096524
2026-03-23 14:30:00+00:00,593.8599853515625,594.3099975585938,593.219970703125,593.8099975585938,737244
2026-03-23 14:35:00+00:00,593.8300170898438,594.1790771484375,593.030029296875,593.4000244140625,719811
2026-03-23 14:40:00+00:00,593.3300170898438,593.52001953125,592.8599853515625,593.010009765625,719370
2026-03-23 14:45:00+00:00,593.010009765625,594.0900268554688,592.4600219726562,593.6599731445312,1046750
2026-03-23 14:50:00+00:00,593.6699829101562,593.6699829101562,592.6599731445312,593.0700073242188,735666
2026-03-23 14:55:00+00:00,593.0698852539062,593.5399780273438,592.7000122070312,593.2100219726562,905397
2026-03-23 15:00:00+00:00,593.239990234375,594.9000244140625,593.0,594.75,935596
2026-03-23 15:05:00+00:00,594.739990234375,594.969970703125,594.1400146484375,594.7650146484375,717312
2026-03-23 15:10:00+00:00,594.780029296875,595.0800170898438,594.2000122070312,594.489990234375,1046877
2026-03-23 15:15:00+00:00,594.4600219726562,594.6199951171875,593.739990234375,593.8599853515625,842593
2026-03-23 15:20:00+00:00,593.8499755859375,594.3800048828125,593.1099853515625,594.1699829101562,852802
2026-03-23 15:25:00+00:00,594.280029296875,594.280029296875,592.9099731445312,593.219970703125,768029
2026-03-23 15:30:00+00:00,593.239990234375,593.7000122070312,592.9099731445312,593.0451049804688,532695
2026-03-23 15:35:00+00:00,593.0599975585938,593.0700073242188,591.3900146484375,591.5361938476562,1175225
2026-03-23 15:40:00+00:00,591.5,592.030029296875,591.0,591.47998046875,1067179
2026-03-23 15:45:00+00:00,591.47998046875,591.4849853515625,590.1799926757812,590.6699829101562,1112330
2026-03-23 15:50:00+00:00,590.6599731445312,590.9199829101562,588.8800048828125,589.1500244140625,1516827
2026-03-23 15:55:00+00:00,589.1699829101562,589.2000122070312,587.489990234375,587.72998046875,1524313
2026-03-23 16:00:00+00:00,587.7249755859375,588.8499755859375,587.6699829101562,588.0700073242188,1427952
2026-03-23 16:05:00+00:00,588.0800170898438,589.510009765625,587.8699951171875,589.0700073242188,1085130
2026-03-23 16:10:00+00:00,589.0900268554688,589.7899780273438,588.7100219726562,589.4000244140625,947474
2026-03-23 16:15:00+00:00,589.3699951171875,589.5599975585938,588.2000122070312,588.4199829101562,902854
2026-03-23 16:20:00+00:00,588.4498291015625,588.6500244140625,587.469970703125,587.8900146484375,1985612
2026-03-23 16:25:00+00:00,587.8800048828125,587.9000244140625,585.9600219726562,586.2000122070312,2726391
2026-03-23 16:30:00+00:00,586.2100219726562,587.6300048828125,586.0599975585938,587.6099853515625,1725717
2026-03-23 16:35:00+00:00,587.60498046875,588.27001953125,587.3599853515625,587.5250244140625,936367
2026-03-23 16:40:00+00:00,587.510009765625,588.1798706054688,587.489990234375,588.0499877929688,1417978
2026-03-23 16:45:00+00:00,588.0599975585938,588.780029296875,587.8300170898438,588.364990234375,842855
2026-03-23 16:50:00+00:00,588.3699951171875,588.7899780273438,587.5800170898438,587.8300170898438,1114800
2026-03-23 16:55:00+00:00,587.8300170898438,588.030029296875,586.969970703125,587.4450073242188,968663
2026-03-23 17:00:00+00:00,587.4600219726562,588.010009765625,586.9400024414062,587.010009765625,822658
2026-03-23 17:05:00+00:00,587.02001953125,588.0399780273438,586.8200073242188,587.9099731445312,756516
2026-03-23 17:10:00+00:00,587.9000244140625,587.969970703125,587.0900268554688,587.14501953125,621328
2026-03-23 17:15:00+00:00,587.1400146484375,587.4099731445312,586.4650268554688,586.969970703125,628812
2026-03-23 17:20:00+00:00,586.9500122070312,586.97998046875,586.0700073242188,586.5800170898438,707234
2026-03-23 17:25:00+00:00,586.5599975585938,587.510009765625,586.469970703125,587.1500244140625,614677
2026-03-23 17:30:00+00:00,587.1400146484375,589.0399780273438,587.125,588.77001953125,1042465
2026-03-23 17:35:00+00:00,588.780029296875,589.9400024414062,588.760009765625,589.4400024414062,1271639
2026-03-23 17:40:00+00:00,589.3900146484375,589.4099731445312,588.2999877929688,588.5599975585938,778840
2026-03-23 17:45:00+00:00,588.590087890625,588.72998046875,587.9500122070312,588.5,485678
2026-03-23 17:50:00+00:00,588.469970703125,589.219970703125,588.3300170898438,589.218994140625,573289
2026-03-23 17:55:00+00:00,589.1699829101562,589.989990234375,588.89501953125,589.844970703125,452241
2026-03-23 18:00:00+00:00,589.8499755859375,590.3400268554688,589.6199951171875,590.1699829101562,733488
2026-03-23 18:05:00+00:00,590.1699829101562,590.25,588.6199951171875,589.4099731445312,797368
2026-03-23 18:10:00+00:00,589.3800048828125,590.0399780273438,589.3619995117188,589.5599975585938,433372
2026-03-23 18:15:00+00:00,589.5900268554688,589.77001953125,589.0,589.3900146484375,382519
2026-03-23 18:20:00+00:00,589.4000244140625,589.5999755859375,589.2100219726562,589.510009765625,400123
2026-03-23 18:25:00+00:00,589.5,589.8599853515625,589.2100219726562,589.3300170898438,377663
2026-03-23 18:30:00+00:00,589.4400024414062,590.9099731445312,589.4400024414062,590.8599853515625,881141
2026-03-23 18:35:00+00:00,590.8900146484375,591.510009765625,590.2899780273438,590.8400268554688,1059015
2026-03-23 18:40:00+00:00,590.8499755859375,591.0499877929688,590.4099731445312,590.7559814453125,698503
2026-03-23 18:45:00+00:00,590.77001953125,591.2799072265625,590.5750122070312,591.1799926757812,449184
2026-03-23 18:50:00+00:00,591.1799926757812,591.239990234375,590.6600952148438,590.8800048828125,367731
2026-03-23 18:55:00+00:00,590.8873291015625,591.1500244140625,590.6300048828125,590.9550170898438,349338
2026-03-23 19:00:00+00:00,590.969970703125,591.030029296875,590.4299926757812,590.6099853515625,375267
2026-03-23 19:05:00+00:00,590.5900268554688,590.989990234375,590.5549926757812,590.8900146484375,393238
2026-03-23 19:10:00+00:00,590.8900146484375,590.9749755859375,590.4400024414062,590.4658203125,487000
2026-03-23 19:15:00+00:00,590.469970703125,590.6649780273438,589.8699951171875,590.219970703125,687726
2026-03-23 19:20:00+00:00,590.2000122070312,590.3099975585938,589.8699951171875,590.0499877929688,522278
2026-03-23 19:25:00+00:00,590.030029296875,590.260009765625,589.6400146484375,589.989990234375,637734
2026-03-23 19:30:00+00:00,589.9749755859375,590.260009765625,589.8790283203125,590.0001220703125,545636
2026-03-23 19:35:00+00:00,590.010009765625,590.364990234375,589.8200073242188,590.2100219726562,599922
2026-03-23 19:40:00+00:00,590.2000122070312,590.5167236328125,590.030029296875,590.5,684708
2026-03-23 19:45:00+00:00,590.47998046875,590.9450073242188,590.14501953125,590.4099731445312,915187
2026-03-23 19:50:00+00:00,590.3800048828125,590.489990234375,589.3099975585938,589.3599853515625,1379372
2026-03-23 19:55:00+00:00,589.3499755859375,589.469970703125,588.1699829101562,588.1699829101562,2719145
2026-03-24 13:30:00+00:00,584.8200073242188,586.280029296875,584.1500244140625,585.9710083007812,3863780
2026-03-24 13:35:00+00:00,585.9799194335938,586.1900024414062,583.5700073242188,583.6849975585938,1197056
2026-03-24 13:40:00+00:00,583.6901245117188,583.760009765625,582.0499877929688,582.9199829101562,1297431
2026-03-24 13:45:00+00:00,582.9266967773438,584.1799926757812,582.3800048828125,582.4500122070312,871815
2026-03-24 13:50:00+00:00,582.4299926757812,583.27001953125,581.9400024414062,582.6699829101562,782733
2026-03-24 13:55:00+00:00,582.7100219726562,583.9949951171875,582.5499877929688,583.8800048828125,578272
2026-03-24 14:00:00+00:00,583.885009765625,584.8200073242188,583.5,584.340087890625,946767
2026-03-24 14:05:00+00:00,584.3499755859375,585.4299926757812,583.5900268554688,585.3099975585938,1035915
2026-03-24 14:10:00+00:00,585.3099975585938,585.4500122070312,582.9299926757812,584.0499877929688,838344
2026-03-24 14:15:00+00:00,584.0399780273438,584.3599853515625,583.239990234375,584.1500244140625,856315
2026-03-24 14:20:00+00:00,584.1500244140625,584.510009765625,583.1300048828125,583.5700073242188,500860
2026-03-24 14:25:00+00:00,583.5700073242188,584.625,583.0599975585938,583.6300048828125,704201
2026-03-24 14:30:00+00:00,583.6199951171875,584.3800048828125,583.3900146484375,584.25,497229
2026-03-24 14:35:00+00:00,584.27001953125,584.4299926757812,583.1099853515625,583.6201171875,650615
2026-03-24 14:40:00+00:00,583.6099853515625,584.72998046875,583.39501953125,584.7100219726562,518494
2026-03-24 14:45:00+00:00,584.6799926757812,585.22998046875,583.760009765625,583.97998046875,881025
2026-03-24 14:50:00+00:00,583.989990234375,586.9299926757812,583.3300170898438,585.4500122070312,1892477
2026-03-24 14:55:00+00:00,585.4299926757812,586.6699829101562,583.1300048828125,584.52001953125,1384158
2026-03-24 15:00:00+00:00,584.5399780273438,586.14990234375,584.5399780273438,585.6849975585938,804828
2026-03-24 15:05:00+00:00,585.6500244140625,586.0999755859375,585.4349975585938,585.7756958007812,436289
2026-03-24 15:10:00+00:00,585.75,586.3499755859375,585.260009765625,586.169921875,479748
2026-03-24 15:15:00+00:00,586.1799926757812,586.968994140625,586.0798950195312,586.6900024414062,657617
2026-03-24 15:20:00+00:00,586.7000122070312,587.5499877929688,586.219970703125,587.469970703125,580147
2026-03-24 15:25:00+00:00,587.5,587.9299926757812,586.6699829101562,586.8673706054688,619180
2026-03-24 15:30:00+00:00,586.8599853515625,587.2197265625,585.9199829101562,586.5,454557
2026-03-24 15:35:00+00:00,586.510009765625,587.4099731445312,586.4199829101562,587.0499877929688,303827
2026-03-24 15:40:00+00:00,587.0399780273438,587.2999877929688,586.6799926757812,586.9299926757812,512272
2026-03-24 15:45:00+00:00,586.8900146484375,587.239990234375,586.7100219726562,587.1199951171875,347408
2026-03-24 15:50:00+00:00,587.1300048828125,587.739990234375,587.0399780273438,587.0996704101562,415797
2026-03-24 15:55:00+00:00,587.0999755859375,587.1199951171875,585.5599975585938,585.77001953125,808793
2026-03-24 16:00:00+00:00,585.719970703125,586.1799926757812,585.3900146484375,585.4901123046875,576699
2026-03-24 16:05:00+00:00,585.530029296875,585.9199829101562,585.0900268554688,585.9000244140625,378606
2026-03-24 16:10:00+00:00,585.8800048828125,585.97998046875,585.2999877929688,585.6199951171875,438063
2026-03-24 16:15:00+00:00,585.6099853515625,586.7899780273438,585.5599975585938,586.6500244140625,483986
2026-03-24 16:20:00+00:00,586.6199951171875,586.989990234375,586.219970703125,586.8099975585938,287851
2026-03-24 16:25:00+00:00,586.8099975585938,586.8300170898438,586.2899780273438,586.6300048828125,284730
2026-03-24 16:30:00+00:00,586.6300048828125,586.7899780273438,586.0599975585938,586.0850219726562,202625
2026-03-24 16:35:00+00:00,586.1099853515625,586.14990234375,584.6300048828125,584.72998046875,533727
2026-03-24 16:40:00+00:00,584.7000122070312,585.6400146484375,584.5800170898438,585.6400146484375,429057
2026-03-24 16:45:00+00:00,585.6400146484375,586.27001953125,585.530029296875,585.6998901367188,396949
2026-03-24 16:50:00+00:00,585.6599731445312,586.1749877929688,585.5499877929688,585.5800170898438,260109
2026-03-24 16:55:00+00:00,585.5900268554688,585.7899780273438,584.8599853515625,585.47998046875,411905
2026-03-24 17:00:00+00:00,585.4500122070312,585.780029296875,583.989990234375,584.02001953125,485564
2026-03-24 17:05:00+00:00,584.02001953125,584.0800170898438,583.1199951171875,583.3499755859375,775975
2026-03-24 17:10:00+00:00,583.3800048828125,583.6900024414062,582.7750244140625,583.239990234375,637404
2026-03-24 17:15:00+00:00,583.2100219726562,583.4400024414062,582.7000122070312,582.8800048828125,507155
2026-03-24 17:20:00+00:00,582.8300170898438,583.4000244140625,582.739990234375,583.0800170898438,530594
2026-03-24 17:25:00+00:00,583.1199951171875,583.6199951171875,582.8499755859375,583.510009765625,559155
2026-03-24 17:30:00+00:00,583.469970703125,584.1699829101562,583.02001953125,583.090087890625,508462
2026-03-24 17:35:00+00:00,583.0399780273438,583.7000122070312,582.8400268554688,583.510009765625,469859
2026-03-24 17:40:00+00:00,583.530029296875,583.7899780273438,582.5900268554688,582.77001953125,789036
2026-03-24 17:45:00+00:00,582.7750244140625,583.3300170898438,582.5999755859375,583.0700073242188,325117
2026-03-24 17:50:00+00:00,583.0599975585938,584.0900268554688,582.9199829101562,583.5100708007812,482449
2026-03-24 17:55:00+00:00,583.510009765625,584.7650146484375,583.3200073242188,584.5499877929688,1335641
2026-03-24 18:00:00+00:00,584.5549926757812,585.2999877929688,584.2899780273438,584.7100219726562,594542
2026-03-24 18:05:00+00:00,584.6799926757812,584.77001953125,584.1699829101562,584.2808227539062,374285
2026-03-24 18:10:00+00:00,584.2999877929688,584.6400146484375,584.0900268554688,584.4249877929688,273584
2026-03-24 18:15:00+00:00,584.4400024414062,584.72998046875,583.72998046875,584.5599975585938,493657
2026-03-24 18:20:00+00:00,584.5474243164062,584.8900146484375,584.1799926757812,584.510009765625,303402
2026-03-24 18:25:00+00:00,584.5399780273438,585.2999877929688,584.4107055664062,584.9495239257812,643307
2026-03-24 18:30:00+00:00,584.9400024414062,585.97998046875,584.6500244140625,585.4600219726562,711208
2026-03-24 18:35:00+00:00,585.4199829101562,587.0380249023438,585.4099731445312,586.969970703125,898572
2026-03-24 18:40:00+00:00,586.9600219726562,586.97998046875,585.2550048828125,585.8200073242188,747199
2026-03-24 18:45:00+00:00,585.8599853515625,585.9199829101562,585.1900024414062,585.4099731445312,327046
2026-03-24 18:50:00+00:00,585.4199829101562,586.1699829101562,585.3499755859375,585.7098999023438,305037
2026-03-24 18:55:00+00:00,585.6500244140625,585.6929931640625,584.8900146484375,585.3300170898438,297722
2026-03-24 19:00:00+00:00,585.2899780273438,586.1300048828125,585.2899780273438,585.6599731445312,436684
2026-03-24 19:05:00+00:00,585.6699829101562,585.97998046875,585.4600219726562,585.8800048828125,258814
2026-03-24 19:10:00+00:00,585.8699951171875,586.2899780273438,585.77001953125,586.280029296875,320944
2026-03-24 19:15:00+00:00,586.27001953125,586.3599853515625,585.8200073242188,586.0650024414062,376839
2026-03-24 19:20:00+00:00,586.0800170898438,586.14501953125,585.5499877929688,585.8599853515625,393521
2026-03-24 19:25:00+00:00,585.8499755859375,585.989990234375,585.0599975585938,585.0900268554688,328936
2026-03-24 19:30:00+00:00,585.0800170898438,585.4400024414062,584.5399780273438,584.619873046875,646607
2026-03-24 19:35:00+00:00,584.6199951171875,584.7999877929688,584.0899047851562,584.5999755859375,532691
2026-03-24 19:40:00+00:00,584.6199951171875,584.9799194335938,584.4299926757812,584.469970703125,392160
2026-03-24 19:45:00+00:00,584.4600219726562,584.469970703125,583.7700805664062,584.1699829101562,585963
2026-03-24 19:50:00+00:00,584.1699829101562,584.3200073242188,583.510009765625,583.5800170898438,905588
2026-03-24 19:55:00+00:00,583.5900268554688,583.9500122070312,583.25,583.9299926757812,1601769
2026-03-25 13:30:00+00:00,589.1099853515625,590.2399291992188,589.0,589.9301147460938,4170523
2026-03-25 13:35:00+00:00,589.9400024414062,591.3699951171875,589.739990234375,590.3386840820312,1344886
2026-03-25 13:40:00+00:00,590.3400268554688,591.2590942382812,589.3900146484375,589.5999145507812,1047273
2026-03-25 13:45:00+00:00,589.5999755859375,589.969970703125,588.739990234375,588.8599853515625,1189552
2026-03-25 13:50:00+00:00,588.8300170898438,588.8499755859375,587.530029296875,587.6400146484375,1175009
2026-03-25 13:55:00+00:00,587.6199951171875,588.6199951171875,587.4400024414062,587.6199951171875,915979
2026-03-25 14:00:00+00:00,587.6300048828125,588.7474975585938,586.7000122070312,588.2849731445312,1196829
2026-03-25 14:05:00+00:00,588.2849731445312,589.0798950195312,588.0499877929688,588.8300170898438,1522473
2026-03-25 14:10:00+00:00,588.8400268554688,589.8099975585938,588.239990234375,589.7249755859375,1529055
2026-03-25 14:15:00+00:00,589.72998046875,589.9298095703125,589.3200073242188,589.47998046875,1119824
2026-03-25 14:20:00+00:00,589.47998046875,590.6199951171875,589.3599853515625,589.5800170898438,1137365
2026-03-25 14:25:00+00:00,589.5999755859375,590.905029296875,589.4298706054688,590.25,1468634
2026-03-25 14:30:00+00:00,590.27001953125,590.7000122070312,589.7000122070312,590.6500244140625,886286
2026-03-25 14:35:00+00:00,590.6500244140625,590.9299926757812,589.9500122070312,590.2000122070312,708665
2026-03-25 14:40:00+00:00,590.2100219726562,591.0599975585938,589.9000244140625,590.5399780273438,774843
2026-03-25 14:45:00+00:00,590.5599975585938,591.1099853515625,590.4849853515625,590.85498046875,481995
2026-03-25 14:50:00+00:00,590.8400268554688,591.2000122070312,590.469970703125,590.5800170898438,482328
2026-03-25 14:55:00+00:00,590.5999755859375,590.8599853515625,590.1599731445312,590.3599853515625,417905
2026-03-25 15:00:00+00:00,590.3599853515625,590.5900268554688,589.9500122070312,590.3099975585938,542865
2026-03-25 15:05:00+00:00,590.3200073242188,590.4691162109375,588.75,588.844970703125,855540
2026-03-25 15:10:00+00:00,588.8599853515625,589.2000122070312,588.0399780273438,588.0499877929688,1103117
2026-03-25 15:15:00+00:00,588.0499877929688,588.2999877929688,585.6900024414062,586.4000244140625,2517566
2026-03-25 15:20:00+00:00,586.4099731445312,588.60009765625,586.3104248046875,588.2451171875,2024077
2026-03-25 15:25:00+00:00,588.25,589.0443115234375,587.8699951171875,588.989990234375,990361
2026-03-25 15:30:00+00:00,589.0,589.4299926757812,588.72998046875,589.0599975585938,843413
2026-03-25 15:35:00+00:00,589.0900268554688,589.0999755859375,587.7100219726562,587.8800048828125,1004138
2026-03-25 15:40:00+00:00,587.8699951171875,588.1400146484375,587.010009765625,587.6400146484375,681718
2026-03-25 15:45:00+00:00,587.6599731445312,587.8200073242188,587.1099853515625,587.47998046875,692888
2026-03-25 15:50:00+00:00,587.47998046875,587.9400024414062,587.280029296875,587.530029296875,453482
2026-03-25 15:55:00+00:00,587.5499877929688,588.1799926757812,587.219970703125,587.8599853515625,531836
2026-03-25 16:00:00+00:00,587.8400268554688,588.0499877929688,587.1900024414062,587.239990234375,684226
2026-03-25 16:05:00+00:00,587.2449951171875,587.6300048828125,586.7100219726562,587.4299926757812,514575
2026-03-25 16:10:00+00:00,587.4299926757812,587.5800170898438,586.9400024414062,587.4000244140625,348073
2026-03-25 16:15:00+00:00,587.3800048828125,587.5599975585938,587.030029296875,587.3400268554688,380183
2026-03-25 16:20:00+00:00,587.3599853515625,588.8300170898438,587.2000122070312,588.8099975585938,1106332
2026-03-25 16:25:00+00:00,588.8300170898438,589.2899780273438,588.469970703125,588.6799926757812,803647
2026-03-25 16:30:00+00:00,588.6500244140625,589.5599975585938,588.239990234375,589.2899780273438,604562
2026-03-25 16:35:00+00:00,589.2949829101562,589.5250244140625,588.9755859375,589.3499755859375,580642
2026-03-25 16:40:00+00:00,589.3499755859375,589.4299926757812,588.9000244140625,589.239990234375,342213
2026-03-25 16:45:00+00:00,589.260009765625,589.3699951171875,588.7100219726562,588.8300170898438,338741
2026-03-25 16:50:00+00:00,588.8200073242188,589.3599853515625,588.239990234375,589.2550048828125,586509
2026-03-25 16:55:00+00:00,589.260009765625,589.3400268554688,588.6599731445312,588.8300170898438,201235
2026-03-25 17:00:00+00:00,588.8599853515625,589.3800048828125,588.3200073242188,588.5198974609375,509851
2026-03-25 17:05:00+00:00,588.52001953125,588.5800170898438,587.9099731445312,587.9199829101562,373833
2026-03-25 17:10:00+00:00,587.927978515625,588.9199829101562,587.8499755859375,588.7100219726562,370614
2026-03-25 17:15:00+00:00,588.7100219726562,588.72998046875,587.969970703125,588.3399047851562,364817
2026-03-25 17:20:00+00:00,588.3499145507812,589.0499877929688,588.239990234375,588.7249755859375,285030
2026-03-25 17:25:00+00:00,588.7100219726562,589.4500122070312,588.6699829101562,589.094970703125,367542
2026-03-25 17:30:00+00:00,589.0999755859375,589.3200073242188,588.5900268554688,589.239990234375,442563
2026-03-25 17:35:00+00:00,589.25,589.7899780273438,589.1798706054688,589.6900024414062,287035
2026-03-25 17:40:00+00:00,589.6799926757812,590.5700073242188,589.4998779296875,589.969970703125,706776
2026-03-25 17:45:00+00:00,589.969970703125,590.0,589.1599731445312,589.1749877929688,510090
2026-03-25 17:50:00+00:00,589.1699829101562,589.8300170898438,588.4500122070312,588.5599975585938,771022
2026-03-25 17:55:00+00:00,588.5700073242188,589.8300170898438,588.4299926757812,588.989990234375,797210
2026-03-25 18:00:00+00:00,588.97998046875,589.1099853515625,588.5900268554688,588.8800048828125,487965
2026-03-25 18:05:00+00:00,588.8900146484375,589.2999877929688,588.52001953125,588.8300170898438,326022
2026-03-25 18:10:00+00:00,588.8499755859375,589.239990234375,588.760009765625,589.030029296875,332630
2026-03-25 18:15:00+00:00,589.0800170898438,589.6400146484375,589.030029296875,589.0999755859375,476822
2026-03-25 18:20:00+00:00,589.0999755859375,589.510009765625,589.0900268554688,589.3400268554688,176904
2026-03-25 18:25:00+00:00,589.3499755859375,589.4000244140625,588.6500244140625,588.6799926757812,301945
2026-03-25 18:30:00+00:00,588.6849975585938,588.9000244140625,588.47998046875,588.7999877929688,293203
2026-03-25 18:35:00+00:00,588.780029296875,588.8099975585938,588.4099731445312,588.5800170898438,183360
2026-03-25 18:40:00+00:00,588.5850219726562,588.6358032226562,588.0499877929688,588.3099975585938,320497
2026-03-25 18:45:00+00:00,588.3049926757812,588.4400024414062,588.0999755859375,588.2000122070312,320275
2026-03-25 18:50:00+00:00,588.1900024414062,588.27001953125,587.9600219726562,588.0599975585938,221341
2026-03-25 18:55:00+00:00,588.0700073242188,588.0784912109375,586.489990234375,587.27001953125,1252325
2026-03-25 19:00:00+00:00,587.260009765625,587.280029296875,586.2650146484375,586.780029296875,950378
2026-03-25 19:05:00+00:00,586.77001953125,586.9500122070312,586.5599975585938,586.77001953125,490529
2026-03-25 19:10:00+00:00,586.77001953125,587.280029296875,586.5800170898438,587.219970703125,776922
2026-03-25 19:15:00+00:00,587.22998046875,587.739990234375,587.1599731445312,587.673828125,722302
2026-03-25 19:20:00+00:00,587.6900024414062,588.1799926757812,587.5800170898438,587.8316040039062,713479
2026-03-25 19:25:00+00:00,587.8200073242188,587.9099731445312,587.2100219726562,587.2509765625,399682
2026-03-25 19:30:00+00:00,587.2598876953125,587.3300170898438,586.8300170898438,587.0081787109375,368342
2026-03-25 19:35:00+00:00,586.97998046875,587.1400146484375,586.5800170898438,586.8599853515625,453116
2026-03-25 19:40:00+00:00,586.8599853515625,587.4099731445312,586.760009765625,586.9603271484375,446046
2026-03-25 19:45:00+00:00,586.9600219726562,587.1500244140625,586.7899780273438,587.02001953125,474087
2026-03-25 19:50:00+00:00,587.030029296875,587.8200073242188,587.0275268554688,587.5599975585938,664167
2026-03-25 19:55:00+00:00,587.5800170898438,588.1199951171875,587.280029296875,587.72998046875,1442640
2026-03-26 13:30:00+00:00,582.5999755859375,582.6199951171875,581.010009765625,581.8049926757812,3982055
2026-03-26 13:35:00+00:00,581.7899780273438,581.9199829101562,580.47998046875,580.52001953125,1138264
2026-03-26 13:40:00+00:00,580.47998046875,582.635009765625,580.4600219726562,582.5700073242188,1420012
2026-03-26 13:45:00+00:00,582.5999145507812,583.489990234375,582.3099975585938,582.8350219726562,1593849
2026-03-26 13:50:00+00:00,582.8400268554688,584.4099731445312,582.739990234375,584.3699951171875,1330871
2026-03-26 13:55:00+00:00,584.3699951171875,584.3800048828125,582.2000122070312,583.989990234375,1600047
2026-03-26 14:00:00+00:00,584.010009765625,584.280029296875,583.3200073242188,583.6300048828125,959856
2026-03-26 14:05:00+00:00,583.6149291992188,584.6099853515625,583.0999755859375,583.3300170898438,1130442
2026-03-26 14:10:00+00:00,583.2999877929688,583.9600219726562,582.8900146484375,583.9500122070312,2059188
2026-03-26 14:15:00+00:00,583.9600219726562,584.3699951171875,583.27001953125,583.4099731445312,919299
2026-03-26 14:20:00+00:00,583.4099731445312,584.3200073242188,583.1409912109375,583.7899780273438,831352
2026-03-26 14:25:00+00:00,583.7750244140625,584.0,582.9299926757812,582.969970703125,710023
2026-03-26 14:30:00+00:00,582.9600219726562,583.719970703125,582.9299926757812,583.4500122070312,1166262
2026-03-26 14:35:00+00:00,583.4400024414062,583.5599975585938,582.6300048828125,583.0599975585938,896745
2026-03-26 14:40:00+00:00,583.0599975585938,584.2625122070312,581.6699829101562,581.8300170898438,1691893
2026-03-26 14:45:00+00:00,581.8400268554688,582.22998046875,581.1400146484375,581.52001953125,1686189
2026-03-26 14:50:00+00:00,581.5399780273438,581.8800048828125,580.52001953125,580.5399780273438,1723548
2026-03-26 14:55:00+00:00,580.5499877929688,581.5999755859375,579.6500244140625,581.3499755859375,1529539
2026-03-26 15:00:00+00:00,581.3599853515625,581.989990234375,581.0999755859375,581.135009765625,778448
2026-03-26 15:05:00+00:00,581.1199951171875,581.9600219726562,580.8699951171875,581.1500244140625,824551
2026-03-26 15:10:00+00:00,581.1599731445312,581.780029296875,581.1300048828125,581.1400146484375,492975
2026-03-26 15:15:00+00:00,581.1400146484375,581.280029296875,580.5,580.75,741435
2026-03-26 15:20:00+00:00,580.760009765625,581.27001953125,580.6199951171875,581.0399780273438,667144
2026-03-26 15:25:00+00:00,581.030029296875,581.2899780273438,580.780029296875,580.8800048828125,587059
2026-03-26 15:30:00+00:00,580.8699951171875,580.8699951171875,580.0999755859375,580.3900146484375,665294
2026-03-26 15:35:00+00:00,580.4000244140625,580.9299926757812,580.2999877929688,580.8300170898438,571238
2026-03-26 15:40:00+00:00,580.8300170898438,581.0900268554688,580.5700073242188,580.7899780273438,470906
2026-03-26 15:45:00+00:00,580.8300170898438,581.9000244140625,580.6099853515625,581.2100219726562,773200
2026-03-26 15:50:00+00:00,581.2000122070312,581.8099975585938,581.0599975585938,581.469970703125,544723
2026-03-26 15:55:00+00:00,581.489990234375,581.559326171875,580.8200073242188,581.0800170898438,497131
2026-03-26 16:00:00+00:00,581.0599975585938,581.2899780273438,580.6599731445312,580.7849731445312,449097
2026-03-26 16:05:00+00:00,580.780029296875,581.1300048828125,580.6099853515625,580.9000244140625,560186
2026-03-26 16:10:00+00:00,580.8800048828125,581.030029296875,580.2000122070312,580.8499755859375,484131
2026-03-26 16:15:00+00:00,580.8300170898438,580.8350219726562,579.3400268554688,580.4000244140625,1106373
2026-03-26 16:20:00+00:00,580.4199829101562,580.4199829101562,579.4099731445312,579.9600219726562,690008
2026-03-26 16:25:00+00:00,579.9600219726562,580.0499877929688,578.9000244140625,579.0399780273438,828726
2026-03-26 16:30:00+00:00,579.0599975585938,579.1300048828125,578.4099731445312,578.9010009765625,1052246
2026-03-26 16:35:00+00:00,578.9199829101562,579.22998046875,578.5800170898438,578.6257934570312,705950
2026-03-26 16:40:00+00:00,578.6099853515625,578.9949951171875,578.52001953125,578.8250122070312,785054
2026-03-26 16:45:00+00:00,578.8200073242188,579.0399780273438,578.1701049804688,578.4299926757812,743511
2026-03-26 16:50:00+00:00,578.4400024414062,578.8610229492188,578.1900024414062,578.760009765625,666126
2026-03-26 16:55:00+00:00,578.77001953125,578.9000244140625,578.5549926757812,578.8200073242188,503555
2026-03-26 17:00:00+00:00,578.8300170898438,579.2899780273438,578.469970703125,578.5449829101562,667199
2026-03-26 17:05:00+00:00,578.5399780273438,578.8900146484375,578.469970703125,578.625,345586
2026-03-26 17:10:00+00:00,578.6199951171875,578.6199951171875,578.0399780273438,578.0900268554688,406704
2026-03-26 17:15:00+00:00,578.0850219726562,578.47998046875,578.0399780273438,578.3099975585938,480795
2026-03-26 17:20:00+00:00,578.3150024414062,578.3200073242188,577.4600219726562,577.489990234375,676734
2026-03-26 17:25:00+00:00,577.4749755859375,577.8200073242188,577.2750244140625,577.8049926757812,762542
2026-03-26 17:30:00+00:00,577.77001953125,578.1849975585938,577.3585815429688,578.1699829101562,588333
2026-03-26 17:35:00+00:00,578.1699829101562,578.22998046875,577.5399780273438,577.5900268554688,400441
2026-03-26 17:40:00+00:00,577.5811157226562,577.5811157226562,576.8900146484375,576.97998046875,661000
2026-03-26 17:45:00+00:00,576.97998046875,577.1300048828125,576.4400024414062,576.4699096679688,815172
2026-03-26 17:50:00+00:00,576.4500122070312,576.469970703125,575.7999877929688,575.8599853515625,833905
2026-03-26 17:55:00+00:00,575.8699951171875,575.989990234375,575.3099975585938,575.5599975585938,895392
2026-03-26 18:00:00+00:00,575.52001953125,576.489990234375,575.510009765625,575.989990234375,810914
2026-03-26 18:05:00+00:00,575.9949951171875,576.2899780273438,575.6199951171875,576.1998901367188,705347
2026-03-26 18:10:00+00:00,576.2100219726562,576.2999267578125,575.75,575.9099731445312,597677
2026-03-26 18:15:00+00:00,575.9199829101562,575.989013671875,575.5800170898438,575.760009765625,555523
2026-03-26 18:20:00+00:00,575.75,576.1599731445312,575.5,576.059326171875,468659
2026-03-26 18:25:00+00:00,576.0599975585938,576.1799926757812,575.1699829101562,575.2349853515625,779383
2026-03-26 18:30:00+00:00,575.2349853515625,575.8400268554688,575.219970703125,575.72998046875,614805
2026-03-26 18:35:00+00:00,575.719970703125,575.9400024414062,575.4500122070312,575.89501953125,672807
2026-03-26 18:40:00+00:00,575.9099731445312,576.030029296875,575.25,575.5399780273438,649103
2026-03-26 18:45:00+00:00,575.530029296875,576.0250244140625,575.3200073242188,575.97998046875,596665
2026-03-26 18:50:00+00:00,575.969970703125,576.2598876953125,575.7899780273438,576.1900024414062,976492
2026-03-26 18:55:00+00:00,576.1799926757812,576.1799926757812,575.6099853515625,576.0800170898438,776777
2026-03-26 19:00:00+00:00,576.0900268554688,576.1500244140625,575.4500122070312,575.5999755859375,653402
2026-03-26 19:05:00+00:00,575.6099853515625,575.6500244140625,574.719970703125,574.9600219726562,953099
2026-03-26 19:10:00+00:00,574.9600219726562,575.0650024414062,574.6599731445312,574.9996948242188,1024096
2026-03-26 19:15:00+00:00,575.0,575.489990234375,574.9699096679688,575.4000244140625,1117279
2026-03-26 19:20:00+00:00,575.3900146484375,575.4099731445312,574.9600219726562,575.0164794921875,613579
2026-03-26 19:25:00+00:00,575.0050048828125,575.10498046875,574.6099853515625,575.0999755859375,922318
2026-03-26 19:30:00+00:00,575.1099853515625,575.1900024414062,574.3699951171875,574.5999755859375,1185074
2026-03-26 19:35:00+00:00,574.5999755859375,575.0,574.5,574.6799926757812,1005148
2026-03-26 19:40:00+00:00,574.6715087890625,574.89990234375,574.25,574.385009765625,1697947
2026-03-26 19:45:00+00:00,574.3900146484375,574.4949951171875,574.0700073242188,574.469970703125,1363284
2026-03-26 19:50:00+00:00,574.469970703125,574.5700073242188,573.52001953125,573.6099853515625,1648292
2026-03-26 19:55:00+00:00,573.5999755859375,574.1300048828125,573.4310302734375,573.7100219726562,4112588
2026-03-27 13:30:00+00:00,570.8099975585938,571.02001953125,568.4600219726562,568.635009765625,5695464
2026-03-27 13:35:00+00:00,568.6400146484375,569.844970703125,567.97998046875,569.3699951171875,2295635
2026-03-27 13:40:00+00:00,569.3800048828125,570.0399780273438,568.8187866210938,569.282470703125,1490130
2026-03-27 13:45:00+00:00,569.280029296875,570.614990234375,569.260009765625,569.875,1381560
2026-03-27 13:50:00+00:00,569.885009765625,570.1199951171875,567.5800170898438,567.6900024414062,1436847
2026-03-27 13:55:00+00:00,567.739990234375,567.739990234375,566.4058837890625,566.719970703125,1386667
2026-03-27 14:00:00+00:00,566.6900024414062,567.5599975585938,566.1500244140625,567.3099975585938,1723737
2026-03-27 14:05:00+00:00,567.3300170898438,567.5150146484375,566.6300048828125,566.6900024414062,1160739
2026-03-27 14:10:00+00:00,566.7000122070312,568.0700073242188,566.6599731445312,567.6400146484375,1330268
2026-03-27 14:15:00+00:00,567.6300048828125,568.469970703125,567.4500122070312,568.0999755859375,968330
2026-03-27 14:20:00+00:00,568.0900268554688,568.4400024414062,566.8200073242188,567.2100219726562,1071629
2026-03-27 14:25:00+00:00,567.22998046875,567.719970703125,566.489990234375,566.530029296875,842136
2026-03-27 14:30:00+00:00,566.52001953125,567.25,566.4500122070312,566.989990234375,837564
2026-03-27 14:35:00+00:00,567.0,567.1199951171875,565.8300170898438,566.0499877929688,845948
2026-03-27 14:40:00+00:00,566.0499877929688,566.5800170898438,565.9600219726562,566.2999877929688,762932
2026-03-27 14:45:00+00:00,566.3200073242188,567.5900268554688,565.6599731445312,567.5700073242188,1167813
2026-03-27 14:50:00+00:00,567.5599975585938,567.9849853515625,566.739990234375,566.8499755859375,854309
2026-03-27 14:55:00+00:00,566.8599853515625,567.489990234375,566.8300170898438,567.3599853515625,627071
2026-03-27 15:00:00+00:00,567.3499755859375,568.0750122070312,567.1799926757812,567.8900146484375,762192
2026-03-27 15:05:00+00:00,567.9000244140625,568.4000244140625,567.2000122070312,567.4400024414062,1035911
2026-03-27 15:10:00+00:00,567.4299926757812,567.6599731445312,566.9450073242188,566.9650268554688,644552
2026-03-27 15:15:00+00:00,566.969970703125,567.0499877929688,566.1801147460938,566.52001953125,781809
2026-03-27 15:20:00+00:00,566.530029296875,568.6898803710938,566.0900268554688,567.5700073242188,1500754
2026-03-27 15:25:00+00:00,568.0399780273438,568.4949951171875,567.9600219726562,568.4500122070312,1181468
2026-03-27 15:30:00+00:00,568.4600219726562,569.6900024414062,568.1599731445312,569.4199829101562,1372431
2026-03-27 15:35:00+00:00,569.4199829101562,569.7100219726562,568.5025024414062,568.5999755859375,1065224
2026-03-27 15:40:00+00:00,568.5999755859375,568.6300048828125,567.5599975585938,568.10498046875,1046027
2026-03-27 15:45:00+00:00,568.1099853515625,568.64501953125,568.010009765625,568.52001953125,786791
2026-03-27 15:50:00+00:00,568.510009765625,568.9498901367188,568.3699951171875,568.5599975585938,888851
2026-03-27 15:55:00+00:00,568.5850219726562,568.739990234375,568.1699829101562,568.2933959960938,623915
2026-03-27 16:00:00+00:00,568.2999877929688,568.4500122070312,567.7000122070312,568.0399780273438,731515
2026-03-27 16:05:00+00:00,568.0499877929688,568.10498046875,567.2000122070312,567.2100219726562,854526
2026-03-27 16:10:00+00:00,567.219970703125,567.469970703125,566.8900146484375,567.469970703125,762843
2026-03-27 16:15:00+00:00,567.469970703125,567.52001953125,566.8599853515625,567.0599975585938,854440
2026-03-27 16:20:00+00:00,567.0800170898438,567.4199829101562,566.9099731445312,566.9400024414062,622915
2026-03-27 16:25:00+00:00,566.9400024414062,566.969970703125,566.469970703125,566.6749877929688,709523
2026-03-27 16:30:00+00:00,566.6699829101562,566.8499755859375,566.489990234375,566.5599975585938,508142
2026-03-27 16:35:00+00:00,566.5599975585938,566.64990234375,565.9099731445312,565.97998046875,679508
2026-03-27 16:40:00+00:00,565.9749755859375,566.6599731445312,565.739990234375,566.469970703125,746143
2026-03-27 16:45:00+00:00,566.4650268554688,567.3800048828125,566.2999877929688,567.2879028320312,696198
2026-03-27 16:50:00+00:00,567.280029296875,567.4149780273438,566.469970703125,566.6199951171875,483640
2026-03-27 16:55:00+00:00,566.6199951171875,566.6599731445312,566.3800048828125,566.4500122070312,333667
2026-03-27 17:00:00+00:00,566.4500122070312,566.5999755859375,565.7899780273438,566.1400146484375,609230
2026-03-27 17:05:00+00:00,566.1500244140625,567.760009765625,565.8400268554688,566.7650146484375,1230452
2026-03-27 17:10:00+00:00,566.72998046875,566.8300170898438,565.980224609375,566.2650146484375,486497
2026-03-27 17:15:00+00:00,566.280029296875,566.3200073242188,565.4349975585938,565.5399780273438,579527
2026-03-27 17:20:00+00:00,565.5399780273438,565.5499877929688,564.989990234375,565.219970703125,709208
2026-03-27 17:25:00+00:00,565.22998046875,565.22998046875,564.1500244140625,564.1900024414062,888526
2026-03-27 17:30:00+00:00,564.1610107421875,564.8250122070312,564.1500244140625,564.739990234375,788029
2026-03-27 17:35:00+00:00,564.739990234375,564.9149780273438,564.4000244140625,564.4349975585938,604951
2026-03-27 17:40:00+00:00,564.4324951171875,564.4600219726562,563.7899780273438,563.9099731445312,658991
2026-03-27 17:45:00+00:00,563.885009765625,564.22998046875,563.75,563.8099975585938,774572
2026-03-27 17:50:00+00:00,563.7899780273438,564.0700073242188,563.7000122070312,563.8599853515625,880892
2026-03-27 17:55:00+00:00,563.8699951171875,563.9749755859375,563.3599853515625,563.6900024414062,788224
2026-03-27 18:00:00+00:00,563.6900024414062,563.8150024414062,563.5,563.5650024414062,698688
2026-03-27 18:05:00+00:00,563.5700073242188,563.7899780273438,563.0850219726562,563.119873046875,825137
2026-03-27 18:10:00+00:00,563.1199951171875,563.469970703125,562.9199829101562,563.3599853515625,872802
2026-03-27 18:15:00+00:00,563.3800048828125,563.97998046875,563.1699829101562,563.9199829101562,968518
2026-03-27 18:20:00+00:00,563.9249877929688,564.1099853515625,563.3499755859375,563.489990234375,820584
2026-03-27 18:25:00+00:00,563.530029296875,563.9199829101562,563.3900146484375,563.7550048828125,499165
2026-03-27 18:30:00+00:00,563.72998046875,563.969970703125,563.5700073242188,563.8734130859375,611761
2026-03-27 18:35:00+00:00,563.8800048828125,563.9500122070312,563.4849853515625,563.7050170898438,503015
2026-03-27 18:40:00+00:00,563.7100219726562,564.5599975585938,563.3599853515625,563.8300170898438,962075
2026-03-27 18:45:00+00:00,563.8300170898438,563.9099731445312,563.3699951171875,563.4299926757812,509397
2026-03-27 18:50:00+00:00,563.4450073242188,563.5900268554688,562.9099731445312,563.10498046875,832373
2026-03-27 18:55:00+00:00,563.0900268554688,563.3250122070312,562.9600219726562,563.2299194335938,676956
2026-03-27 19:00:00+00:00,563.219970703125,563.5399780273438,562.7100219726562,562.8049926757812,871109
2026-03-27 19:05:00+00:00,562.7999877929688,563.0800170898438,562.5599975585938,562.72998046875,860761
2026-03-27 19:10:00+00:00,562.719970703125,563.1898803710938,562.5150146484375,563.10498046875,716885
2026-03-27 19:15:00+00:00,563.1099853515625,563.719970703125,563.0399780273438,563.5800170898438,678587
2026-03-27 19:20:00+00:00,563.5700073242188,563.5700073242188,562.9400024414062,563.4299926757812,824458
2026-03-27 19:25:00+00:00,563.4299926757812,563.4351196289062,562.8599853515625,563.02001953125,699896
2026-03-27 19:30:00+00:00,563.0399780273438,563.4500122070312,562.9099731445312,563.4299926757812,1073754
2026-03-27 19:35:00+00:00,563.4299926757812,563.4749755859375,562.969970703125,562.989990234375,937349
2026-03-27 19:40:00+00:00,562.989990234375,563.0449829101562,562.3499755859375,562.594970703125,1243004
2026-03-27 19:45:00+00:00,562.5900268554688,562.6699829101562,561.8087768554688,562.3250122070312,1580408
2026-03-27 19:50:00+00:00,562.3099975585938,562.869873046875,561.5700073242188,562.4801025390625,2089303
2026-03-27 19:55:00+00:00,562.5,563.4749755859375,562.3900146484375,562.5,3137007
2026-03-30 13:30:00+00:00,567.344970703125,568.0399780273438,566.1300048828125,566.2600708007812,4714457
2026-03-30 13:35:00+00:00,566.2899780273438,566.3599853515625,564.97998046875,565.3200073242188,1711114
2026-03-30 13:40:00+00:00,565.3099975585938,565.3099975585938,564.0999755859375,564.5650024414062,1771956
2026-03-30 13:45:00+00:00,564.5499877929688,564.8699951171875,563.5999755859375,563.7000122070312,1408839
2026-03-30 13:50:00+00:00,563.7100219726562,564.1300048828125,563.3400268554688,563.3599853515625,1108526
2026-03-30 13:55:00+00:00,563.3300170898438,563.4600219726562,562.1099853515625,562.3699951171875,1386504
2026-03-30 14:00:00+00:00,562.3499755859375,563.27001953125,562.280029296875,563.0900268554688,1104430
2026-03-30 14:05:00+00:00,563.0900268554688,563.489990234375,562.27001953125,563.4207153320312,848306
2026-03-30 14:10:00+00:00,563.4099731445312,564.280029296875,562.97998046875,563.8900146484375,1069211
2026-03-30 14:15:00+00:00,563.8900146484375,564.1300048828125,562.7100219726562,563.2550048828125,787272
2026-03-30 14:20:00+00:00,563.22998046875,563.969970703125,563.0900268554688,563.6500244140625,498422
2026-03-30 14:25:00+00:00,563.6799926757812,563.8200073242188,562.6599731445312,562.9249877929688,574519
2026-03-30 14:30:00+00:00,562.8800048828125,563.5999755859375,562.75,562.9500122070312,601298
2026-03-30 14:35:00+00:00,562.9749755859375,563.0999755859375,562.0,562.5999755859375,762189
2026-03-30 14:40:00+00:00,562.5999755859375,563.0291748046875,561.3699951171875,561.64990234375,1100895
2026-03-30 14:45:00+00:00,561.6500244140625,563.77001953125,561.5700073242188,562.4299926757812,1324589
2026-03-30 14:50:00+00:00,562.4400024414062,563.1900024414062,562.114990234375,563.030029296875,789762
2026-03-30 14:55:00+00:00,563.02001953125,564.1799926757812,562.489990234375,564.14501953125,807263
2026-03-30 15:00:00+00:00,564.1500244140625,565.0399780273438,564.1500244140625,565.02001953125,1063669
2026-03-30 15:05:00+00:00,565.030029296875,565.5399780273438,563.1300048828125,563.280029296875,914255
2026-03-30 15:10:00+00:00,563.3200073242188,563.719970703125,562.5900268554688,562.6799926757812,505105
2026-03-30 15:15:00+00:00,562.6900024414062,562.780029296875,561.844970703125,562.4998779296875,845257
2026-03-30 15:20:00+00:00,562.510009765625,563.2899780273438,562.4099731445312,563.2163696289062,889646
2026-03-30 15:25:00+00:00,563.2000122070312,563.6950073242188,562.9299926757812,563.0,485930
2026-03-30 15:30:00+00:00,562.97998046875,564.4299926757812,562.6099853515625,564.3200073242188,752803
2026-03-30 15:35:00+00:00,564.3300170898438,564.909912109375,563.9299926757812,564.0150146484375,871595
2026-03-30 15:40:00+00:00,564.010009765625,564.8200073242188,563.8250122070312,564.7449951171875,647593
2026-03-30 15:45:00+00:00,564.739990234375,564.8200073242188,564.2100219726562,564.6599731445312,531399
2026-03-30 15:50:00+00:00,564.6900024414062,565.47998046875,564.6199951171875,564.7550048828125,823995
2026-03-30 15:55:00+00:00,564.75,564.75,563.9149780273438,564.0549926757812,609689
2026-03-30 16:00:00+00:00,564.0499877929688,564.1749877929688,562.8099975585938,562.9099731445312,799619
2026-03-30 16:05:00+00:00,562.9299926757812,563.135009765625,562.5,562.8400268554688,736177
2026-03-30 16:10:00+00:00,562.8200073242188,563.39501953125,562.7100219726562,563.110107421875,501620
2026-03-30 16:15:00+00:00,563.0830078125,563.1099853515625,562.2999877929688,562.469970703125,451704
2026-03-30 16:20:00+00:00,562.47998046875,562.7899780273438,562.0999755859375,562.2999267578125,605284
2026-03-30 16:25:00+00:00,562.280029296875,562.3800048828125,561.6300048828125,561.6624755859375,726983
2026-03-30 16:30:00+00:00,561.6699829101562,562.1296997070312,561.489990234375,561.969970703125,739265
2026-03-30 16:35:00+00:00,561.9600219726562,562.6298217773438,561.7999877929688,562.4600219726562,526069
2026-03-30 16:40:00+00:00,562.4600219726562,562.530029296875,562.0999755859375,562.2899169921875,441774
2026-03-30 16:45:00+00:00,562.2899780273438,562.419921875,561.97998046875,562.1099853515625,310283
2026-03-30 16:50:00+00:00,562.0999755859375,562.5369873046875,561.9299926757812,561.9500122070312,295560
2026-03-30 16:55:00+00:00,561.9500122070312,562.1063842773438,561.6900024414062,561.969970703125,732007
2026-03-30 17:00:00+00:00,561.9600219726562,562.4099731445312,561.3300170898438,561.3699951171875,645616
2026-03-30 17:05:00+00:00,561.375,562.1500244140625,561.3099975585938,561.8098754882812,724516
2026-03-30 17:10:00+00:00,561.8200073242188,561.9000244140625,560.9199829101562,561.010009765625,769900
2026-03-30 17:15:00+00:00,561.0,561.1950073242188,560.219970703125,560.719970703125,824074
2026-03-30 17:20:00+00:00,560.7100219726562,560.8800048828125,560.0549926757812,560.2100219726562,668068
2026-03-30 17:25:00+00:00,560.2100219726562,560.3300170898438,559.6500244140625,559.7698974609375,827101
2026-03-30 17:30:00+00:00,559.77001953125,559.8200073242188,559.1599731445312,559.2999877929688,830829
2026-03-30 17:35:00+00:00,559.2949829101562,560.0399780273438,559.1199951171875,559.9898071289062,817397
2026-03-30 17:40:00+00:00,559.969970703125,560.6500244140625,559.7899780273438,560.52001953125,518450
2026-03-30 17:45:00+00:00,560.510009765625,561.1400146484375,560.0499877929688,560.1199951171875,1107974
2026-03-30 17:50:00+00:00,560.110107421875,560.4500122070312,559.8836059570312,560.0999755859375,632383
2026-03-30 17:55:00+00:00,560.0900268554688,560.1799926757812,559.6900024414062,560.0999755859375,501978
2026-03-30 18:00:00+00:00,560.094970703125,560.1400146484375,559.6400146484375,559.6950073242188,686047
2026-03-30 18:05:00+00:00,559.7000122070312,560.030029296875,559.2100219726562,559.4400024414062,521143
2026-03-30 18:10:00+00:00,559.4500122070312,559.7899780273438,559.3399047851562,559.6649780273438,430889
2026-03-30 18:15:00+00:00,559.6500244140625,559.9400024414062,559.3400268554688,559.8599853515625,430955
2026-03-30 18:20:00+00:00,559.8499755859375,560.0800170898438,559.3900146484375,559.4749755859375,495615
2026-03-30 18:25:00+00:00,559.4849853515625,559.510009765625,558.7100219726562,558.7319946289062,515578
2026-03-30 18:30:00+00:00,558.75,559.1849975585938,558.7000122070312,559.0499877929688,459868
2026-03-30 18:35:00+00:00,559.0499877929688,559.6900024414062,558.8350219726562,558.844970703125,502515
2026-03-30 18:40:00+00:00,558.844970703125,559.0399780273438,558.719970703125,558.77001953125,558333
2026-03-30 18:45:00+00:00,558.7949829101562,559.0800170898438,558.4450073242188,558.47998046875,642354
2026-03-30 18:50:00+00:00,558.47998046875,558.5050048828125,557.8599853515625,558.1300048828125,1097293
2026-03-30 18:55:00+00:00,558.1500244140625,558.3699951171875,557.77001953125,557.9199829101562,672583
2026-03-30 19:00:00+00:00,557.9199829101562,558.1400146484375,557.655029296875,557.8400268554688,911681
2026-03-30 19:05:00+00:00,557.8400268554688,557.85498046875,556.7999877929688,556.8150024414062,1173213
2026-03-30 19:10:00+00:00,556.8150024414062,556.8900146484375,555.9099731445312,556.10498046875,1281781
2026-03-30 19:15:00+00:00,556.094970703125,556.5499877929688,556.0900268554688,556.2999877929688,604275
2026-03-30 19:20:00+00:00,556.280029296875,556.489990234375,555.97998046875,556.1199951171875,502053
2026-03-30 19:25:00+00:00,556.114990234375,556.1799926757812,555.5999755859375,555.880126953125,690272
2026-03-30 19:30:00+00:00,555.9099731445312,556.4000244140625,555.6199951171875,555.760009765625,742794
2026-03-30 19:35:00+00:00,555.760009765625,556.9299926757812,555.7550048828125,556.4099731445312,976400
2026-03-30 19:40:00+00:00,556.4199829101562,557.1500244140625,556.4199829101562,556.9500122070312,823788
2026-03-30 19:45:00+00:00,556.9500122070312,557.739990234375,556.8701171875,557.4110107421875,986893
2026-03-30 19:50:00+00:00,557.4099731445312,558.3099975585938,557.0399780273438,558.2401123046875,1477291
2026-03-30 19:55:00+00:00,558.22998046875,558.97998046875,558.0700073242188,558.2703247070312,2501157
2026-03-31 13:30:00+00:00,564.2899780273438,566.135009765625,564.22998046875,566.1099853515625,5089082
2026-03-31 13:35:00+00:00,566.0900268554688,566.1500244140625,564.8099975585938,565.8099975585938,1661881
2026-03-31 13:40:00+00:00,565.780029296875,566.3499755859375,564.8900146484375,565.0999755859375,1808856
2026-03-31 13:45:00+00:00,565.1199951171875,567.8599853515625,565.1199951171875,567.8300170898438,1488786
2026-03-31 13:50:00+00:00,567.8699951171875,568.5599975585938,567.1099853515625,568.469970703125,1216418
2026-03-31 13:55:00+00:00,568.4598999023438,568.8300170898438,567.3599853515625,568.7550048828125,1179647
2026-03-31 14:00:00+00:00,568.739990234375,569.0399780273438,568.0599975585938,568.5399780273438,1369700
2026-03-31 14:05:00+00:00,568.530029296875,568.5499877929688,567.0349731445312,567.135009765625,986924
2026-03-31 14:10:00+00:00,567.1799926757812,568.0399780273438,567.02001953125,567.72802734375,873092
2026-03-31 14:15:00+00:00,567.72998046875,568.8699951171875,567.2899780273438,568.3300170898438,1273556
2026-03-31 14:20:00+00:00,568.35498046875,568.8250122070312,567.239990234375,568.5599975585938,1150505
2026-03-31 14:25:00+00:00,568.5599975585938,568.97998046875,568.1109008789062,568.739990234375,1004255
2026-03-31 14:30:00+00:00,568.72998046875,569.2100219726562,568.1699829101562,568.5700073242188,1270352
2026-03-31 14:35:00+00:00,568.5800170898438,568.760009765625,567.27001953125,567.5999755859375,885152
2026-03-31 14:40:00+00:00,567.6099853515625,568.0499877929688,566.5800170898438,566.9099731445312,988888
2026-03-31 14:45:00+00:00,566.9000244140625,567.2000122070312,565.8300170898438,565.880126953125,753260
2026-03-31 14:50:00+00:00,565.8800048828125,566.0,564.72998046875,564.9299926757812,1124524
2026-03-31 14:55:00+00:00,564.9099731445312,565.1300048828125,564.2100219726562,564.97802734375,1318784
2026-03-31 15:00:00+00:00,564.97998046875,566.4000244140625,564.9600219726562,566.239990234375,1105217
2026-03-31 15:05:00+00:00,566.219970703125,567.52001953125,566.1400146484375,566.5800170898438,956339
2026-03-31 15:10:00+00:00,566.5499877929688,568.3300170898438,566.4000244140625,568.2000122070312,789316
2026-03-31 15:15:00+00:00,568.2000122070312,568.530029296875,567.8200073242188,567.9400024414062,919038
2026-03-31 15:20:00+00:00,567.9400024414062,568.0700073242188,567.02001953125,567.969970703125,695565
2026-03-31 15:25:00+00:00,567.97998046875,568.1300048828125,566.72998046875,566.9525756835938,605803
2026-03-31 15:30:00+00:00,566.9500122070312,567.010009765625,566.159912109375,566.9600830078125,643701
2026-03-31 15:35:00+00:00,566.9400024414062,567.6199951171875,566.9400024414062,567.2399291992188,675678
2026-03-31 15:40:00+00:00,567.25,567.3099975585938,566.60498046875,566.75,350237
2026-03-31 15:45:00+00:00,566.739990234375,566.75,566.0700073242188,566.5399169921875,551099
2026-03-31 15:50:00+00:00,566.530029296875,567.3800048828125,566.3099975585938,566.8300170898438,591387
2026-03-31 15:55:00+00:00,566.8300170898438,567.02001953125,565.760009765625,565.8599853515625,481822
2026-03-31 16:00:00+00:00,565.8599853515625,567.3400268554688,565.6199951171875,566.6799926757812,623018
2026-03-31 16:05:00+00:00,566.7000122070312,567.9299926757812,566.6600952148438,567.6950073242188,564788
2026-03-31 16:10:00+00:00,567.719970703125,567.72998046875,566.6901245117188,567.510009765625,656568
2026-03-31 16:15:00+00:00,567.530029296875,568.239990234375,567.530029296875,567.8499755859375,545436
2026-03-31 16:20:00+00:00,567.8499755859375,568.6199951171875,567.6119995117188,568.5999755859375,537554
2026-03-31 16:25:00+00:00,568.6400146484375,568.760009765625,568.0999755859375,568.3400268554688,592617
2026-03-31 16:30:00+00:00,568.3400268554688,568.3699951171875,567.969970703125,568.25,346484
2026-03-31 16:35:00+00:00,568.2301025390625,571.25,567.9000244140625,571.2000122070312,1725106
2026-03-31 16:40:00+00:00,571.1900024414062,575.7100219726562,571.0999755859375,573.8300170898438,4144359
2026-03-31 16:45:00+00:00,573.8300170898438,574.8800048828125,571.8800048828125,573.375,2018405
2026-03-31 16:50:00+00:00,573.4000244140625,574.8800048828125,572.27001953125,573.6400146484375,1655452
2026-03-31 16:55:00+00:00,573.6099853515625,573.8699951171875,572.719970703125,573.7399291992188,871683
2026-03-31 17:00:00+00:00,573.780029296875,575.8699951171875,573.6500244140625,575.3499755859375,1719025
2026-03-31 17:05:00+00:00,575.3598022460938,575.4000244140625,573.4099731445312,573.7698974609375,1163557
2026-03-31 17:10:00+00:00,573.77001953125,575.155029296875,573.6300048828125,575.0894775390625,658460
2026-03-31 17:15:00+00:00,575.0800170898438,576.2100219726562,575.0,575.9849853515625,1354874
2026-03-31 17:20:00+00:00,575.9600219726562,576.1300048828125,575.3800048828125,575.6400146484375,1038305
2026-03-31 17:25:00+00:00,575.6599731445312,575.77001953125,574.239990234375,574.47998046875,1029200
2026-03-31 17:30:00+00:00,574.510009765625,575.8900146484375,574.4199829101562,575.7697143554688,985914
2026-03-31 17:35:00+00:00,575.760009765625,576.0900268554688,573.4619750976562,574.2000122070312,1883788
2026-03-31 17:40:00+00:00,574.1900024414062,574.8499755859375,573.489990234375,574.030029296875,803014
2026-03-31 17:45:00+00:00,574.02001953125,574.8300170898438,573.7899780273438,574.5800170898438,592527
2026-03-31 17:50:00+00:00,574.6099853515625,574.9000244140625,574.0499877929688,574.27001953125,589804
2026-03-31 17:55:00+00:00,574.280029296875,574.3099975585938,573.114013671875,573.4500122070312,648792
2026-03-31 18:00:00+00:00,573.4199829101562,574.6799926757812,573.4199829101562,574.219970703125,651672
2026-03-31 18:05:00+00:00,574.2299194335938,575.1199951171875,574.135009765625,574.8699951171875,662878
2026-03-31 18:10:00+00:00,574.8699951171875,574.9400024414062,574.1599731445312,574.8250122070312,603973
2026-03-31 18:15:00+00:00,574.7999877929688,575.3499755859375,574.75,574.9949951171875,859153
2026-03-31 18:20:00+00:00,575.0,575.0700073242188,574.4500122070312,574.530029296875,542525
2026-03-31 18:25:00+00:00,574.5499267578125,575.5499877929688,574.260009765625,575.0599975585938,619238
2026-03-31 18:30:00+00:00,575.030029296875,575.25,574.52001953125,574.9000244140625,923586
2026-03-31 18:35:00+00:00,574.9099731445312,575.9600219726562,574.739990234375,575.7000122070312,1113194
2026-03-31 18:40:00+00:00,575.6599731445312,575.719970703125,575.0599975585938,575.3099975585938,728675
2026-03-31 18:45:00+00:00,575.3366088867188,576.0,575.3150024414062,575.635009765625,839053
2026-03-31 18:50:00+00:00,575.6799926757812,576.1400146484375,575.614990234375,575.8300170898438,710148
2026-03-31 18:55:00+00:00,575.8049926757812,576.0300903320312,575.6900024414062,575.780029296875,2155664
2026-03-31 19:00:00+00:00,575.7700805664062,576.3200073242188,575.7100219726562,576.0900268554688,916606
2026-03-31 19:05:00+00:00,576.0800170898438,576.0999755859375,575.239990234375,575.5399780273438,886367
2026-03-31 19:10:00+00:00,575.5349731445312,576.530029296875,575.5,576.3800048828125,1034423
2026-03-31 19:15:00+00:00,576.3800048828125,576.9749755859375,576.219970703125,576.489990234375,1366501
2026-03-31 19:20:00+00:00,576.52001953125,577.0700073242188,576.4500122070312,576.7999877929688,1117344
2026-03-31 19:25:00+00:00,576.7949829101562,576.8200073242188,576.27001953125,576.4400024414062,953969
2026-03-31 19:30:00+00:00,576.4500122070312,576.9500122070312,576.2899780273438,576.5399780273438,1049096
2026-03-31 19:35:00+00:00,576.5399780273438,577.25,576.5,577.125,1826436
2026-03-31 19:40:00+00:00,577.1300048828125,577.3499755859375,576.6599731445312,577.0599975585938,1526293
2026-03-31 19:45:00+00:00,577.0399780273438,577.969970703125,576.85498046875,577.8099975585938,1723845
2026-03-31 19:50:00+00:00,577.8200073242188,578.6400146484375,576.72998046875,577.1300048828125,2387439
2026-03-31 19:55:00+00:00,577.1400146484375,577.6799926757812,576.3499755859375,577.1900024414062,3868060
2026-04-01 13:30:00+00:00,581.47998046875,583.2999877929688,580.4199829101562,583.1400146484375,6072983
2026-04-01 13:35:00+00:00,583.1599731445312,584.0260009765625,582.6400146484375,583.8400268554688,1356592
2026-04-01 13:40:00+00:00,583.8699951171875,583.8699951171875,581.030029296875,581.6599731445312,1835530
2026-04-01 13:45:00+00:00,581.6400146484375,582.3300170898438,580.7999877929688,581.1400146484375,1266318
2026-04-01 13:50:00+00:00,581.1300048828125,582.72998046875,580.9299926757812,581.7000122070312,1119303
2026-04-01 13:55:00+00:00,581.719970703125,582.4299926757812,581.3800048828125,582.1798706054688,530413
2026-04-01 14:00:00+00:00,582.1799926757812,583.3699951171875,581.969970703125,582.8800048828125,885171
2026-04-01 14:05:00+00:00,582.8900146484375,583.5897827148438,582.260009765625,583.1599731445312,1270216
2026-04-01 14:10:00+00:00,583.1500244140625,583.3699951171875,582.5,583.3099975585938,807739
2026-04-01 14:15:00+00:00,583.3099975585938,583.7999877929688,583.02001953125,583.6300048828125,699946
2026-04-01 14:20:00+00:00,583.6099853515625,584.3599853515625,583.0700073242188,583.5800170898438,1235510
2026-04-01 14:25:00+00:00,583.5850219726562,584.0800170898438,583.469970703125,583.8300170898438,608167
2026-04-01 14:30:00+00:00,583.8400268554688,584.530029296875,583.0,583.1500244140625,1183124
2026-04-01 14:35:00+00:00,583.1500244140625,585.1300048828125,582.52001953125,584.4349975585938,1472147
2026-04-01 14:40:00+00:00,584.4299926757812,584.6799926757812,583.3900146484375,584.27001953125,871840
2026-04-01 14:45:00+00:00,584.2789916992188,585.1400146484375,583.5800170898438,584.9500122070312,959975
2026-04-01 14:50:00+00:00,584.9299926757812,585.5700073242188,584.480712890625,585.2550048828125,1166298
2026-04-01 14:55:00+00:00,585.22998046875,585.7999877929688,584.9000244140625,585.5700073242188,1082536
2026-04-01 15:00:00+00:00,585.5700073242188,586.0900268554688,585.3599853515625,585.5900268554688,901729
2026-04-01 15:05:00+00:00,585.5599975585938,586.2050170898438,585.4550170898438,586.0999755859375,946544
2026-04-01 15:10:00+00:00,586.10498046875,586.1199951171875,585.6199951171875,585.7100219726562,905388
2026-04-01 15:15:00+00:00,585.719970703125,586.0449829101562,585.5,586.0050048828125,675714
2026-04-01 15:20:00+00:00,585.97998046875,586.1599731445312,585.5900268554688,585.760009765625,607954
2026-04-01 15:25:00+00:00,585.780029296875,586.02001953125,585.2949829101562,585.3099975585938,804613
2026-04-01 15:30:00+00:00,585.3200073242188,585.6599731445312,584.8599853515625,585.5700073242188,768342
2026-04-01 15:35:00+00:00,585.5800170898438,586.280029296875,585.5576171875,586.1199951171875,893160
2026-04-01 15:40:00+00:00,586.0999755859375,586.35498046875,585.6900024414062,586.280029296875,740731
2026-04-01 15:45:00+00:00,586.27001953125,586.5700073242188,586.0800170898438,586.2650146484375,594505
2026-04-01 15:50:00+00:00,586.27001953125,586.6599731445312,586.1099853515625,586.5650024414062,524325
2026-04-01 15:55:00+00:00,586.5650024414062,587.1799926757812,586.530029296875,586.875,947723
2026-04-01 16:00:00+00:00,586.8800048828125,587.1099243164062,586.659912109375,586.9000244140625,572841
2026-04-01 16:05:00+00:00,586.9099731445312,587.1900024414062,586.72998046875,587.1400146484375,700997
2026-04-01 16:10:00+00:00,587.1500244140625,587.2000122070312,586.5,586.60498046875,813139
2026-04-01 16:15:00+00:00,586.5875244140625,587.260009765625,586.4400024414062,587.1099853515625,680760
2026-04-01 16:20:00+00:00,587.094970703125,587.1099853515625,586.7899780273438,586.8099975585938,273850
2026-04-01 16:25:00+00:00,586.8400268554688,587.0599975585938,586.5999755859375,586.6649780273438,553939
2026-04-01 16:30:00+00:00,586.6799926757812,586.8049926757812,586.27001953125,586.7100830078125,427683
2026-04-01 16:35:00+00:00,586.719970703125,587.0399780273438,586.7000122070312,586.8350219726562,425545
2026-04-01 16:40:00+00:00,586.8200073242188,587.239990234375,586.8049926757812,587.1799926757812,509411
2026-04-01 16:45:00+00:00,587.1799926757812,587.239990234375,586.878173828125,587.1300048828125,336392
2026-04-01 16:50:00+00:00,587.1599731445312,587.3099975585938,587.0750122070312,587.1900024414062,322724
2026-04-01 16:55:00+00:00,587.1699829101562,587.25,586.97998046875,587.0374145507812,358698
2026-04-01 17:00:00+00:00,587.0499877929688,587.6900024414062,586.9201049804688,587.5900268554688,692715
2026-04-01 17:05:00+00:00,587.5800170898438,587.739013671875,587.4400024414062,587.489990234375,642769
2026-04-01 17:10:00+00:00,587.5,587.6599731445312,587.4299926757812,587.594970703125,405742
2026-04-01 17:15:00+00:00,587.593505859375,587.6849975585938,587.4500122070312,587.510009765625,453160
2026-04-01 17:20:00+00:00,587.5150146484375,587.6699829101562,587.3150024414062,587.5,456582
2026-04-01 17:25:00+00:00,587.510009765625,587.5399780273438,587.2899780273438,587.3400268554688,378960
2026-04-01 17:30:00+00:00,587.3474731445312,587.5499877929688,586.719970703125,586.7449951171875,511502
2026-04-01 17:35:00+00:00,586.75,587.27197265625,586.719970703125,587.0700073242188,531713
2026-04-01 17:40:00+00:00,587.0800170898438,587.27001953125,586.6799926757812,586.8200073242188,775963
2026-04-01 17:45:00+00:00,586.8499755859375,586.9500122070312,586.5499877929688,586.6500244140625,368415
2026-04-01 17:50:00+00:00,586.6599731445312,586.7899780273438,586.4000244140625,586.510009765625,558428
2026-04-01 17:55:00+00:00,586.5349731445312,586.625,585.7000122070312,585.760009765625,1184309
2026-04-01 18:00:00+00:00,585.7501220703125,585.9500122070312,584.510009765625,584.8599853515625,1559952
2026-04-01 18:05:00+00:00,584.8300170898438,585.27001953125,584.7000122070312,584.9349975585938,1268476
2026-04-01 18:10:00+00:00,584.9349975585938,585.27001953125,584.77001953125,584.7899169921875,677674
2026-04-01 18:15:00+00:00,584.760009765625,584.7899780273438,583.469970703125,583.8499755859375,1493805
2026-04-01 18:20:00+00:00,583.8099975585938,584.0599975585938,582.77001953125,582.969970703125,1686106
2026-04-01 18:25:00+00:00,582.989990234375,583.6798095703125,582.7000122070312,583.0250244140625,1323852
2026-04-01 18:30:00+00:00,583.030029296875,583.25,582.6199951171875,582.7849731445312,1258801
2026-04-01 18:35:00+00:00,582.7899780273438,583.4954223632812,582.3264770507812,583.22998046875,1370070
2026-04-01 18:40:00+00:00,583.22998046875,584.27001953125,583.1900024414062,583.6699829101562,1198322
2026-04-01 18:45:00+00:00,583.6699829101562,583.8099975585938,583.090087890625,583.3901977539062,941244
2026-04-01 18:50:00+00:00,583.39501953125,583.4901123046875,582.8800048828125,583.35498046875,516708
2026-04-01 18:55:00+00:00,583.3499755859375,583.380126953125,582.9749755859375,583.1699829101562,522457
2026-04-01 19:00:00+00:00,583.1649780273438,583.8300170898438,583.0599975585938,583.5449829101562,701614
2026-04-01 19:05:00+00:00,583.5599975585938,584.219970703125,583.5150146484375,584.0349731445312,760129
2026-04-01 19:10:00+00:00,584.0299072265625,584.1799926757812,583.5599975585938,584.0,711945
2026-04-01 19:15:00+00:00,584.030029296875,584.52001953125,583.7650146484375,584.47998046875,869119
2026-04-01 19:20:00+00:00,584.4650268554688,584.6799926757812,584.2103271484375,584.635009765625,983502
2026-04-01 19:25:00+00:00,584.6300048828125,585.2999877929688,584.6298828125,585.030029296875,1261327
2026-04-01 19:30:00+00:00,585.0399780273438,585.2249755859375,584.4099731445312,584.7050170898438,1112586
2026-04-01 19:35:00+00:00,584.739990234375,585.0374145507812,584.280029296875,584.9099731445312,1102689
2026-04-01 19:40:00+00:00,584.9099731445312,585.510009765625,584.8599853515625,584.9299926757812,682153
2026-04-01 19:45:00+00:00,584.9299926757812,585.239990234375,584.7999877929688,585.0449829101562,1043584
2026-04-01 19:50:00+00:00,585.0700073242188,585.2000122070312,584.0399780273438,584.3800048828125,1817921
2026-04-01 19:55:00+00:00,584.3699951171875,584.5399780273438,583.8200073242188,584.2899780273438,3884901
2026-04-02 13:30:00+00:00,573.969970703125,575.288818359375,573.9099731445312,574.5499877929688,4978279
2026-04-02 13:35:00+00:00,574.5599975585938,574.5599975585938,572.1099853515625,572.1649780273438,1072973
2026-04-02 13:40:00+00:00,572.1950073242188,573.3800048828125,571.9199829101562,572.6699829101562,1316828
2026-04-02 13:45:00+00:00,572.719970703125,574.6500244140625,572.3300170898438,574.135009765625,1149493
2026-04-02 13:50:00+00:00,574.135009765625,576.3499755859375,573.9099731445312,575.9500122070312,1306818
2026-04-02 13:55:00+00:00,575.9500122070312,577.4262084960938,575.72998046875,577.1900024414062,1285388
2026-04-02 14:00:00+00:00,577.2000122070312,577.719970703125,576.385009765625,576.7000122070312,1532652
2026-04-02 14:05:00+00:00,576.7100219726562,578.3499755859375,576.2349853515625,577.9600219726562,1290201
2026-04-02 14:10:00+00:00,577.9500122070312,578.77001953125,577.530029296875,578.030029296875,921009
2026-04-02 14:15:00+00:00,578.0399780273438,579.5999755859375,577.9500122070312,579.0900268554688,1076602
2026-04-02 14:20:00+00:00,579.0999755859375,579.7000122070312,578.8099975585938,579.1370239257812,917920
2026-04-02 14:25:00+00:00,579.0999755859375,579.2000122070312,578.1400146484375,578.22998046875,773486
2026-04-02 14:30:00+00:00,578.25,580.3292846679688,577.9700927734375,580.0684204101562,873927
2026-04-02 14:35:00+00:00,580.0599975585938,585.9899291992188,579.989990234375,584.7000122070312,3033844
2026-04-02 14:40:00+00:00,584.635009765625,584.8099975585938,582.5599975585938,584.489990234375,1410863
2026-04-02 14:45:00+00:00,584.469970703125,584.7100219726562,582.4199829101562,582.4700927734375,1012144
2026-04-02 14:50:00+00:00,582.4500122070312,583.2799072265625,581.3300170898438,582.9998779296875,1001022
2026-04-02 14:55:00+00:00,582.9299926757812,584.489990234375,582.8900146484375,583.8300170898438,588671
2026-04-02 15:00:00+00:00,583.8200073242188,583.8800048828125,582.1300048828125,583.5700073242188,840797
2026-04-02 15:05:00+00:00,583.5399780273438,583.7449951171875,582.5499877929688,583.5250244140625,398049
2026-04-02 15:10:00+00:00,583.4600219726562,584.739990234375,583.3099975585938,583.9439697265625,520537
2026-04-02 15:15:00+00:00,584.010009765625,584.489990234375,583.2999877929688,583.9705810546875,465304
2026-04-02 15:20:00+00:00,583.989990234375,584.010009765625,582.510009765625,583.3599853515625,521776
2026-04-02 15:25:00+00:00,583.344970703125,584.47998046875,582.6599731445312,583.9600219726562,537612
2026-04-02 15:30:00+00:00,584.0399780273438,584.1400146484375,582.9400024414062,583.6099853515625,390532
2026-04-02 15:35:00+00:00,583.6099853515625,584.7000122070312,583.469970703125,584.030029296875,476458
2026-04-02 15:40:00+00:00,584.030029296875,584.2899780273438,583.1719970703125,584.0999755859375,401835
2026-04-02 15:45:00+00:00,584.1199951171875,584.1199951171875,582.8499755859375,582.9619750976562,350470
2026-04-02 15:50:00+00:00,582.9299926757812,583.3200073242188,581.72998046875,583.1296997070312,509120
2026-04-02 15:55:00+00:00,583.0599975585938,583.4299926757812,582.469970703125,582.8703002929688,319360
2026-04-02 16:00:00+00:00,582.8594970703125,583.5800170898438,582.4000244140625,582.635009765625,317731
2026-04-02 16:05:00+00:00,582.6300048828125,582.9000244140625,581.5999755859375,582.4099731445312,281235
2026-04-02 16:10:00+00:00,582.4199829101562,582.6799926757812,581.8900146484375,582.2901000976562,343955
2026-04-02 16:15:00+00:00,582.2650146484375,582.6099853515625,581.3499755859375,581.3800048828125,357676
2026-04-02 16:20:00+00:00,581.3900146484375,582.0,580.969970703125,581.3900146484375,533977
2026-04-02 16:25:00+00:00,581.4000244140625,582.2000122070312,581.1699829101562,581.6998901367188,367570
2026-04-02 16:30:00+00:00,581.6699829101562,582.9000244140625,581.3599853515625,582.5017700195312,482590
2026-04-02 16:35:00+00:00,582.5001220703125,582.77001953125,581.27001953125,582.0999755859375,497781
2026-04-02 16:40:00+00:00,582.0499877929688,583.8499755859375,582.0200805664062,583.0999755859375,676701
2026-04-02 16:45:00+00:00,583.1199951171875,583.469970703125,582.6300048828125,583.0009155273438,382257
2026-04-02 16:50:00+00:00,583.010009765625,583.4000244140625,582.6799926757812,583.219970703125,242860
2026-04-02 16:55:00+00:00,583.2050170898438,583.2050170898438,582.47998046875,582.52001953125,311285
2026-04-02 17:00:00+00:00,582.52001953125,582.8200073242188,581.969970703125,582.6799926757812,295909
2026-04-02 17:05:00+00:00,582.6599731445312,582.9199829101562,582.3599853515625,582.64501953125,276107
2026-04-02 17:10:00+00:00,582.6500244140625,583.6199951171875,582.4400024414062,583.3499755859375,336907
2026-04-02 17:15:00+00:00,583.3099975585938,583.9600219726562,583.22998046875,583.5700073242188,385677
2026-04-02 17:20:00+00:00,583.5599975585938,583.9199829101562,583.3599853515625,583.7308959960938,322063
2026-04-02 17:25:00+00:00,583.760009765625,583.9500122070312,583.510009765625,583.5399169921875,216069
2026-04-02 17:30:00+00:00,583.5599975585938,583.6599731445312,583.0402221679688,583.219970703125,208267
2026-04-02 17:35:00+00:00,583.2100219726562,583.219970703125,582.780029296875,583.1580200195312,337217
2026-04-02 17:40:00+00:00,583.1599731445312,583.2988891601562,582.6099853515625,582.9299926757812,322702
2026-04-02 17:45:00+00:00,582.9299926757812,582.97998046875,581.3400268554688,581.4099731445312,366777
2026-04-02 17:50:00+00:00,581.35498046875,581.9199829101562,581.1400146484375,581.9000244140625,429027
2026-04-02 17:55:00+00:00,581.9299926757812,582.1199951171875,581.4500122070312,581.8099975585938,226284
2026-04-02 18:00:00+00:00,581.8150024414062,582.5798950195312,581.8150024414062,582.5700073242188,255041
2026-04-02 18:05:00+00:00,582.5700073242188,583.0800170898438,582.4450073242188,582.69677734375,230701
2026-04-02 18:10:00+00:00,582.7094116210938,583.0407104492188,582.52001953125,582.6300048828125,227858
2026-04-02 18:15:00+00:00,582.6300048828125,582.9199829101562,582.3300170898438,582.6400146484375,205936
2026-04-02 18:20:00+00:00,582.6699829101562,582.719970703125,582.385009765625,582.3900146484375,161823
2026-04-02 18:25:00+00:00,582.3800048828125,582.3800048828125,581.989990234375,582.1799926757812,307523
2026-04-02 18:30:00+00:00,582.1959838867188,582.47998046875,582.0499877929688,582.405029296875,255599
2026-04-02 18:35:00+00:00,582.4000244140625,582.5,582.0599975585938,582.27001953125,246969
2026-04-02 18:40:00+00:00,582.2000122070312,583.1599731445312,582.1799926757812,582.9500122070312,292297
2026-04-02 18:45:00+00:00,582.9600219726562,583.219970703125,582.780029296875,583.0599975585938,338655
2026-04-02 18:50:00+00:00,583.0700073242188,583.5399780273438,582.8800048828125,583.2899780273438,307492
2026-04-02 18:55:00+00:00,583.2999877929688,583.2999877929688,582.8699951171875,582.9641723632812,244873
2026-04-02 19:00:00+00:00,583.0,583.3800048828125,582.9299926757812,583.1790161132812,285375
2026-04-02 19:05:00+00:00,583.1400146484375,583.5900268554688,583.1400146484375,583.5150146484375,318288
2026-04-02 19:10:00+00:00,583.510009765625,583.9600219726562,583.4400024414062,583.5299072265625,293951
2026-04-02 19:15:00+00:00,583.530029296875,583.64990234375,583.0700073242188,583.280029296875,345624
2026-04-02 19:20:00+00:00,583.27001953125,583.5700073242188,582.8499755859375,583.1799926757812,319040
2026-04-02 19:25:00+00:00,583.1799926757812,583.1799926757812,582.840087890625,583.1290283203125,331012
2026-04-02 19:30:00+00:00,583.11962890625,583.3599853515625,582.9099731445312,583.090087890625,257490
2026-04-02 19:35:00+00:00,583.0999755859375,583.5050048828125,583.0501098632812,583.469970703125,255756
2026-04-02 19:40:00+00:00,583.47998046875,583.6900024414062,583.0900268554688,583.0999755859375,488800
2026-04-02 19:45:00+00:00,583.1099853515625,583.39501953125,582.9700927734375,583.27001953125,472566
2026-04-02 19:50:00+00:00,583.260009765625,584.625,583.260009765625,584.530029296875,941675
2026-04-02 19:55:00+00:00,584.530029296875,585.0900268554688,584.4000244140625,584.9600219726562,1749930
2026-04-06 13:30:00+00:00,586.2000122070312,588.719970703125,586.1300048828125,588.3400268554688,2724424
2026-04-06 13:35:00+00:00,588.3400268554688,588.780029296875,585.72998046875,586.9099731445312,1308322
2026-04-06 13:40:00+00:00,586.9199829101562,588.1500244140625,586.1300048828125,587.6998901367188,674642
2026-04-06 13:45:00+00:00,587.6799926757812,589.02001953125,587.6599731445312,588.5,812512
2026-04-06 13:50:00+00:00,588.5499877929688,589.5999755859375,588.3800048828125,588.9000244140625,845643
2026-04-06 13:55:00+00:00,588.9299926757812,589.6599731445312,588.47998046875,589.5501098632812,566473
2026-04-06 14:00:00+00:00,589.5599975585938,590.6099853515625,586.7000122070312,586.8049926757812,1118699
2026-04-06 14:05:00+00:00,586.77001953125,587.4400024414062,586.3200073242188,587.4000244140625,936334
2026-04-06 14:10:00+00:00,587.3699951171875,588.3099975585938,586.489990234375,588.2150268554688,669411
2026-04-06 14:15:00+00:00,588.260009765625,588.7999877929688,587.9400024414062,588.5900268554688,545006
2026-04-06 14:20:00+00:00,588.5999755859375,589.1500244140625,588.4199829101562,588.7999877929688,331981
2026-04-06 14:25:00+00:00,588.780029296875,588.9299926757812,588.1300048828125,588.52001953125,473904
2026-04-06 14:30:00+00:00,588.510009765625,589.1300048828125,588.231689453125,588.530029296875,586388
2026-04-06 14:35:00+00:00,588.5700073242188,588.9199829101562,586.6712036132812,587.0899047851562,771610
2026-04-06 14:40:00+00:00,587.0399780273438,588.1099853515625,587.0050048828125,587.3798828125,748798
2026-04-06 14:45:00+00:00,587.3300170898438,587.4000244140625,586.0800170898438,586.27001953125,532996
2026-04-06 14:50:00+00:00,586.3200073242188,587.2000122070312,586.2899780273438,586.9199829101562,532430
2026-04-06 14:55:00+00:00,586.9199829101562,587.6286010742188,586.52001953125,587.1400146484375,462938
2026-04-06 15:00:00+00:00,587.1500244140625,587.8900146484375,586.8200073242188,587.3499755859375,370167
2026-04-06 15:05:00+00:00,587.3300170898438,587.75,586.8519897460938,587.5599975585938,393942
2026-04-06 15:10:00+00:00,587.5399780273438,587.5595092773438,586.830078125,587.3150024414062,369063
2026-04-06 15:15:00+00:00,587.2650146484375,587.5499877929688,586.9000244140625,587.0999755859375,218392
2026-04-06 15:20:00+00:00,587.1699829101562,587.3798828125,586.5900268554688,586.7199096679688,258712
2026-04-06 15:25:00+00:00,586.6699829101562,586.9099731445312,586.219970703125,586.5399780273438,212402
2026-04-06 15:30:00+00:00,586.5399780273438,586.6599731445312,585.8699951171875,586.344970703125,374067
2026-04-06 15:35:00+00:00,586.344970703125,586.6799926757812,585.8900146484375,586.6199951171875,531192
2026-04-06 15:40:00+00:00,586.5700073242188,586.9299926757812,586.3599853515625,586.8300170898438,153423
2026-04-06 15:45:00+00:00,586.8250122070312,587.2999877929688,586.6599731445312,587.1300048828125,498943
2026-04-06 15:50:00+00:00,587.0800170898438,587.75,586.969970703125,587.6099853515625,232895
2026-04-06 15:55:00+00:00,587.5900268554688,587.619873046875,587.1300048828125,587.530029296875,264618
2026-04-06 16:00:00+00:00,587.5549926757812,587.6599731445312,586.9299926757812,586.9400024414062,173925
2026-04-06 16:05:00+00:00,586.9199829101562,587.25,586.6699829101562,586.6701049804688,237098
2026-04-06 16:10:00+00:00,586.6898803710938,587.1699829101562,586.5900268554688,587.0886840820312,197936
2026-04-06 16:15:00+00:00,587.0900268554688,587.298828125,586.8250122070312,587.0098876953125,199988
2026-04-06 16:20:00+00:00,586.9899291992188,587.3800048828125,586.8699951171875,587.1849975585938,119895
2026-04-06 16:25:00+00:00,587.1500244140625,587.530029296875,587.1500244140625,587.2744750976562,379901
2026-04-06 16:30:00+00:00,587.280029296875,587.6099853515625,587.0399780273438,587.5800170898438,278119
2026-04-06 16:35:00+00:00,587.5850219726562,588.0999755859375,587.5399780273438,587.6599731445312,307835
2026-04-06 16:40:00+00:00,587.6900024414062,587.8701171875,587.469970703125,587.8200073242188,138265
2026-04-06 16:45:00+00:00,587.8099975585938,588.0526123046875,587.7100219726562,587.9299926757812,123054
2026-04-06 16:50:00+00:00,587.9598999023438,588.02001953125,587.1699829101562,587.52001953125,259701
2026-04-06 16:55:00+00:00,587.5250244140625,587.6400146484375,587.0599975585938,587.2100219726562,253419
2026-04-06 17:00:00+00:00,587.2091064453125,587.2799072265625,585.97998046875,586.489990234375,555443
2026-04-06 17:05:00+00:00,586.489990234375,586.7899780273438,586.1199951171875,586.4749755859375,274759
2026-04-06 17:10:00+00:00,586.5,586.5399780273438,584.6900024414062,585.260009765625,946032
2026-04-06 17:15:00+00:00,585.25,585.9550170898438,585.0449829101562,585.8250122070312,371290
2026-04-06 17:20:00+00:00,585.7899780273438,586.7999877929688,585.3400268554688,586.77001953125,343219
2026-04-06 17:25:00+00:00,586.77001953125,587.280029296875,586.5900268554688,587.1500244140625,374715
2026-04-06 17:30:00+00:00,587.1599731445312,587.7899780273438,586.9500122070312,587.260009765625,401870
2026-04-06 17:35:00+00:00,587.2141723632812,587.5195922851562,586.8400268554688,586.9998779296875,216916
2026-04-06 17:40:00+00:00,586.8800048828125,587.010009765625,586.5499877929688,586.8040161132812,349805
2026-04-06 17:45:00+00:00,586.780029296875,586.7999877929688,586.2949829101562,586.5501098632812,234916
2026-04-06 17:50:00+00:00,586.5700073242188,586.6500244140625,586.1300048828125,586.3200073242188,175614
2026-04-06 17:55:00+00:00,586.3499755859375,586.5399780273438,586.0800170898438,586.0999755859375,180096
2026-04-06 18:00:00+00:00,586.135009765625,586.239990234375,585.7100219726562,585.7999877929688,376687
2026-04-06 18:05:00+00:00,585.780029296875,586.4398803710938,585.780029296875,586.3701171875,324506
2026-04-06 18:10:00+00:00,586.3800048828125,587.6099853515625,586.3599853515625,587.0900268554688,393079
2026-04-06 18:15:00+00:00,587.0499877929688,587.9000244140625,587.0499877929688,587.7775268554688,436280
2026-04-06 18:20:00+00:00,587.77001953125,588.4949951171875,587.52001953125,588.2100219726562,522388
2026-04-06 18:25:00+00:00,588.22998046875,588.4010009765625,587.6599731445312,587.97998046875,361384
2026-04-06 18:30:00+00:00,587.97998046875,588.344970703125,587.5399780273438,587.77001953125,293503
2026-04-06 18:35:00+00:00,587.77001953125,588.02001953125,587.7150268554688,587.7150268554688,140037
2026-04-06 18:40:00+00:00,587.72998046875,587.8800048828125,587.6201782226562,587.8399047851562,188692
2026-04-06 18:45:00+00:00,587.8800048828125,588.1599731445312,587.739990234375,587.9500732421875,136344
2026-04-06 18:50:00+00:00,587.9749755859375,588.25,587.9299926757812,588.1400146484375,172664
2026-04-06 18:55:00+00:00,588.1300048828125,588.260009765625,588.0700073242188,588.2000122070312,191107
2026-04-06 19:00:00+00:00,588.22998046875,588.2849731445312,587.989990234375,588.2390747070312,165882
2026-04-06 19:05:00+00:00,588.219970703125,588.280029296875,587.8300170898438,587.8800048828125,284403
2026-04-06 19:10:00+00:00,587.8699951171875,588.0800170898438,587.7100219726562,588.0501098632812,236326
2026-04-06 19:15:00+00:00,588.0499877929688,588.1400146484375,587.7755737304688,587.9299926757812,160915
2026-04-06 19:20:00+00:00,587.9550170898438,588.14501953125,587.8250122070312,587.9199829101562,158017
2026-04-06 19:25:00+00:00,587.9199829101562,588.0700073242188,587.8300170898438,587.85498046875,174101
2026-04-06 19:30:00+00:00,587.85498046875,588.1099853515625,587.7600708007812,588.0100708007812,268291
2026-04-06 19:35:00+00:00,588.0189208984375,588.1599731445312,587.9199829101562,588.030029296875,290811
2026-04-06 19:40:00+00:00,588.02001953125,588.0999755859375,587.6400146484375,588.0499877929688,287905
2026-04-06 19:45:00+00:00,588.010009765625,588.5700073242188,587.97998046875,588.5449829101562,368575
2026-04-06 19:50:00+00:00,588.5499877929688,588.8300170898438,588.0700073242188,588.135009765625,617810
2026-04-06 19:55:00+00:00,587.9199829101562,588.6500244140625,587.8900146484375,588.530029296875,1075641
2026-04-07 13:30:00+00:00,586.0800170898438,586.0800170898438,584.5499877929688,585.1599731445312,3464289
2026-04-07 13:35:00+00:00,585.1300048828125,586.0900268554688,584.6599731445312,584.9099731445312,691356
2026-04-07 13:40:00+00:00,584.9099731445312,585.4000244140625,584.3480834960938,584.5449829101562,662867
2026-04-07 13:45:00+00:00,584.5599975585938,584.697998046875,583.3599853515625,583.8099975585938,812284
2026-04-07 13:50:00+00:00,583.7899780273438,584.6799926757812,583.3400268554688,584.5750122070312,629434
2026-04-07 13:55:00+00:00,584.5382080078125,584.7578125,582.6599731445312,582.6900024414062,505578
2026-04-07 14:00:00+00:00,582.6699829101562,582.9099731445312,581.52001953125,581.6900024414062,856051
2026-04-07 14:05:00+00:00,581.7100219726562,581.719970703125,579.6900024414062,580.2899780273438,1335611
2026-04-07 14:10:00+00:00,580.2750244140625,580.8599853515625,580.1500244140625,580.6699829101562,836217
2026-04-07 14:15:00+00:00,580.655029296875,581.469970703125,580.5601196289062,581.1300048828125,638508
2026-04-07 14:20:00+00:00,581.2000122070312,582.969970703125,581.080078125,582.6699829101562,761710
2026-04-07 14:25:00+00:00,582.6849975585938,582.7100219726562,581.6300048828125,582.3735961914062,633131
2026-04-07 14:30:00+00:00,582.4299926757812,583.239990234375,581.7999877929688,582.5,493777
2026-04-07 14:35:00+00:00,582.481201171875,582.6199951171875,581.5999755859375,581.9400024414062,452980
2026-04-07 14:40:00+00:00,581.9237060546875,582.1500244140625,581.2202758789062,581.5700073242188,321516
2026-04-07 14:45:00+00:00,581.5700073242188,582.739990234375,581.360107421875,581.6900024414062,513841
2026-04-07 14:50:00+00:00,581.6699829101562,581.780029296875,580.9600219726562,581.3499755859375,506511
2026-04-07 14:55:00+00:00,581.3400268554688,581.3400268554688,579.97998046875,580.0250244140625,522931
2026-04-07 15:00:00+00:00,580.030029296875,580.1699829101562,579.1199951171875,579.24951171875,673723
2026-04-07 15:05:00+00:00,578.739990234375,579.0499877929688,578.4099731445312,579.0198974609375,698279
2026-04-07 15:10:00+00:00,579.010009765625,580.260009765625,579.010009765625,579.9000244140625,664514
2026-04-07 15:15:00+00:00,579.9500122070312,581.8800048828125,579.75,580.989990234375,830701
2026-04-07 15:20:00+00:00,580.9749755859375,581.0499877929688,580.4099731445312,580.4556884765625,219488
2026-04-07 15:25:00+00:00,580.4500122070312,581.4600219726562,580.4299926757812,581.3900146484375,254140
2026-04-07 15:30:00+00:00,581.3800048828125,581.7999877929688,580.9299926757812,581.5700073242188,303172
2026-04-07 15:35:00+00:00,581.510009765625,582.0499877929688,580.9515991210938,581.2000122070312,488572
2026-04-07 15:40:00+00:00,581.1799926757812,581.5050048828125,580.8300170898438,581.1099853515625,280563
2026-04-07 15:45:00+00:00,581.1300048828125,581.752685546875,581.0800170898438,581.6580810546875,135344
2026-04-07 15:50:00+00:00,581.77001953125,581.9600219726562,581.22998046875,581.8599853515625,188520
2026-04-07 15:55:00+00:00,581.8300170898438,582.97998046875,581.77001953125,582.4000244140625,410543
2026-04-07 16:00:00+00:00,582.4550170898438,585.5399780273438,582.3599853515625,584.0800170898438,939194
2026-04-07 16:05:00+00:00,584.0599975585938,584.3250122070312,583.3001098632812,583.3250122070312,445851
2026-04-07 16:10:00+00:00,583.3499145507812,583.9199829101562,583.25,583.6300048828125,295003
2026-04-07 16:15:00+00:00,583.6300048828125,584.1699829101562,583.3599853515625,583.719970703125,249107
2026-04-07 16:20:00+00:00,583.7100219726562,585.280029296875,583.469970703125,584.4901123046875,695257
2026-04-07 16:25:00+00:00,584.4500122070312,585.0260009765625,584.1799926757812,584.4000244140625,352143
2026-04-07 16:30:00+00:00,584.3800048828125,584.780029296875,584.1500244140625,584.75,202702
2026-04-07 16:35:00+00:00,584.7686157226562,584.8800048828125,584.0435180664062,584.3104858398438,214104
2026-04-07 16:40:00+00:00,584.3300170898438,584.8350219726562,584.1599731445312,584.75,263714
2026-04-07 16:45:00+00:00,584.780029296875,585.6199951171875,584.7349853515625,585.1506958007812,329905
2026-04-07 16:50:00+00:00,585.1500244140625,585.4498901367188,584.9600219726562,585.219970703125,222554
2026-04-07 16:55:00+00:00,585.2150268554688,585.2150268554688,584.6199951171875,584.6900024414062,269097
2026-04-07 17:00:00+00:00,584.6799926757812,585.5,584.4000244140625,585.1900024414062,463491
2026-04-07 17:05:00+00:00,585.1699829101562,585.364990234375,584.9000244140625,584.97998046875,208435
2026-04-07 17:10:00+00:00,584.9500122070312,585.1156005859375,584.5800170898438,584.6699829101562,168830
2026-04-07 17:15:00+00:00,584.6400146484375,584.9199829101562,584.2899780273438,584.4802856445312,732117
2026-04-07 17:20:00+00:00,584.5050048828125,584.52001953125,583.9000244140625,584.2750244140625,307411
2026-04-07 17:25:00+00:00,584.2899780273438,584.5180053710938,583.9000244140625,584.3200073242188,228663
2026-04-07 17:30:00+00:00,584.3400268554688,585.409912109375,584.2108154296875,585.3200073242188,342052
2026-04-07 17:35:00+00:00,585.3499755859375,586.97998046875,585.3350219726562,586.0499877929688,589368
2026-04-07 17:40:00+00:00,586.0549926757812,586.0800170898438,585.2318115234375,585.3599853515625,413887
2026-04-07 17:45:00+00:00,585.3499755859375,585.4979858398438,585.0225219726562,585.4550170898438,272014
2026-04-07 17:50:00+00:00,585.469970703125,585.919921875,585.3400268554688,585.6002197265625,323416
2026-04-07 17:55:00+00:00,585.5750122070312,585.6500244140625,585.010009765625,585.22998046875,206487
2026-04-07 18:00:00+00:00,585.25,585.5399169921875,585.0499877929688,585.1099853515625,149713
2026-04-07 18:05:00+00:00,585.1199951171875,585.1298828125,584.6300048828125,584.8300170898438,209490
2026-04-07 18:10:00+00:00,584.8400268554688,585.0,584.5800170898438,584.8800048828125,323909
2026-04-07 18:15:00+00:00,584.8599853515625,585.2492065429688,584.739990234375,585.1400756835938,151525
2026-04-07 18:20:00+00:00,585.0999755859375,585.239990234375,584.35498046875,584.4500122070312,280198
2026-04-07 18:25:00+00:00,584.47998046875,584.72998046875,584.2999877929688,584.469970703125,225345
2026-04-07 18:30:00+00:00,584.45068359375,584.7100219726562,584.239990234375,584.52001953125,148589
2026-04-07 18:35:00+00:00,584.510009765625,584.6199951171875,584.147705078125,584.3099975585938,152634
2026-04-07 18:40:00+00:00,584.3300170898438,584.3699951171875,583.510009765625,583.8150024414062,481246
2026-04-07 18:45:00+00:00,583.8101196289062,583.889892578125,583.239990234375,583.3499755859375,215519
2026-04-07 18:50:00+00:00,583.3400268554688,583.4000244140625,582.3099975585938,582.5399780273438,593896
2026-04-07 18:55:00+00:00,582.5300903320312,582.5900268554688,581.6599731445312,582.260009765625,778238
2026-04-07 19:00:00+00:00,582.22998046875,582.9099731445312,582.0,582.52001953125,378062
2026-04-07 19:05:00+00:00,582.52001953125,582.9600219726562,581.8300170898438,582.3099975585938,689306
2026-04-07 19:10:00+00:00,582.27001953125,583.0750122070312,582.260009765625,583.0098876953125,914270
2026-04-07 19:15:00+00:00,583.010009765625,586.3099975585938,582.8499755859375,585.8900146484375,928713
2026-04-07 19:20:00+00:00,585.8400268554688,586.9400024414062,584.5399780273438,585.239990234375,1310806
2026-04-07 19:25:00+00:00,585.1900024414062,585.302001953125,584.3699951171875,585.0499877929688,673735
2026-04-07 19:30:00+00:00,584.9600219726562,585.1900024414062,584.739990234375,584.9199829101562,349699
2026-04-07 19:35:00+00:00,584.9000244140625,584.9600219726562,584.4199829101562,584.7000732421875,317954
2026-04-07 19:40:00+00:00,584.7000122070312,586.0150146484375,584.5599975585938,585.6077880859375,481045
2026-04-07 19:45:00+00:00,585.5900268554688,588.0,585.1901245117188,586.6300048828125,1646818
2026-04-07 19:50:00+00:00,586.719970703125,588.0,586.719970703125,587.619873046875,1124034
2026-04-07 19:55:00+00:00,587.5700073242188,588.97998046875,587.5700073242188,588.719970703125,1568254
2026-04-08 13:30:00+00:00,608.7100219726562,609.8800048828125,607.0700073242188,607.75,6840968
2026-04-08 13:35:00+00:00,607.72998046875,608.2000122070312,606.5499877929688,606.8187255859375,1400706
2026-04-08 13:40:00+00:00,606.8200073242188,606.9650268554688,606.0,606.2349853515625,2052728
2026-04-08 13:45:00+00:00,606.219970703125,607.719970703125,606.1500244140625,607.530029296875,1471962
2026-04-08 13:50:00+00:00,607.52001953125,607.52001953125,605.5499877929688,605.77001953125,1567408
2026-04-08 13:55:00+00:00,605.72998046875,606.29931640625,605.4099731445312,605.780029296875,1692891
2026-04-08 14:00:00+00:00,605.77001953125,606.3300170898438,605.5900268554688,605.9359741210938,800822
2026-04-08 14:05:00+00:00,605.9600219726562,606.1099853515625,604.8599853515625,605.6751708984375,1450962
2026-04-08 14:10:00+00:00,605.6900024414062,605.969970703125,605.2149047851562,605.6751708984375,1159867
2026-04-08 14:15:00+00:00,605.6900024414062,606.0599975585938,605.0599975585938,605.35498046875,935045
2026-04-08 14:20:00+00:00,605.3699951171875,606.030029296875,605.260009765625,605.7100219726562,507586
2026-04-08 14:25:00+00:00,605.7100219726562,605.760009765625,605.0800170898438,605.1500244140625,649122
2026-04-08 14:30:00+00:00,605.2000122070312,605.4299926757812,604.5599975585938,605.0449829101562,691392
2026-04-08 14:35:00+00:00,605.0560913085938,605.3200073242188,604.52001953125,604.9249877929688,862810
2026-04-08 14:40:00+00:00,604.9199829101562,605.2999877929688,604.5399780273438,604.6199951171875,555316
2026-04-08 14:45:00+00:00,604.6300048828125,604.760009765625,603.8599853515625,604.5800170898438,1029995
2026-04-08 14:50:00+00:00,604.5999755859375,604.7000122070312,603.5700073242188,604.010009765625,501123
2026-04-08 14:55:00+00:00,603.989990234375,603.989990234375,602.1300048828125,603.6900024414062,1339725
2026-04-08 15:00:00+00:00,603.7100219726562,604.9199829101562,603.6500244140625,604.530029296875,793836
2026-04-08 15:05:00+00:00,604.4949951171875,604.7100219726562,603.6099853515625,603.6099853515625,667634
2026-04-08 15:10:00+00:00,603.6199951171875,604.52001953125,603.35009765625,604.4000244140625,468754
2026-04-08 15:15:00+00:00,604.4000244140625,604.7667236328125,603.969970703125,604.7150268554688,357315
2026-04-08 15:20:00+00:00,604.7100219726562,604.7899780273438,604.1500244140625,604.5449829101562,312910
2026-04-08 15:25:00+00:00,604.5599975585938,604.5999755859375,604.0999755859375,604.1699829101562,484944
2026-04-08 15:30:00+00:00,604.2100219726562,604.8099975585938,604.0,604.780029296875,510391
2026-04-08 15:35:00+00:00,604.780029296875,605.3699951171875,604.6201171875,605.25,870900
2026-04-08 15:40:00+00:00,605.22998046875,605.2849731445312,604.719970703125,605.27001953125,434020
2026-04-08 15:45:00+00:00,605.2849731445312,605.8599853515625,605.280029296875,605.7999877929688,614086
2026-04-08 15:50:00+00:00,605.8098754882812,605.989990234375,605.739990234375,605.8099975585938,481154
2026-04-08 15:55:00+00:00,605.7999877929688,606.0399780273438,605.719970703125,605.7899780273438,382813
2026-04-08 16:00:00+00:00,605.780029296875,606.7000122070312,605.760009765625,606.3350219726562,731622
2026-04-08 16:05:00+00:00,606.3400268554688,606.4199829101562,606.109619140625,606.2100219726562,245533
2026-04-08 16:10:00+00:00,606.2100219726562,606.3826293945312,605.8400268554688,605.8599853515625,334311
2026-04-08 16:15:00+00:00,605.8599853515625,606.030029296875,605.4099731445312,605.7802734375,444182
2026-04-08 16:20:00+00:00,605.7899780273438,606.1099853515625,605.5599975585938,606.010009765625,310985
2026-04-08 16:25:00+00:00,606.010009765625,606.280029296875,605.7899780273438,606.2000122070312,568104
2026-04-08 16:30:00+00:00,606.2100219726562,606.6199951171875,606.0499877929688,606.583984375,209189
2026-04-08 16:35:00+00:00,606.5609130859375,606.7899169921875,606.489990234375,606.7603149414062,347688
2026-04-08 16:40:00+00:00,606.77001953125,607.2349853515625,606.75,607.0900268554688,435375
2026-04-08 16:45:00+00:00,607.0800170898438,607.4199829101562,607.030029296875,607.2901000976562,457809
2026-04-08 16:50:00+00:00,607.2999877929688,607.5,607.260009765625,607.4600219726562,295650
2026-04-08 16:55:00+00:00,607.469970703125,607.7050170898438,607.25,607.3499755859375,351068
2026-04-08 17:00:00+00:00,607.3499755859375,607.6900024414062,607.2550048828125,607.280029296875,357968
2026-04-08 17:05:00+00:00,607.2899780273438,607.3099975585938,606.8599853515625,606.9600219726562,267123
2026-04-08 17:10:00+00:00,606.9498901367188,607.125,606.7999877929688,606.9000244140625,227457
2026-04-08 17:15:00+00:00,606.89501953125,607.0499267578125,606.4600219726562,606.6199951171875,413276
2026-04-08 17:20:00+00:00,606.6099853515625,606.8300170898438,606.030029296875,606.1599731445312,490955
2026-04-08 17:25:00+00:00,606.1799926757812,606.3422241210938,605.6600952148438,605.89501953125,655940
2026-04-08 17:30:00+00:00,605.8800048828125,606.2999877929688,605.8378295898438,606.0599975585938,260277
2026-04-08 17:35:00+00:00,606.0598754882812,606.2999877929688,605.4949951171875,606.02001953125,471658
2026-04-08 17:40:00+00:00,605.9957275390625,606.280029296875,605.8800048828125,606.1699829101562,367704
2026-04-08 17:45:00+00:00,606.1599731445312,606.3275756835938,606.0,606.0499877929688,295807
2026-04-08 17:50:00+00:00,606.0700073242188,606.22998046875,606.0050048828125,606.0399780273438,460448
2026-04-08 17:55:00+00:00,606.02001953125,606.219970703125,605.9600219726562,606.2039184570312,550627
2026-04-08 18:00:00+00:00,606.2000122070312,606.8049926757812,605.8388061523438,606.8049926757812,641504
2026-04-08 18:05:00+00:00,606.7899780273438,607.0999755859375,606.6900024414062,607.0599975585938,510232
2026-04-08 18:10:00+00:00,607.0700073242188,607.0999755859375,606.6900024414062,606.8499755859375,518412
2026-04-08 18:15:00+00:00,606.8419799804688,607.0900268554688,604.72998046875,605.25,696522
2026-04-08 18:20:00+00:00,605.1599731445312,605.8499755859375,605.02001953125,605.469970703125,938131
2026-04-08 18:25:00+00:00,605.4600219726562,605.719970703125,605.1110229492188,605.239990234375,698633
2026-04-08 18:30:00+00:00,605.219970703125,605.6599731445312,605.1500244140625,605.3400268554688,284997
2026-04-08 18:35:00+00:00,605.3499755859375,605.5499877929688,604.9000244140625,604.9400024414062,320343
2026-04-08 18:40:00+00:00,604.9450073242188,604.9450073242188,604.239990234375,604.3298950195312,627803
2026-04-08 18:45:00+00:00,604.3200073242188,604.6300048828125,603.9400024414062,603.9550170898438,505759
2026-04-08 18:50:00+00:00,603.969970703125,604.219970703125,603.780029296875,603.780029296875,555930
2026-04-08 18:55:00+00:00,603.760009765625,603.77197265625,602.6699829101562,602.7852783203125,805343
2026-04-08 19:00:00+00:00,602.72998046875,603.4299926757812,602.5599975585938,603.0800170898438,856857
2026-04-08 19:05:00+00:00,603.0900268554688,603.6400146484375,602.8300170898438,603.3900146484375,449281
2026-04-08 19:10:00+00:00,603.4199829101562,604.2100219726562,603.4099731445312,604.1199951171875,818343
2026-04-08 19:15:00+00:00,604.1099853515625,604.219970703125,603.239990234375,603.4400024414062,341341
2026-04-08 19:20:00+00:00,603.4500122070312,603.4500122070312,602.9000244140625,603.2000122070312,664131
2026-04-08 19:25:00+00:00,603.25,603.5800170898438,602.8629760742188,602.9400024414062,571424
2026-04-08 19:30:00+00:00,602.885009765625,603.8283081054688,602.885009765625,603.7999877929688,632925
2026-04-08 19:35:00+00:00,603.8099975585938,604.3499755859375,603.75,604.1079711914062,966222
2026-04-08 19:40:00+00:00,604.0700073242188,604.3200073242188,603.5900268554688,604.2650146484375,461304
2026-04-08 19:45:00+00:00,604.25,604.8499755859375,604.22998046875,604.780029296875,959767
2026-04-08 19:50:00+00:00,604.780029296875,605.1199951171875,604.6199951171875,604.909912109375,875738
2026-04-08 19:55:00+00:00,604.9099731445312,606.1300048828125,604.7100219726562,605.9199829101562,2192669
2026-04-09 13:30:00+00:00,606.0399780273438,606.4199829101562,604.469970703125,604.6199951171875,2595512
2026-04-09 13:35:00+00:00,604.6400146484375,605.8400268554688,604.510009765625,605.510009765625,530703
2026-04-09 13:40:00+00:00,605.5050048828125,606.6400146484375,605.0499877929688,606.4400024414062,548484
2026-04-09 13:45:00+00:00,606.4600219726562,606.6699829101562,605.4500122070312,605.869873046875,610512
2026-04-09 13:50:00+00:00,605.7301025390625,605.7501831054688,604.3300170898438,604.4749755859375,771816
2026-04-09 13:55:00+00:00,604.4619750976562,604.9299926757812,604.1199951171875,604.6849975585938,647129
2026-04-09 14:00:00+00:00,604.760009765625,605.030029296875,604.2000732421875,604.8496704101562,563317
2026-04-09 14:05:00+00:00,604.8001098632812,605.3250122070312,604.3300170898438,604.3566284179688,403068
2026-04-09 14:10:00+00:00,604.3200073242188,605.1199951171875,604.02001953125,604.27001953125,398147
2026-04-09 14:15:00+00:00,604.2100219726562,604.27001953125,603.3900146484375,603.6995239257812,730299
2026-04-09 14:20:00+00:00,603.6900024414062,604.1599731445312,603.540771484375,603.9400024414062,485367
2026-04-09 14:25:00+00:00,603.9299926757812,603.9400024414062,603.0900268554688,603.5349731445312,487660
2026-04-09 14:30:00+00:00,603.5250244140625,603.6705932617188,603.0499877929688,603.4000244140625,482023
2026-04-09 14:35:00+00:00,603.4099731445312,603.6799926757812,603.030029296875,603.6099853515625,376049
2026-04-09 14:40:00+00:00,603.5999755859375,603.9299926757812,603.4500122070312,603.6699829101562,318116
2026-04-09 14:45:00+00:00,603.6500244140625,604.4199829101562,603.64990234375,604.260009765625,294680
2026-04-09 14:50:00+00:00,604.260009765625,604.905029296875,604.1699829101562,604.8499755859375,371407
2026-04-09 14:55:00+00:00,604.8499755859375,605.25,604.5800170898438,604.9749755859375,331171
2026-04-09 15:00:00+00:00,604.9199829101562,605.0399780273438,604.38671875,604.7100219726562,336317
2026-04-09 15:05:00+00:00,604.7412719726562,604.8400268554688,604.3790283203125,604.6387939453125,158718
2026-04-09 15:10:00+00:00,604.6099853515625,605.8800048828125,604.6005249023438,605.77001953125,391641
2026-04-09 15:15:00+00:00,605.7427978515625,606.4401245117188,605.7427978515625,606.364990234375,683147
2026-04-09 15:20:00+00:00,606.3599853515625,606.510009765625,605.9099731445312,606.1599731445312,329277
2026-04-09 15:25:00+00:00,606.1300048828125,606.1300048828125,605.27001953125,605.3699951171875,366845
2026-04-09 15:30:00+00:00,605.3300170898438,607.6900024414062,605.15087890625,606.9500732421875,1093098
2026-04-09 15:35:00+00:00,606.9349975585938,607.4500122070312,606.1599731445312,606.6500244140625,540936
2026-04-09 15:40:00+00:00,606.6199951171875,607.4299926757812,606.6199951171875,607.030029296875,407897
2026-04-09 15:45:00+00:00,607.0300903320312,608.27001953125,606.6199951171875,607.6300048828125,518346
2026-04-09 15:50:00+00:00,607.6199951171875,608.2999877929688,607.5,608.2650146484375,418156
2026-04-09 15:55:00+00:00,608.260009765625,608.760009765625,608.22998046875,608.5700073242188,591475
2026-04-09 16:00:00+00:00,608.5700073242188,610.3599853515625,608.5399780273438,609.708984375,1003604
2026-04-09 16:05:00+00:00,609.6900024414062,610.0,609.27001953125,609.4500122070312,565575
2026-04-09 16:10:00+00:00,609.4500122070312,609.7999877929688,609.0,609.0,478649
2026-04-09 16:15:00+00:00,609.0399780273438,609.7899780273438,608.9000244140625,609.7288818359375,412827
2026-04-09 16:20:00+00:00,609.739990234375,609.8300170898438,609.1611938476562,609.2000122070312,246887
2026-04-09 16:25:00+00:00,609.1900024414062,609.3900146484375,609.0,609.1900024414062,324250
2026-04-09 16:30:00+00:00,609.2000122070312,609.280029296875,608.6799926757812,608.844970703125,394401
2026-04-09 16:35:00+00:00,608.8350219726562,608.8599853515625,608.2100219726562,608.4600830078125,300699
2026-04-09 16:40:00+00:00,608.4598999023438,608.489990234375,608.0498046875,608.3800048828125,310506
2026-04-09 16:45:00+00:00,608.3499755859375,608.3499755859375,607.9110107421875,608.1099243164062,236760
2026-04-09 16:50:00+00:00,608.110107421875,609.1099853515625,608.110107421875,608.8911743164062,456687
2026-04-09 16:55:00+00:00,608.9140014648438,609.0,608.5499877929688,608.7100830078125,146340
2026-04-09 17:00:00+00:00,608.72998046875,609.030029296875,608.530029296875,609.0150146484375,209879
2026-04-09 17:05:00+00:00,609.0499877929688,609.6599731445312,608.8400268554688,609.4000244140625,281479
2026-04-09 17:10:00+00:00,609.4199829101562,609.8200073242188,609.260009765625,609.469970703125,299912
2026-04-09 17:15:00+00:00,609.4600219726562,610.0800170898438,609.4000244140625,609.831787109375,313601
2026-04-09 17:20:00+00:00,609.864990234375,609.9500122070312,609.52001953125,609.594970703125,237208
2026-04-09 17:25:00+00:00,609.6099853515625,609.6867065429688,609.3250122070312,609.3701171875,214285
2026-04-09 17:30:00+00:00,609.3699951171875,609.3699951171875,608.5601196289062,609.125,625668
2026-04-09 17:35:00+00:00,609.1300048828125,610.1199951171875,609.1104125976562,610.0089721679688,378027
2026-04-09 17:40:00+00:00,610.0050048828125,610.1599731445312,609.489990234375,609.630126953125,337116
2026-04-09 17:45:00+00:00,609.655029296875,609.8800048828125,609.510009765625,609.7999877929688,256842
2026-04-09 17:50:00+00:00,609.77001953125,609.7799072265625,609.239990234375,609.52001953125,229521
2026-04-09 17:55:00+00:00,609.52001953125,609.52001953125,609.27001953125,609.4450073242188,117852
2026-04-09 18:00:00+00:00,609.4600219726562,609.5650024414062,607.6500244140625,607.969970703125,624379
2026-04-09 18:05:00+00:00,608.1199951171875,608.6400146484375,608.010009765625,608.4349975585938,545569
2026-04-09 18:10:00+00:00,608.4682006835938,608.5899047851562,607.9600219726562,608.25,257241
2026-04-09 18:15:00+00:00,608.2000122070312,608.639892578125,608.0599975585938,608.3099975585938,189370
2026-04-09 18:20:00+00:00,608.3049926757812,608.4899291992188,607.6500244140625,607.8099975585938,305684
2026-04-09 18:25:00+00:00,607.8300170898438,608.1799926757812,607.5599975585938,607.9237060546875,308809
2026-04-09 18:30:00+00:00,607.9299926757812,608.1500244140625,607.530029296875,607.7611083984375,170769
2026-04-09 18:35:00+00:00,607.75,608.6300048828125,607.6799926757812,608.54931640625,231911
2026-04-09 18:40:00+00:00,608.5166015625,608.6400146484375,607.989990234375,608.1300048828125,285594
2026-04-09 18:45:00+00:00,608.0802001953125,608.4500122070312,608.0599975585938,608.4099731445312,213182
2026-04-09 18:50:00+00:00,608.4099731445312,608.4600219726562,607.921875,608.239990234375,246130
2026-04-09 18:55:00+00:00,608.3099975585938,608.5700073242188,608.27001953125,608.369873046875,177965
2026-04-09 19:00:00+00:00,608.3599853515625,609.1199951171875,608.27001953125,608.9749755859375,235180
2026-04-09 19:05:00+00:00,608.969970703125,609.3339233398438,608.6699829101562,609.3099975585938,304228
2026-04-09 19:10:00+00:00,609.3201293945312,609.5700073242188,609.2600708007812,609.3400268554688,461990
2026-04-09 19:15:00+00:00,609.3400268554688,609.52001953125,608.9801025390625,609.0750122070312,201921
2026-04-09 19:20:00+00:00,609.0900268554688,609.280029296875,608.9400024414062,609.25,371393
2026-04-09 19:25:00+00:00,609.22998046875,609.5,609.22802734375,609.3800048828125,385762
2026-04-09 19:30:00+00:00,609.3900146484375,610.135009765625,609.3499755859375,609.8900146484375,634784
2026-04-09 19:35:00+00:00,609.8900146484375,610.1300048828125,609.7100219726562,609.9299926757812,317625
2026-04-09 19:40:00+00:00,609.9100952148438,610.0,609.5900268554688,609.969970703125,325670
2026-04-09 19:45:00+00:00,609.97998046875,610.25,609.8099975585938,610.0,886856
2026-04-09 19:50:00+00:00,610.010009765625,610.5,609.9500122070312,610.4400024414062,713879
2026-04-09 19:55:00+00:00,610.4500122070312,610.4500122070312,609.8900146484375,610.0800170898438,1415537
2026-04-10 13:30:00+00:00,611.8499755859375,613.1099853515625,611.7100219726562,612.3099975585938,3105854
2026-04-10 13:35:00+00:00,612.3200073242188,612.819091796875,611.489990234375,611.6300048828125,644062
2026-04-10 13:40:00+00:00,611.5999755859375,612.3399047851562,611.25,612.010009765625,377669
2026-04-10 13:45:00+00:00,612.0291748046875,612.739990234375,611.9400024414062,611.9600219726562,771077
2026-04-10 13:50:00+00:00,611.9600219726562,612.52001953125,611.469970703125,612.39501953125,413527
2026-04-10 13:55:00+00:00,612.3800048828125,612.4190063476562,611.6900024414062,611.8699951171875,303198
2026-04-10 14:00:00+00:00,611.8599853515625,611.9600219726562,611.0800170898438,611.219970703125,505493
2026-04-10 14:05:00+00:00,611.2000122070312,611.489990234375,610.7999877929688,611.1099853515625,403726
2026-04-10 14:10:00+00:00,611.1199951171875,612.0700073242188,610.6599731445312,611.9849853515625,720668
2026-04-10 14:15:00+00:00,611.969970703125,612.3049926757812,611.72998046875,612.27001953125,521274
2026-04-10 14:20:00+00:00,612.260009765625,612.4896850585938,611.9349975585938,612.4500122070312,444535
2026-04-10 14:25:00+00:00,612.4349975585938,612.6699829101562,612.1599731445312,612.4199829101562,412139
2026-04-10 14:30:00+00:00,612.4299926757812,613.2100219726562,612.3599853515625,612.739990234375,810448
2026-04-10 14:35:00+00:00,612.7449951171875,612.9600219726562,612.3900146484375,612.530029296875,324952
2026-04-10 14:40:00+00:00,612.5399780273438,612.77001953125,611.5903930664062,611.9099731445312,547463
2026-04-10 14:45:00+00:00,611.9149780273438,612.4600219726562,611.768798828125,611.85498046875,465256
2026-04-10 14:50:00+00:00,611.85498046875,612.6599731445312,611.85498046875,611.9500122070312,447704
2026-04-10 14:55:00+00:00,611.9600219726562,612.8599853515625,611.7000122070312,612.6699829101562,292511
2026-04-10 15:00:00+00:00,612.6699829101562,612.8200073242188,612.3499755859375,612.3699951171875,202062
2026-04-10 15:05:00+00:00,612.385009765625,612.909912109375,612.1199951171875,612.760009765625,277599
2026-04-10 15:10:00+00:00,612.739990234375,613.1500244140625,612.5599975585938,613.0999755859375,382519
2026-04-10 15:15:00+00:00,613.1099853515625,613.3900146484375,613.0399780273438,613.119873046875,346013
2026-04-10 15:20:00+00:00,613.1199951171875,613.6699829101562,613.0399780273438,613.5999755859375,213963
2026-04-10 15:25:00+00:00,613.5499877929688,613.5499877929688,612.5,612.5999145507812,499900
2026-04-10 15:30:00+00:00,612.635009765625,612.8099975585938,612.010009765625,612.25,318496
2026-04-10 15:35:00+00:00,612.27001953125,612.375,611.4400024414062,611.5,311725
2026-04-10 15:40:00+00:00,611.530029296875,611.6500244140625,611.1300048828125,611.5599975585938,479334
2026-04-10 15:45:00+00:00,611.5700073242188,611.8099975585938,611.2100219726562,611.4003295898438,274123
2026-04-10 15:50:00+00:00,611.4099731445312,611.5700073242188,610.9000244140625,610.9400024414062,288865
2026-04-10 15:55:00+00:00,610.9299926757812,610.9616088867188,610.1400146484375,610.5999755859375,583886
2026-04-10 16:00:00+00:00,610.6099853515625,610.734375,610.219970703125,610.419921875,357459
2026-04-10 16:05:00+00:00,610.4199829101562,610.72998046875,610.3150024414062,610.5419921875,433209
2026-04-10 16:10:00+00:00,610.5449829101562,611.489990234375,610.530029296875,611.2899780273438,1038811
2026-04-10 16:15:00+00:00,611.2899780273438,611.4949951171875,611.0800170898438,611.2000122070312,507899
2026-04-10 16:20:00+00:00,611.219970703125,611.3001098632812,610.7449951171875,611.2896728515625,191219
2026-04-10 16:25:00+00:00,611.280029296875,611.2899780273438,610.760009765625,610.8599243164062,244895
2026-04-10 16:30:00+00:00,610.85009765625,611.0499877929688,610.4299926757812,610.60009765625,231350
2026-04-10 16:35:00+00:00,610.6400146484375,610.6599731445312,610.1799926757812,610.25,148754
2026-04-10 16:40:00+00:00,610.2750244140625,610.3399047851562,609.5800170898438,609.6810913085938,314238
2026-04-10 16:45:00+00:00,609.7050170898438,610.239990234375,609.6599731445312,610.239990234375,280539
2026-04-10 16:50:00+00:00,610.2310180664062,610.75,610.02001953125,610.57470703125,444440
2026-04-10 16:55:00+00:00,610.5900268554688,610.6500244140625,610.3800048828125,610.6199951171875,133597
2026-04-10 17:00:00+00:00,610.6300048828125,610.6400146484375,609.8599853515625,609.885009765625,186713
2026-04-10 17:05:00+00:00,609.905029296875,610.188720703125,609.7200927734375,610.1300048828125,136138
2026-04-10 17:10:00+00:00,610.1099853515625,610.3150024414062,609.8499755859375,610.2000122070312,166802
2026-04-10 17:15:00+00:00,610.2100219726562,610.4000244140625,609.9600219726562,610.2750244140625,127676
2026-04-10 17:20:00+00:00,610.2949829101562,610.2949829101562,609.72998046875,609.9949951171875,136797
2026-04-10 17:25:00+00:00,610.010009765625,610.3099975585938,609.7999877929688,609.8599853515625,140635
2026-04-10 17:30:00+00:00,609.844970703125,610.2000122070312,609.6099853515625,609.9390869140625,154047
2026-04-10 17:35:00+00:00,609.9099731445312,610.1099853515625,609.72998046875,610.0399780273438,140159
2026-04-10 17:40:00+00:00,610.0349731445312,610.4000244140625,609.8599853515625,610.344970703125,241245
2026-04-10 17:45:00+00:00,610.3499755859375,610.4400024414062,610.2100219726562,610.3499755859375,168668
2026-04-10 17:50:00+00:00,610.3198852539062,610.8499755859375,610.3198852539062,610.8150024414062,213332
2026-04-10 17:55:00+00:00,610.8150024414062,610.85498046875,610.6599731445312,610.780029296875,120876
2026-04-10 18:00:00+00:00,610.780029296875,610.8200073242188,610.2249755859375,610.2575073242188,201561
2026-04-10 18:05:00+00:00,610.25,610.3499755859375,610.0,610.1699829101562,196227
2026-04-10 18:10:00+00:00,610.1799926757812,610.510009765625,610.1170043945312,610.3900146484375,143629
2026-04-10 18:15:00+00:00,610.409912109375,610.7899780273438,610.3900146484375,610.75,151974
2026-04-10 18:20:00+00:00,610.760009765625,610.9849853515625,610.6799926757812,610.7899780273438,242222
2026-04-10 18:25:00+00:00,610.788330078125,610.7966918945312,610.5399780273438,610.64501953125,156371
2026-04-10 18:30:00+00:00,610.6500244140625,610.72802734375,610.4099731445312,610.4450073242188,176839
2026-04-10 18:35:00+00:00,610.4400024414062,610.5800170898438,610.2999877929688,610.4099731445312,196591
2026-04-10 18:40:00+00:00,610.4066162109375,610.4700927734375,610.0,610.1900024414062,170488
2026-04-10 18:45:00+00:00,610.1799926757812,610.260009765625,610.1099853515625,610.1849975585938,108093
2026-04-10 18:50:00+00:00,610.1699829101562,610.4299926757812,610.135009765625,610.4249877929688,160123
2026-04-10 18:55:00+00:00,610.4299926757812,610.5499877929688,610.2899780273438,610.510498046875,97566
2026-04-10 19:00:00+00:00,610.52001953125,610.8699951171875,610.4843139648438,610.8049926757812,704750
2026-04-10 19:05:00+00:00,610.8049926757812,610.969970703125,610.7700805664062,610.8499755859375,310361
2026-04-10 19:10:00+00:00,610.85498046875,611.3200073242188,610.8297119140625,611.2949829101562,301248
2026-04-10 19:15:00+00:00,611.2999877929688,611.3699951171875,611.0599975585938,611.3499755859375,342100
2026-04-10 19:20:00+00:00,611.35498046875,611.47998046875,611.1599731445312,611.280029296875,425490
2026-04-10 19:25:00+00:00,611.27001953125,611.3599853515625,611.0900268554688,611.3200073242188,364889
2026-04-10 19:30:00+00:00,611.3099975585938,611.3099975585938,610.97998046875,611.010009765625,329073
2026-04-10 19:35:00+00:00,611.0150146484375,611.1199951171875,610.6199951171875,610.739990234375,327828
2026-04-10 19:40:00+00:00,610.739990234375,611.030029296875,610.4600219726562,610.885009765625,456941
2026-04-10 19:45:00+00:00,610.8699951171875,611.0700073242188,610.5349731445312,610.7100219726562,712268
2026-04-10 19:50:00+00:00,610.719970703125,611.0599975585938,610.52001953125,610.7000122070312,623385
2026-04-10 19:55:00+00:00,610.7100219726562,611.1699829101562,610.4600219726562,611.02001953125,2482197
2026-04-13 13:30:00+00:00,609.5599975585938,609.9500122070312,609.010009765625,609.5900268554688,2798354
2026-04-13 13:35:00+00:00,609.5900268554688,609.5900268554688,608.4650268554688,609.0399780273438,565835
2026-04-13 13:40:00+00:00,608.9500122070312,609.4199829101562,608.5750122070312,608.6300048828125,385881
2026-04-13 13:45:00+00:00,608.6300048828125,610.9099731445312,608.1099853515625,610.760009765625,833215
2026-04-13 13:50:00+00:00,610.7374877929688,611.4099731445312,609.7849731445312,610.7849731445312,1000325
2026-04-13 13:55:00+00:00,610.8099975585938,611.6900024414062,610.4199829101562,611.6400146484375,625120
2026-04-13 14:00:00+00:00,611.6099853515625,612.0800170898438,611.1900024414062,611.875,935585
2026-04-13 14:05:00+00:00,611.8499755859375,612.25,611.4600830078125,611.719970703125,571648
2026-04-13 14:10:00+00:00,611.6599731445312,611.6699829101562,610.8800048828125,611.0261840820312,304979
2026-04-13 14:15:00+00:00,611.0,611.0399780273438,610.2999877929688,610.780029296875,356651
2026-04-13 14:20:00+00:00,610.7899780273438,611.4199829101562,610.1699829101562,611.3150024414062,366302
2026-04-13 14:25:00+00:00,611.3599853515625,611.4000244140625,610.9600219726562,611.3380126953125,218601
2026-04-13 14:30:00+00:00,611.375,611.719970703125,611.1849975585938,611.5700073242188,256172
2026-04-13 14:35:00+00:00,611.5800170898438,611.5800170898438,610.9400024414062,611.219970703125,221942
2026-04-13 14:40:00+00:00,611.22998046875,611.9199829101562,611.1799926757812,611.8699951171875,213074
2026-04-13 14:45:00+00:00,611.9099731445312,611.9194946289062,611.3200073242188,611.4749755859375,422967
2026-04-13 14:50:00+00:00,611.489990234375,612.3699951171875,611.3499755859375,612.1900024414062,298431
2026-04-13 14:55:00+00:00,612.1599731445312,612.8800048828125,611.9400024414062,612.7100219726562,506427
2026-04-13 15:00:00+00:00,612.7100219726562,612.7249755859375,611.6799926757812,611.7249755859375,321937
2026-04-13 15:05:00+00:00,611.719970703125,612.2899780273438,611.6300048828125,612.1749877929688,201221
2026-04-13 15:10:00+00:00,612.1799926757812,612.6799926757812,611.989990234375,612.2100219726562,252841
2026-04-13 15:15:00+00:00,612.2349853515625,612.4299926757812,611.8400268554688,611.8699951171875,186718
2026-04-13 15:20:00+00:00,611.9000244140625,612.4199829101562,611.876708984375,611.9550170898438,176268
2026-04-13 15:25:00+00:00,611.9201049804688,612.1799926757812,611.719970703125,611.7999267578125,213612
2026-04-13 15:30:00+00:00,611.760009765625,611.89990234375,611.4500122070312,611.739990234375,191437
2026-04-13 15:35:00+00:00,611.7999877929688,612.780029296875,611.6300048828125,612.4249877929688,236923
2026-04-13 15:40:00+00:00,612.4515991210938,612.530029296875,611.8200073242188,611.9528198242188,160211
2026-04-13 15:45:00+00:00,611.9500122070312,612.1400146484375,611.7697143554688,611.969970703125,183449
2026-04-13 15:50:00+00:00,611.9600219726562,611.9799194335938,611.5700073242188,611.5899047851562,129692
2026-04-13 15:55:00+00:00,611.5399780273438,611.8599853515625,611.4199829101562,611.6900024414062,115560
2026-04-13 16:00:00+00:00,611.6950073242188,611.8350219726562,611.1300048828125,611.3292846679688,379052
2026-04-13 16:05:00+00:00,611.3200073242188,612.52001953125,611.0700073242188,611.8300170898438,496525
2026-04-13 16:10:00+00:00,611.7999877929688,612.155029296875,611.6799926757812,611.8400268554688,142274
2026-04-13 16:15:00+00:00,611.8350219726562,612.27001953125,611.6199951171875,612.1749877929688,144619
2026-04-13 16:20:00+00:00,612.1749877929688,612.9000244140625,612.1749877929688,612.780029296875,280510
2026-04-13 16:25:00+00:00,612.7999877929688,613.760009765625,612.7238159179688,613.489990234375,427139
2026-04-13 16:30:00+00:00,613.5,614.0900268554688,613.1699829101562,613.4194946289062,458589
2026-04-13 16:35:00+00:00,613.4249877929688,614.4199829101562,613.3861083984375,613.530029296875,337887
2026-04-13 16:40:00+00:00,613.510009765625,613.8200073242188,612.5700073242188,613.419921875,517215
2026-04-13 16:45:00+00:00,613.3699951171875,614.22998046875,613.2501220703125,613.9149780273438,1942394
2026-04-13 16:50:00+00:00,613.9299926757812,614.7100219726562,613.72998046875,613.9000244140625,418189
2026-04-13 16:55:00+00:00,613.8508911132812,614.27001953125,613.5999755859375,614.14501953125,213240
2026-04-13 17:00:00+00:00,614.1699829101562,614.4099731445312,614.0,614.3099975585938,233710
2026-04-13 17:05:00+00:00,614.2899780273438,614.4199829101562,613.8200073242188,614.0399780273438,205853
2026-04-13 17:10:00+00:00,614.0017700195312,614.2399291992188,613.97998046875,614.2000122070312,116968
2026-04-13 17:15:00+00:00,614.2150268554688,614.8251953125,614.1500854492188,614.6336059570312,331032
2026-04-13 17:20:00+00:00,614.6099853515625,614.6099853515625,614.3499755859375,614.3699951171875,492050
2026-04-13 17:25:00+00:00,614.3800048828125,614.614990234375,614.3599853515625,614.5999755859375,134145
2026-04-13 17:30:00+00:00,614.5900268554688,614.7901000976562,614.4299926757812,614.4650268554688,233230
2026-04-13 17:35:00+00:00,614.4600219726562,614.6400146484375,614.27001953125,614.5372924804688,186718
2026-04-13 17:40:00+00:00,614.510009765625,614.6300048828125,614.3607177734375,614.4000244140625,181687
2026-04-13 17:45:00+00:00,614.3800048828125,614.3900146484375,614.1199951171875,614.1300048828125,163632
2026-04-13 17:50:00+00:00,614.1199951171875,614.239990234375,613.864990234375,614.1099853515625,224847
2026-04-13 17:55:00+00:00,614.1099853515625,614.2894897460938,613.9749755859375,613.9949951171875,115709
2026-04-13 18:00:00+00:00,614.0050048828125,614.4500122070312,614.0020141601562,614.3099975585938,204492
2026-04-13 18:05:00+00:00,614.3099975585938,614.469970703125,614.2100219726562,614.4013061523438,149491
2026-04-13 18:10:00+00:00,614.4000244140625,614.489990234375,614.25,614.2800903320312,102561
2026-04-13 18:15:00+00:00,614.2899169921875,614.3300170898438,614.0900268554688,614.0900268554688,96191
2026-04-13 18:20:00+00:00,614.0599975585938,614.1699829101562,613.9199829101562,613.9400024414062,204992
2026-04-13 18:25:00+00:00,613.9500122070312,614.0599975585938,613.8099975585938,613.8900146484375,154859
2026-04-13 18:30:00+00:00,613.8800048828125,614.1701049804688,613.8300170898438,614.1699829101562,159205
2026-04-13 18:35:00+00:00,614.1741943359375,614.3800048828125,614.1099853515625,614.3400268554688,139411
2026-04-13 18:40:00+00:00,614.3499755859375,614.489990234375,614.219970703125,614.4600219726562,232837
2026-04-13 18:45:00+00:00,614.469970703125,614.8499755859375,614.469970703125,614.7449951171875,254035
2026-04-13 18:50:00+00:00,614.7449951171875,615.0999755859375,614.6199951171875,615.0900268554688,330371
2026-04-13 18:55:00+00:00,615.0700073242188,615.2000122070312,614.9400024414062,614.97998046875,242059
2026-04-13 19:00:00+00:00,614.97998046875,615.1900024414062,614.9600219726562,614.9949951171875,161478
2026-04-13 19:05:00+00:00,615.010009765625,615.02001953125,614.7711791992188,614.9400024414062,155424
2026-04-13 19:10:00+00:00,614.9600219726562,614.9600219726562,614.6599731445312,614.8099975585938,123967
2026-04-13 19:15:00+00:00,614.8099975585938,615.2100219726562,614.7401123046875,615.1400756835938,218018
2026-04-13 19:20:00+00:00,615.1500244140625,615.3599853515625,615.0650024414062,615.3049926757812,242439
2026-04-13 19:25:00+00:00,615.2901000976562,615.3900146484375,615.27001953125,615.344970703125,174728
2026-04-13 19:30:00+00:00,615.3300170898438,615.8350219726562,615.1591186523438,615.7000122070312,369352
2026-04-13 19:35:00+00:00,615.6950073242188,615.9699096679688,615.52001953125,615.5700073242188,433779
2026-04-13 19:40:00+00:00,615.5700073242188,615.64501953125,615.3099975585938,615.5,299011
2026-04-13 19:45:00+00:00,615.47998046875,615.6599731445312,615.2899780273438,615.6599731445312,458803
2026-04-13 19:50:00+00:00,615.6699829101562,617.0900268554688,615.6300048828125,616.9000244140625,1195950
2026-04-13 19:55:00+00:00,616.9099731445312,617.9600219726562,616.9099731445312,617.3200073242188,2242152
2026-04-14 13:30:00+00:00,620.27001953125,621.9199829101562,620.0999755859375,621.719970703125,3452265
2026-04-14 13:35:00+00:00,621.7100219726562,622.3900146484375,621.35009765625,621.4500122070312,1460998
2026-04-14 13:40:00+00:00,621.469970703125,622.5499877929688,621.4000244140625,622.3939819335938,730851
2026-04-14 13:45:00+00:00,622.4099731445312,622.7598876953125,621.9403076171875,622.3400268554688,891111
2026-04-14 13:50:00+00:00,622.3900146484375,622.7000122070312,622.1599731445312,622.2100219726562,897303
2026-04-14 13:55:00+00:00,622.1900024414062,622.2282104492188,621.6599731445312,621.7698974609375,644814
2026-04-14 14:00:00+00:00,621.75,622.0499877929688,621.5399780273438,621.7100219726562,440160
2026-04-14 14:05:00+00:00,621.739990234375,622.659912109375,621.6799926757812,622.6199951171875,443677
2026-04-14 14:10:00+00:00,622.614990234375,623.0999755859375,622.3099975585938,623.0372924804688,1285340
2026-04-14 14:15:00+00:00,623.030029296875,623.2899780273438,622.7999877929688,622.8101196289062,584889
2026-04-14 14:20:00+00:00,622.8200073242188,623.530029296875,622.7899780273438,623.4503784179688,551739
2026-04-14 14:25:00+00:00,623.469970703125,623.780029296875,623.2999877929688,623.7100219726562,515033
2026-04-14 14:30:00+00:00,623.760009765625,623.9000244140625,623.4202880859375,623.52001953125,561777
2026-04-14 14:35:00+00:00,623.5399780273438,624.010009765625,623.3350219726562,623.385009765625,669332
2026-04-14 14:40:00+00:00,623.3800048828125,623.6099853515625,623.1699829101562,623.2999877929688,328490
2026-04-14 14:45:00+00:00,623.2949829101562,623.8200073242188,623.27001953125,623.6748046875,723948
2026-04-14 14:50:00+00:00,623.6799926757812,624.0800170898438,623.3900146484375,624.0501098632812,406864
2026-04-14 14:55:00+00:00,624.0499877929688,624.1099853515625,623.7449951171875,623.8051147460938,336209
2026-04-14 15:00:00+00:00,623.7999877929688,623.8200073242188,623.25,623.2550048828125,462941
2026-04-14 15:05:00+00:00,623.25,623.280029296875,622.760009765625,622.989990234375,524617
2026-04-14 15:10:00+00:00,622.9893188476562,623.510009765625,622.9600219726562,623.2999877929688,476561
2026-04-14 15:15:00+00:00,623.2999877929688,623.969970703125,623.25,623.9000244140625,369212
2026-04-14 15:20:00+00:00,623.8699951171875,624.4400024414062,623.7899780273438,624.2200927734375,1253143
2026-04-14 15:25:00+00:00,624.2260131835938,624.77001953125,624.2208862304688,624.4600219726562,795853
2026-04-14 15:30:00+00:00,624.469970703125,624.9000244140625,624.4500122070312,624.719970703125,603202
2026-04-14 15:35:00+00:00,624.6900024414062,625.0900268554688,624.6900024414062,624.969970703125,943288
2026-04-14 15:40:00+00:00,624.969970703125,625.4500122070312,624.8200073242188,625.1599731445312,647460
2026-04-14 15:45:00+00:00,625.1699829101562,625.6799926757812,625.1199951171875,625.5850219726562,602840
2026-04-14 15:50:00+00:00,625.5850219726562,626.02001953125,625.5800170898438,625.9400024414062,641379
2026-04-14 15:55:00+00:00,625.9299926757812,625.9600219726562,625.4224853515625,625.4400024414062,513002
2026-04-14 16:00:00+00:00,625.4299926757812,625.9299926757812,625.3800048828125,625.89501953125,487348
2026-04-14 16:05:00+00:00,625.905029296875,625.9299926757812,625.5999755859375,625.7899780273438,399525
2026-04-14 16:10:00+00:00,625.7999877929688,625.9400024414062,625.6799926757812,625.8392944335938,225448
2026-04-14 16:15:00+00:00,625.84912109375,626.1798706054688,625.8300170898438,626.1649780273438,459451
2026-04-14 16:20:00+00:00,626.1300048828125,626.5,626.0700073242188,626.4600219726562,830549
2026-04-14 16:25:00+00:00,626.469970703125,626.8093872070312,626.4500122070312,626.719970703125,536960
2026-04-14 16:30:00+00:00,626.719970703125,626.8499755859375,626.3400268554688,626.3900146484375,488907
2026-04-14 16:35:00+00:00,626.3900146484375,626.5900268554688,626.22998046875,626.5599975585938,325069
2026-04-14 16:40:00+00:00,626.5449829101562,626.6699829101562,626.4400024414062,626.6599731445312,665026
2026-04-14 16:45:00+00:00,626.6699829101562,626.9400024414062,626.5800170898438,626.885009765625,259021
2026-04-14 16:50:00+00:00,626.9000244140625,626.9600219726562,626.4600219726562,626.510009765625,441839
2026-04-14 16:55:00+00:00,626.510009765625,626.5798950195312,626.1599731445312,626.3800048828125,338240
2026-04-14 17:00:00+00:00,626.3759765625,626.6699829101562,626.3699951171875,626.4400024414062,315842
2026-04-14 17:05:00+00:00,626.4299926757812,626.6950073242188,626.3200073242188,626.3499755859375,478495
2026-04-14 17:10:00+00:00,626.3599853515625,626.6400146484375,626.3599853515625,626.6199951171875,383425
2026-04-14 17:15:00+00:00,626.6300048828125,627.280029296875,626.5700073242188,627.22998046875,434725
2026-04-14 17:20:00+00:00,627.2249755859375,627.4650268554688,627.1849975585938,627.3699951171875,556432
2026-04-14 17:25:00+00:00,627.3800048828125,627.4099731445312,627.0150146484375,627.0599975585938,333281
2026-04-14 17:30:00+00:00,627.0800170898438,627.4199829101562,627.030029296875,627.35498046875,588899
2026-04-14 17:35:00+00:00,627.3519897460938,627.52001953125,627.22998046875,627.4749755859375,302908
2026-04-14 17:40:00+00:00,627.469970703125,627.6500244140625,627.3798828125,627.5750122070312,965327
2026-04-14 17:45:00+00:00,627.5800170898438,627.6699829101562,627.5,627.5850219726562,467482
2026-04-14 17:50:00+00:00,627.5999755859375,627.7000122070312,627.27001953125,627.4149780273438,445274
2026-04-14 17:55:00+00:00,627.4091796875,627.52001953125,627.2999877929688,627.4299926757812,415122
2026-04-14 18:00:00+00:00,627.4249877929688,627.5800170898438,627.3699951171875,627.4099731445312,218637
2026-04-14 18:05:00+00:00,627.4000244140625,627.489990234375,627.2150268554688,627.3400268554688,393473
2026-04-14 18:10:00+00:00,627.3319091796875,627.3400268554688,626.8900146484375,626.9299926757812,377640
2026-04-14 18:15:00+00:00,626.9299926757812,626.97998046875,626.125,626.3099975585938,623308
2026-04-14 18:20:00+00:00,626.3099975585938,626.4793090820312,625.77001953125,625.8800048828125,338132
2026-04-14 18:25:00+00:00,625.885009765625,626.4299926757812,625.6799926757812,626.260009765625,498810
2026-04-14 18:30:00+00:00,626.260009765625,626.6300048828125,626.219970703125,626.4849853515625,309209
2026-04-14 18:35:00+00:00,626.510009765625,626.760009765625,626.5,626.6649780273438,272622
2026-04-14 18:40:00+00:00,626.6699829101562,626.8699951171875,626.1400146484375,626.22998046875,455236
2026-04-14 18:45:00+00:00,626.22998046875,626.447998046875,626.0599975585938,626.1799926757812,290589
2026-04-14 18:50:00+00:00,626.1749877929688,626.447998046875,626.1099853515625,626.3200073242188,464085
2026-04-14 18:55:00+00:00,626.3200073242188,626.4744262695312,626.22998046875,626.44873046875,247596
2026-04-14 19:00:00+00:00,626.4400024414062,627.010009765625,626.3756103515625,626.9500122070312,414907
2026-04-14 19:05:00+00:00,626.9500122070312,627.2999877929688,626.9500122070312,627.239990234375,400690
2026-04-14 19:10:00+00:00,627.239990234375,627.7000122070312,627.2050170898438,627.4299926757812,497675
2026-04-14 19:15:00+00:00,627.4398803710938,627.8099975585938,627.4398803710938,627.7150268554688,478952
2026-04-14 19:20:00+00:00,627.7000122070312,628.0700073242188,627.6699829101562,628.030029296875,521268
2026-04-14 19:25:00+00:00,628.0349731445312,628.1799926757812,627.97998046875,628.1199951171875,359501
2026-04-14 19:30:00+00:00,628.0800170898438,628.2999877929688,627.6900024414062,627.72998046875,460351
2026-04-14 19:35:00+00:00,627.7020263671875,628.1699829101562,627.4600219726562,628.0900268554688,502755
2026-04-14 19:40:00+00:00,628.080078125,628.1300048828125,627.6201171875,627.77001953125,428515
2026-04-14 19:45:00+00:00,627.7550048828125,627.8880004882812,627.625,627.8499755859375,418244
2026-04-14 19:50:00+00:00,627.8400268554688,628.1799926757812,627.3599853515625,627.5999755859375,944790
2026-04-14 19:55:00+00:00,627.6199951171875,628.5999755859375,627.6199951171875,628.5399780273438,2992737
2026-04-15 13:30:00+00:00,629.125,629.52001953125,628.4400024414062,629.030029296875,3035079
2026-04-15 13:35:00+00:00,629.0599975585938,629.8900146484375,628.7999877929688,629.8400268554688,849261
2026-04-15 13:40:00+00:00,629.8699951171875,630.0,628.2000122070312,628.3499755859375,1219052
2026-04-15 13:45:00+00:00,628.3900146484375,629.7734985351562,628.3900146484375,629.4600219726562,621976
2026-04-15 13:50:00+00:00,629.47998046875,630.0800170898438,629.22998046875,629.6599731445312,788353
2026-04-15 13:55:00+00:00,629.6300048828125,630.27001953125,629.6300048828125,630.2249755859375,436355
2026-04-15 14:00:00+00:00,630.260009765625,630.5936889648438,629.739990234375,630.3400268554688,562849
2026-04-15 14:05:00+00:00,630.3499145507812,630.47998046875,629.8900146484375,630.1701049804688,495418
2026-04-15 14:10:00+00:00,630.1699829101562,630.760009765625,629.97998046875,630.72998046875,556402
2026-04-15 14:15:00+00:00,630.7100219726562,631.1300048828125,630.2650146484375,630.3101196289062,637851
2026-04-15 14:20:00+00:00,630.31201171875,631.6400146484375,630.2606811523438,631.4400024414062,432348
2026-04-15 14:25:00+00:00,631.4099731445312,631.72998046875,631.3599853515625,631.7249755859375,467202
2026-04-15 14:30:00+00:00,631.72998046875,632.2150268554688,631.5499877929688,631.8090209960938,1110872
2026-04-15 14:35:00+00:00,631.8300170898438,632.2100219726562,631.1300048828125,631.22998046875,467342
2026-04-15 14:40:00+00:00,631.22998046875,632.1099853515625,631.22998046875,632.0399780273438,344879
2026-04-15 14:45:00+00:00,632.0399780273438,632.4600219726562,631.8699951171875,632.4500122070312,373702
2026-04-15 14:50:00+00:00,632.4600219726562,632.5800170898438,632.239990234375,632.4400024414062,415597
2026-04-15 14:55:00+00:00,632.4249877929688,632.77001953125,632.360107421875,632.469970703125,510284
2026-04-15 15:00:00+00:00,632.5040283203125,632.8599853515625,632.27001953125,632.6300048828125,502603
2026-04-15 15:05:00+00:00,632.6298828125,632.7000122070312,631.8900756835938,632.2050170898438,392685
2026-04-15 15:10:00+00:00,632.2000122070312,633.068603515625,632.1199951171875,633.0098876953125,493532
2026-04-15 15:15:00+00:00,633.02001953125,633.14990234375,632.8499755859375,633.0401000976562,336335
2026-04-15 15:20:00+00:00,633.0549926757812,633.25,632.9299926757812,633.0999755859375,342094
2026-04-15 15:25:00+00:00,633.094970703125,633.4000244140625,633.0499877929688,633.1749877929688,349164
2026-04-15 15:30:00+00:00,633.1799926757812,633.2000122070312,632.5599975585938,632.6500244140625,510046
2026-04-15 15:35:00+00:00,632.6699829101562,633.02001953125,632.6201171875,632.8599853515625,333632
2026-04-15 15:40:00+00:00,632.8699951171875,633.5999755859375,632.8699951171875,633.4400024414062,680986
2026-04-15 15:45:00+00:00,633.4199829101562,633.739990234375,633.3400268554688,633.5599975585938,440040
2026-04-15 15:50:00+00:00,633.5700073242188,633.6799926757812,633.3499755859375,633.4099731445312,326362
2026-04-15 15:55:00+00:00,633.4149780273438,633.530029296875,633.030029296875,633.2799072265625,465034
2026-04-15 16:00:00+00:00,633.27001953125,633.469970703125,633.0449829101562,633.4199829101562,285460
2026-04-15 16:05:00+00:00,633.4099731445312,633.9000244140625,633.3099975585938,633.8400268554688,312479
2026-04-15 16:10:00+00:00,633.8250122070312,633.864990234375,633.6300048828125,633.7949829101562,195029
2026-04-15 16:15:00+00:00,633.7949829101562,634.280029296875,633.6607055664062,634.25,441184
2026-04-15 16:20:00+00:00,634.260009765625,634.5701293945312,634.260009765625,634.372802734375,608873
2026-04-15 16:25:00+00:00,634.3602294921875,634.3798828125,633.6900024414062,633.7050170898438,491391
2026-04-15 16:30:00+00:00,633.719970703125,633.7999877929688,633.0250244140625,633.260009765625,620721
2026-04-15 16:35:00+00:00,633.2999877929688,633.6199951171875,633.114990234375,633.1199951171875,344640
2026-04-15 16:40:00+00:00,633.1199951171875,633.1300048828125,631.9500122070312,632.0,1211942
2026-04-15 16:45:00+00:00,632.0050048828125,632.22998046875,631.510009765625,632.2266845703125,1002620
2026-04-15 16:50:00+00:00,632.2249755859375,632.489990234375,631.3300170898438,631.5349731445312,982540
2026-04-15 16:55:00+00:00,631.5399780273438,632.1099853515625,630.9500122070312,631.9600219726562,814868
2026-04-15 17:00:00+00:00,631.9696044921875,632.4400024414062,631.780029296875,632.3900146484375,315160
2026-04-15 17:05:00+00:00,632.4000244140625,632.8699951171875,632.3504028320312,632.6799926757812,722242
2026-04-15 17:10:00+00:00,632.7100219726562,632.8099975585938,632.4199829101562,632.625,1056847
2026-04-15 17:15:00+00:00,632.6298828125,632.9000244140625,632.6099853515625,632.7550048828125,268754
2026-04-15 17:20:00+00:00,632.7550048828125,632.7999267578125,632.469970703125,632.7698974609375,198998
2026-04-15 17:25:00+00:00,632.760009765625,633.2899780273438,632.75,633.0150146484375,275535
2026-04-15 17:30:00+00:00,633.0079956054688,633.5499877929688,632.9901123046875,633.5300903320312,240352
2026-04-15 17:35:00+00:00,633.5349731445312,633.7999877929688,633.3099975585938,633.3300170898438,301722
2026-04-15 17:40:00+00:00,633.31201171875,633.3200073242188,632.75,632.904296875,816734
2026-04-15 17:45:00+00:00,632.9500122070312,633.3099975585938,632.9500122070312,633.1699829101562,190727
2026-04-15 17:50:00+00:00,633.1649780273438,633.6400146484375,633.1649780273438,633.4400024414062,677274
2026-04-15 17:55:00+00:00,633.4500122070312,633.5999755859375,633.0100708007812,633.0850219726562,327243
2026-04-15 18:00:00+00:00,633.0698852539062,634.239990234375,632.6799926757812,633.489990234375,827266
2026-04-15 18:05:00+00:00,633.4600219726562,633.9199829101562,633.4099731445312,633.8300170898438,302654
2026-04-15 18:10:00+00:00,633.8400268554688,634.510009765625,633.6900024414062,634.3499145507812,641707
2026-04-15 18:15:00+00:00,634.3300170898438,634.6900024414062,634.1849975585938,634.2849731445312,331121
2026-04-15 18:20:00+00:00,634.2899780273438,634.4299926757812,634.0399780273438,634.3599853515625,254158
2026-04-15 18:25:00+00:00,634.3499755859375,634.5850219726562,634.1599731445312,634.4793090820312,239756
2026-04-15 18:30:00+00:00,634.4849853515625,635.1500244140625,634.4849853515625,635.135009765625,540835
2026-04-15 18:35:00+00:00,635.1400146484375,635.4249877929688,634.9500122070312,635.14501953125,692896
2026-04-15 18:40:00+00:00,635.1500244140625,635.2000122070312,634.8400268554688,635.0499267578125,259194
2026-04-15 18:45:00+00:00,635.0599975585938,635.4099731445312,635.0404052734375,635.405029296875,342862
2026-04-15 18:50:00+00:00,635.405029296875,635.719970703125,635.405029296875,635.6779174804688,440912
2026-04-15 18:55:00+00:00,635.6699829101562,636.0700073242188,635.6199951171875,635.8099975585938,582243
2026-04-15 19:00:00+00:00,635.8098754882812,635.969970703125,635.5401000976562,635.9398803710938,533806
2026-04-15 19:05:00+00:00,635.9400024414062,636.2899780273438,635.9400024414062,636.239990234375,438198
2026-04-15 19:10:00+00:00,636.2349853515625,636.3900146484375,635.7999877929688,635.8499755859375,465242
2026-04-15 19:15:00+00:00,635.8599853515625,636.1099853515625,635.8400268554688,636.0900268554688,394976
2026-04-15 19:20:00+00:00,636.0999755859375,636.3599853515625,635.9749755859375,636.25,329647
2026-04-15 19:25:00+00:00,636.260009765625,636.6599731445312,636.25,636.6300048828125,358444
2026-04-15 19:30:00+00:00,636.6199951171875,636.969970703125,636.530029296875,636.9299926757812,565215
2026-04-15 19:35:00+00:00,636.9199829101562,637.1599731445312,636.7249755859375,636.72998046875,765729
2026-04-15 19:40:00+00:00,636.7301025390625,636.8699951171875,636.47998046875,636.6649780273438,826764
2026-04-15 19:45:00+00:00,636.6099853515625,636.9500122070312,636.47998046875,636.6799926757812,872623
2026-04-15 19:50:00+00:00,636.6799926757812,637.3400268554688,636.6799926757812,637.094970703125,1115917
2026-04-15 19:55:00+00:00,637.0999755859375,637.6500244140625,637.0689697265625,637.364990234375,2585376
2026-04-16 13:30:00+00:00,639.2150268554688,639.5800170898438,637.5,638.14501953125,2792660
2026-04-16 13:35:00+00:00,638.1699829101562,638.52001953125,637.2706909179688,637.4000244140625,738644
2026-04-16 13:40:00+00:00,637.4099731445312,638.4299926757812,636.9716186523438,638.1599731445312,791480
2026-04-16 13:45:00+00:00,638.1400146484375,638.1400146484375,637.4400024414062,637.8800048828125,477813
2026-04-16 13:50:00+00:00,637.885009765625,637.885009765625,635.3499755859375,635.4000244140625,917010
2026-04-16 13:55:00+00:00,635.4000244140625,636.4600219726562,635.2550048828125,636.3499755859375,939277
2026-04-16 14:00:00+00:00,636.3200073242188,636.6599731445312,635.60009765625,636.5958862304688,623830
2026-04-16 14:05:00+00:00,636.6500244140625,637.4199829101562,636.4099731445312,636.9400024414062,1019708
2026-04-16 14:10:00+00:00,636.969970703125,637.9000244140625,636.969970703125,637.2349853515625,445300
2026-04-16 14:15:00+00:00,637.280029296875,637.5087890625,636.2432250976562,636.3800048828125,557432
2026-04-16 14:20:00+00:00,636.385009765625,636.9000244140625,636.1199951171875,636.7000122070312,467403
2026-04-16 14:25:00+00:00,636.6699829101562,637.4000244140625,636.52001953125,637.0999755859375,310082
2026-04-16 14:30:00+00:00,637.0999755859375,637.7098999023438,637.0399780273438,637.6765747070312,383188
2026-04-16 14:35:00+00:00,637.6799926757812,638.02001953125,637.4299926757812,637.6300048828125,305288
2026-04-16 14:40:00+00:00,637.5900268554688,638.0700073242188,637.3200073242188,638.0,246976
2026-04-16 14:45:00+00:00,638.0,638.6799926757812,637.9099731445312,638.6550903320312,779323
2026-04-16 14:50:00+00:00,638.6798706054688,638.7899780273438,638.0999755859375,638.5499877929688,379313
2026-04-16 14:55:00+00:00,638.5501098632812,638.5999755859375,637.9299926757812,638.3599853515625,321515
2026-04-16 15:00:00+00:00,638.3599853515625,639.35498046875,638.3599853515625,639.239990234375,412468
2026-04-16 15:05:00+00:00,639.239990234375,639.9000244140625,638.9901123046875,639.8209228515625,448455
2026-04-16 15:10:00+00:00,639.8350219726562,640.3400268554688,639.75,639.9400024414062,840433
2026-04-16 15:15:00+00:00,639.9299926757812,640.5700073242188,639.8699951171875,639.9450073242188,816878
2026-04-16 15:20:00+00:00,639.9600219726562,640.6199951171875,639.9600219726562,640.4000244140625,347721
2026-04-16 15:25:00+00:00,640.4099731445312,640.75,639.6500244140625,639.6500244140625,659651
2026-04-16 15:30:00+00:00,639.6799926757812,640.3900146484375,639.5,640.3900146484375,516857
2026-04-16 15:35:00+00:00,640.39501953125,641.6500244140625,640.3699951171875,640.8599853515625,606095
2026-04-16 15:40:00+00:00,640.8800048828125,640.9600219726562,640.1099853515625,640.6199951171875,335326
2026-04-16 15:45:00+00:00,640.6300048828125,640.8499755859375,640.010009765625,640.2750244140625,596742
2026-04-16 15:50:00+00:00,640.280029296875,640.9498291015625,640.22998046875,640.7100219726562,281170
2026-04-16 15:55:00+00:00,640.72998046875,641.5993041992188,640.72998046875,641.530029296875,413200
2026-04-16 16:00:00+00:00,641.510009765625,641.8300170898438,641.351318359375,641.64501953125,354385
2026-04-16 16:05:00+00:00,641.6500244140625,641.7999877929688,641.3201293945312,641.625,438373
2026-04-16 16:10:00+00:00,641.6300048828125,641.9400024414062,641.60498046875,641.9201049804688,334698
2026-04-16 16:15:00+00:00,641.9349975585938,642.1799926757812,641.8900146484375,642.1450805664062,295518
2026-04-16 16:20:00+00:00,642.1500244140625,642.1799926757812,641.1900024414062,641.4149780273438,348982
2026-04-16 16:25:00+00:00,641.4100952148438,641.6400146484375,641.0501098632812,641.1199951171875,358876
2026-04-16 16:30:00+00:00,641.1300048828125,641.219970703125,639.0189819335938,639.9199829101562,683573
2026-04-16 16:35:00+00:00,639.9299926757812,640.8300170898438,639.6900024414062,640.8200073242188,522623
2026-04-16 16:40:00+00:00,640.7999877929688,641.0999755859375,640.2999877929688,640.5900268554688,284011
2026-04-16 16:45:00+00:00,640.590087890625,641.1300048828125,640.5800170898438,640.8372802734375,323273
2026-04-16 16:50:00+00:00,640.8400268554688,641.1400146484375,640.117919921875,640.22998046875,243268
2026-04-16 16:55:00+00:00,640.2399291992188,640.5098266601562,639.969970703125,640.030029296875,390679
2026-04-16 17:00:00+00:00,640.0800170898438,640.22998046875,639.7319946289062,639.919921875,220194
2026-04-16 17:05:00+00:00,639.9099731445312,640.0,639.3499755859375,639.8900146484375,261720
2026-04-16 17:10:00+00:00,639.9400024414062,640.139892578125,639.2999877929688,639.314697265625,184623
2026-04-16 17:15:00+00:00,639.2999877929688,639.4598999023438,639.0499877929688,639.4099731445312,421769
2026-04-16 17:20:00+00:00,639.469970703125,640.2100219726562,639.260009765625,640.1900024414062,225059
2026-04-16 17:25:00+00:00,640.1900024414062,640.4299926757812,640.0,640.1300048828125,205064
2026-04-16 17:30:00+00:00,640.1400146484375,640.6298828125,640.0999755859375,640.1699829101562,1230623
2026-04-16 17:35:00+00:00,640.1599731445312,640.315185546875,639.8599853515625,640.1900024414062,254037
2026-04-16 17:40:00+00:00,640.1900024414062,640.8499755859375,640.1799926757812,640.760009765625,195020
2026-04-16 17:45:00+00:00,640.7650146484375,640.9199829101562,640.469970703125,640.8599853515625,150113
2026-04-16 17:50:00+00:00,640.8201293945312,640.8298950195312,640.2990112304688,640.322509765625,0
2026-04-16 17:55:00+00:00,640.3203125,640.3203125,639.2000122070312,639.7550048828125,678577
2026-04-16 18:00:00+00:00,639.75,640.2899780273438,639.3679809570312,639.3751220703125,452687
2026-04-16 18:05:00+00:00,639.3875122070312,639.60498046875,638.1400146484375,638.4650268554688,471615
2026-04-16 18:10:00+00:00,638.4600219726562,638.7949829101562,638.1099853515625,638.719970703125,393208
2026-04-16 18:15:00+00:00,638.7100219726562,638.9199829101562,638.3400268554688,638.3800048828125,272355
2026-04-16 18:20:00+00:00,638.3900146484375,638.64501953125,637.5499877929688,637.7000122070312,343000
2026-04-16 18:25:00+00:00,637.7000122070312,637.8690185546875,637.2000122070312,637.60009765625,356939
2026-04-16 18:30:00+00:00,637.6099853515625,638.75,637.5900268554688,638.5900268554688,788145
2026-04-16 18:35:00+00:00,638.5700073242188,639.1950073242188,638.5006713867188,638.9199829101562,747121
2026-04-16 18:40:00+00:00,638.9199829101562,639.2849731445312,638.8800048828125,639.1298828125,297972
2026-04-16 18:45:00+00:00,639.0828247070312,639.489990234375,639.010009765625,639.119873046875,547027
2026-04-16 18:50:00+00:00,639.094970703125,639.25,638.8250122070312,638.969970703125,480791
2026-04-16 18:55:00+00:00,638.9299926757812,639.1599731445312,638.7100219726562,639.1400146484375,481668
2026-04-16 19:00:00+00:00,639.1500244140625,639.8400268554688,639.1500244140625,639.6099853515625,413745
2026-04-16 19:05:00+00:00,639.6099243164062,639.7650146484375,639.1500244140625,639.219970703125,258312
2026-04-16 19:10:00+00:00,639.22998046875,639.4299926757812,639.0900268554688,639.3099975585938,36786
2026-04-16 19:15:00+00:00,639.2971801757812,639.7000122070312,639.2971801757812,639.5900268554688,264990
2026-04-16 19:20:00+00:00,639.580078125,639.639892578125,639.280029296875,639.4600219726562,322012
2026-04-16 19:25:00+00:00,639.469970703125,639.5449829101562,639.3499755859375,639.3499755859375,164562
2026-04-16 19:30:00+00:00,639.3499755859375,639.8099975585938,639.2208862304688,639.6651000976562,378886
2026-04-16 19:35:00+00:00,639.6699829101562,640.0,639.5601196289062,639.9749755859375,434888
2026-04-16 19:40:00+00:00,639.9600219726562,640.219970703125,639.8699951171875,639.9099731445312,340310
2026-04-16 19:45:00+00:00,639.9000244140625,640.27001953125,639.7100219726562,640.27001953125,406480
2026-04-16 19:50:00+00:00,640.260009765625,640.719970703125,639.9500122070312,640.239990234375,676153
2026-04-16 19:55:00+00:00,640.260009765625,640.719970703125,640.0900268554688,640.4099731445312,2692945
2026-04-17 13:30:00+00:00,645.5499877929688,646.27001953125,644.0700073242188,645.094970703125,5391059
2026-04-17 13:35:00+00:00,645.030029296875,646.1799926757812,644.9500122070312,645.6900024414062,918195
2026-04-17 13:40:00+00:00,645.6799926757812,646.1900024414062,645.3101196289062,645.8900146484375,644162
2026-04-17 13:45:00+00:00,645.8800048828125,646.2000122070312,644.1199951171875,645.6699829101562,1273460
2026-04-17 13:50:00+00:00,645.6699829101562,646.6599731445312,645.469970703125,645.969970703125,1017642
2026-04-17 13:55:00+00:00,645.97998046875,646.4600219726562,645.40380859375,646.4450073242188,683403
2026-04-17 14:00:00+00:00,646.4600219726562,647.0349731445312,646.2899780273438,646.9199829101562,661370
2026-04-17 14:05:00+00:00,646.8900146484375,647.3099975585938,646.739990234375,647.2449951171875,882152
2026-04-17 14:10:00+00:00,647.2449951171875,647.530029296875,646.77001953125,647.35009765625,647377
2026-04-17 14:15:00+00:00,647.3499755859375,647.3690795898438,646.739990234375,646.8300170898438,927497
2026-04-17 14:20:00+00:00,646.8099975585938,647.0,646.1500244140625,646.6298828125,794282
2026-04-17 14:25:00+00:00,646.6599731445312,646.8400268554688,646.25,646.6300048828125,581423
2026-04-17 14:30:00+00:00,646.6400146484375,648.0,646.635009765625,647.909912109375,815225
2026-04-17 14:35:00+00:00,647.9000244140625,648.22998046875,647.3300170898438,648.219970703125,736286
2026-04-17 14:40:00+00:00,648.2100219726562,648.969970703125,648.1903076171875,648.8200073242188,723194
2026-04-17 14:45:00+00:00,648.8499755859375,649.4000244140625,648.6900024414062,649.3099975585938,562505
2026-04-17 14:50:00+00:00,649.2999877929688,649.39501953125,648.760009765625,648.9849853515625,520162
2026-04-17 14:55:00+00:00,648.989990234375,649.1300048828125,648.1199951171875,648.760009765625,559558
2026-04-17 15:00:00+00:00,648.780029296875,649.3400268554688,648.3900146484375,648.8049926757812,708154
2026-04-17 15:05:00+00:00,648.8300170898438,649.4199829101562,648.739990234375,649.14501953125,439780
2026-04-17 15:10:00+00:00,649.1199951171875,649.3699951171875,648.4218139648438,648.5599975585938,495443
2026-04-17 15:15:00+00:00,648.5700073242188,649.22998046875,648.260009765625,648.5900268554688,470331
2026-04-17 15:20:00+00:00,648.5800170898438,649.14501953125,648.2698974609375,648.969970703125,413168
2026-04-17 15:25:00+00:00,648.989990234375,649.25,648.8499755859375,649.0598754882812,368379
2026-04-17 15:30:00+00:00,649.0800170898438,649.8099975585938,649.0349731445312,649.7999877929688,669612
2026-04-17 15:35:00+00:00,649.780029296875,649.9000244140625,649.25,649.635009765625,519308
2026-04-17 15:40:00+00:00,649.635009765625,649.6699829101562,648.4201049804688,648.4400024414062,545676
2026-04-17 15:45:00+00:00,648.469970703125,649.219970703125,648.4429931640625,648.75,497179
2026-04-17 15:50:00+00:00,648.760009765625,649.2899780273438,648.6300048828125,648.8099975585938,541177
2026-04-17 15:55:00+00:00,648.81982421875,648.97998046875,648.030029296875,648.1500244140625,2223963
2026-04-17 16:00:00+00:00,648.1500244140625,648.9561767578125,647.8699951171875,648.7999877929688,2236017
2026-04-17 16:05:00+00:00,648.7650146484375,649.5150146484375,648.739990234375,648.989990234375,407171
2026-04-17 16:10:00+00:00,648.9849853515625,649.4299926757812,648.88037109375,649.155029296875,297582
2026-04-17 16:15:00+00:00,649.1500244140625,649.3599853515625,648.5850219726562,648.9000244140625,457760
2026-04-17 16:20:00+00:00,648.9000244140625,649.2301025390625,648.780029296875,649.219970703125,337192
2026-04-17 16:25:00+00:00,649.219970703125,649.419921875,649.1099853515625,649.3499755859375,351667
2026-04-17 16:30:00+00:00,649.375,649.844970703125,649.3699951171875,649.7100219726562,455130
2026-04-17 16:35:00+00:00,649.72998046875,649.9799194335938,649.6950073242188,649.7800903320312,431449
2026-04-17 16:40:00+00:00,649.7999877929688,649.8900146484375,649.5050048828125,649.77001953125,656808
2026-04-17 16:45:00+00:00,649.77001953125,650.0,649.7091064453125,649.75,215652
2026-04-17 16:50:00+00:00,649.7550048828125,649.8800048828125,649.5399780273438,649.5908813476562,193556
2026-04-17 16:55:00+00:00,649.5900268554688,649.6500244140625,649.3300170898438,649.45068359375,185214
2026-04-17 17:00:00+00:00,649.4500122070312,649.8699951171875,649.4299926757812,649.7899780273438,300297
2026-04-17 17:05:00+00:00,649.780029296875,649.7999877929688,648.3699951171875,649.0999755859375,442446
2026-04-17 17:10:00+00:00,649.1500244140625,649.1699829101562,648.6500244140625,649.0,327947
2026-04-17 17:15:00+00:00,649.02001953125,649.1701049804688,648.4099731445312,648.469970703125,414093
2026-04-17 17:20:00+00:00,648.4500122070312,648.6099853515625,646.489990234375,647.010009765625,877329
2026-04-17 17:25:00+00:00,647.0599975585938,647.6199951171875,646.6386108398438,647.3798828125,642978
2026-04-17 17:30:00+00:00,647.3400268554688,647.969970703125,647.22998046875,647.3900146484375,781609
2026-04-17 17:35:00+00:00,647.3599853515625,648.1300048828125,647.0900268554688,647.8400268554688,343031
2026-04-17 17:40:00+00:00,647.8298950195312,647.9899291992188,647.6300048828125,647.8099975585938,149895
2026-04-17 17:45:00+00:00,647.7999877929688,648.72998046875,647.7999877929688,648.469970703125,567622
2026-04-17 17:50:00+00:00,648.469970703125,648.6400146484375,648.3699951171875,648.4600219726562,619509
2026-04-17 17:55:00+00:00,648.47998046875,648.6713256835938,648.1600952148438,648.2000122070312,169798
2026-04-17 18:00:00+00:00,648.2100219726562,648.530029296875,647.780029296875,647.9500122070312,284016
2026-04-17 18:05:00+00:00,647.9600219726562,648.0399780273438,647.3699951171875,647.4199829101562,636604
2026-04-17 18:10:00+00:00,647.4400024414062,647.6798706054688,647.0700073242188,647.2598876953125,300078
2026-04-17 18:15:00+00:00,647.239990234375,647.8200073242188,647.219970703125,647.489990234375,400513
2026-04-17 18:20:00+00:00,647.4450073242188,647.7899780273438,646.9400024414062,647.6699829101562,446532
2026-04-17 18:25:00+00:00,647.6697998046875,648.280029296875,647.489990234375,647.6524047851562,336610
2026-04-17 18:30:00+00:00,647.6599731445312,648.2680053710938,647.6500244140625,648.1400146484375,288594
2026-04-17 18:35:00+00:00,648.1799926757812,648.3499755859375,648.0499877929688,648.2000122070312,225407
2026-04-17 18:40:00+00:00,648.1699829101562,648.3400268554688,647.7700805664062,648.1699829101562,300445
2026-04-17 18:45:00+00:00,648.1799926757812,648.3599853515625,647.9299926757812,648.030029296875,718347
2026-04-17 18:50:00+00:00,648.0172729492188,648.0449829101562,647.22998046875,647.5750122070312,546373
2026-04-17 18:55:00+00:00,647.5850219726562,648.02001953125,647.5250244140625,647.6500244140625,229029
2026-04-17 19:00:00+00:00,647.6500244140625,647.9199829101562,647.56201171875,647.64501953125,204110
2026-04-17 19:05:00+00:00,647.6500244140625,647.6599731445312,647.2000122070312,647.39990234375,270925
2026-04-17 19:10:00+00:00,647.4349975585938,647.489990234375,647.02001953125,647.2100219726562,424104
2026-04-17 19:15:00+00:00,647.1799926757812,647.75,647.1599731445312,647.6099243164062,395948
2026-04-17 19:20:00+00:00,647.6199951171875,647.7999877929688,647.5,647.719970703125,404984
2026-04-17 19:25:00+00:00,647.719970703125,647.9285888671875,647.4299926757812,647.52001953125,334010
2026-04-17 19:30:00+00:00,647.52001953125,648.2999877929688,647.5198974609375,648.130126953125,358860
2026-04-17 19:35:00+00:00,648.1300048828125,648.4099731445312,647.8408203125,648.3099975585938,438780
2026-04-17 19:40:00+00:00,648.3200073242188,648.7150268554688,648.1199951171875,648.60498046875,575801
2026-04-17 19:45:00+00:00,648.5999755859375,648.5999755859375,648.1099853515625,648.2938842773438,416582
2026-04-17 19:50:00+00:00,648.3200073242188,648.5999755859375,647.8400268554688,648.4249877929688,836648
2026-04-17 19:55:00+00:00,648.4500122070312,648.8499755859375,648.2999877929688,648.780029296875,2069791
2026-04-20 13:30:00+00:00,648.0399780273438,648.75,646.844970703125,648.3900146484375,2546444
2026-04-20 13:35:00+00:00,648.3800048828125,648.5189819335938,646.5499877929688,646.8330078125,671023
2026-04-20 13:40:00+00:00,646.8300170898438,647.219970703125,646.469970703125,646.8909301757812,606380
2026-04-20 13:45:00+00:00,646.8900146484375,647.3200073242188,646.0800170898438,646.4401245117188,483601
2026-04-20 13:50:00+00:00,646.4199829101562,647.6099853515625,646.3599853515625,647.489990234375,355284
2026-04-20 13:55:00+00:00,647.4600219726562,648.2100219726562,647.4199829101562,647.655029296875,405104
2026-04-20 14:00:00+00:00,647.6699829101562,647.8200073242188,646.6599731445312,646.8250122070312,323177
2026-04-20 14:05:00+00:00,646.9299926757812,647.2999877929688,646.614990234375,647.2698974609375,268486
2026-04-20 14:10:00+00:00,647.25,647.6099853515625,646.5599975585938,647.0701293945312,506789
2026-04-20 14:15:00+00:00,647.010009765625,647.010009765625,646.1099853515625,646.4600219726562,552343
2026-04-20 14:20:00+00:00,646.5349731445312,647.280029296875,646.4199829101562,647.280029296875,302088
2026-04-20 14:25:00+00:00,647.2650146484375,647.489990234375,646.260009765625,646.405029296875,323486
2026-04-20 14:30:00+00:00,646.3800048828125,646.6099853515625,645.9500122070312,646.3499755859375,395577
2026-04-20 14:35:00+00:00,646.3300170898438,646.659423828125,646.02001953125,646.3800048828125,3202662
2026-04-20 14:40:00+00:00,646.4099731445312,646.419921875,645.4500122070312,645.60498046875,2720463
2026-04-20 14:45:00+00:00,645.5999755859375,646.1699829101562,645.3200073242188,646.0599975585938,504562
2026-04-20 14:50:00+00:00,646.0349731445312,646.1599731445312,643.5900268554688,645.030029296875,1529219
2026-04-20 14:55:00+00:00,645.02001953125,645.0390014648438,643.9500122070312,644.1500244140625,738875
2026-04-20 15:00:00+00:00,644.1599731445312,644.739990234375,643.1500244140625,643.4299926757812,817275
2026-04-20 15:05:00+00:00,643.3499755859375,643.719970703125,642.52001953125,643.3098754882812,1122786
2026-04-20 15:10:00+00:00,643.3200073242188,644.1594848632812,643.1099853515625,643.77001953125,205026
2026-04-20 15:15:00+00:00,643.8200073242188,644.4500122070312,643.4450073242188,644.1649780273438,246014
2026-04-20 15:20:00+00:00,644.1599731445312,645.4000244140625,643.9600219726562,644.8800048828125,607564
2026-04-20 15:25:00+00:00,644.8699951171875,645.9000244140625,644.72998046875,645.6500244140625,511869
2026-04-20 15:30:00+00:00,645.6199951171875,645.6199951171875,644.5050048828125,644.6801147460938,430151
2026-04-20 15:35:00+00:00,644.6749877929688,644.9199829101562,644.4199829101562,644.8699951171875,241222
2026-04-20 15:40:00+00:00,644.8699951171875,645.3098754882812,644.4400024414062,644.6099853515625,498495
2026-04-20 15:45:00+00:00,644.6199951171875,645.0349731445312,644.3699951171875,644.5800170898438,259272
2026-04-20 15:50:00+00:00,644.5700073242188,644.6400756835938,644.0800170898438,644.5806884765625,249556
2026-04-20 15:55:00+00:00,644.5800170898438,644.8599853515625,644.5499877929688,644.6798706054688,197319
2026-04-20 16:00:00+00:00,644.6699829101562,644.8508911132812,644.22998046875,644.3599243164062,384366
2026-04-20 16:05:00+00:00,644.3699951171875,645.0599975585938,644.2800903320312,644.8300170898438,197626
2026-04-20 16:10:00+00:00,644.8499755859375,645.260009765625,644.8499755859375,645.1199951171875,179312
2026-04-20 16:15:00+00:00,645.094970703125,645.22998046875,644.510009765625,645.1799926757812,380925
2026-04-20 16:20:00+00:00,645.1799926757812,645.3900146484375,644.9500122070312,645.0999755859375,234737
2026-04-20 16:25:00+00:00,645.0800170898438,645.219970703125,644.869873046875,645.0800170898438,126470
2026-04-20 16:30:00+00:00,645.1099853515625,645.5999755859375,645.1099853515625,645.4224853515625,135442
2026-04-20 16:35:00+00:00,645.4249877929688,645.4749755859375,644.8699951171875,645.0499877929688,172119
2026-04-20 16:40:00+00:00,645.0599975585938,645.6599731445312,644.9299926757812,645.3400268554688,146010
2026-04-20 16:45:00+00:00,645.3200073242188,645.5499877929688,645.1799926757812,645.280029296875,89015
2026-04-20 16:50:00+00:00,645.2899780273438,645.3800048828125,645.0050048828125,645.3499755859375,161263
2026-04-20 16:55:00+00:00,645.3099975585938,645.3099975585938,644.9389038085938,645.1699829101562,193167
2026-04-20 17:00:00+00:00,645.1900024414062,645.4500122070312,644.7550048828125,645.0499877929688,129228
2026-04-20 17:05:00+00:00,645.0399780273438,645.5,644.9246826171875,645.4100952148438,417639
2026-04-20 17:10:00+00:00,645.4100952148438,645.6900024414062,645.2650146484375,645.5900268554688,125238
2026-04-20 17:15:00+00:00,645.5599975585938,645.97998046875,645.4600219726562,645.9298706054688,283013
2026-04-20 17:20:00+00:00,645.9249877929688,646.0900268554688,645.6912231445312,645.9099731445312,247971
2026-04-20 17:25:00+00:00,645.9199829101562,645.97998046875,645.581298828125,645.6099853515625,157068
2026-04-20 17:30:00+00:00,645.5999755859375,645.6300048828125,645.3099975585938,645.4400024414062,197041
2026-04-20 17:35:00+00:00,645.489990234375,645.8800048828125,645.3699951171875,645.760009765625,157172
2026-04-20 17:40:00+00:00,645.739990234375,646.1799926757812,645.530029296875,645.885009765625,228788
2026-04-20 17:45:00+00:00,645.8800048828125,646.2000122070312,645.8701171875,646.1699829101562,154160
2026-04-20 17:50:00+00:00,646.1799926757812,646.3099975585938,646.0499877929688,646.2849731445312,158820
2026-04-20 17:55:00+00:00,646.2999877929688,646.2999877929688,645.7716064453125,645.8599853515625,125285
2026-04-20 18:00:00+00:00,645.9000244140625,646.0499877929688,645.72998046875,645.9299926757812,144713
2026-04-20 18:05:00+00:00,645.9249877929688,646.4199829101562,645.9249877929688,646.3250122070312,196940
2026-04-20 18:10:00+00:00,646.3499755859375,646.4180297851562,645.6199951171875,646.260009765625,271402
2026-04-20 18:15:00+00:00,646.280029296875,646.530029296875,646.10009765625,646.4099731445312,112603
2026-04-20 18:20:00+00:00,646.4099731445312,646.6699829101562,646.219970703125,646.6400146484375,158173
2026-04-20 18:25:00+00:00,646.6099853515625,646.7100219726562,646.1300048828125,646.489990234375,365185
2026-04-20 18:30:00+00:00,646.5,646.6099853515625,646.1580810546875,646.4400024414062,176020
2026-04-20 18:35:00+00:00,646.4301147460938,646.510009765625,645.9849853515625,646.0050048828125,270037
2026-04-20 18:40:00+00:00,645.9901123046875,646.4697875976562,645.9349975585938,646.2999877929688,166223
2026-04-20 18:45:00+00:00,646.2999877929688,646.5999755859375,646.1699829101562,646.5,379848
2026-04-20 18:50:00+00:00,646.52001953125,646.77001953125,646.52001953125,646.760009765625,403970
2026-04-20 18:55:00+00:00,646.77001953125,646.8099975585938,646.3499755859375,646.4299926757812,247675
2026-04-20 19:00:00+00:00,646.4349975585938,646.6300048828125,646.3300170898438,646.409912109375,214139
2026-04-20 19:05:00+00:00,646.3900146484375,646.6400146484375,646.364990234375,646.5098876953125,201814
2026-04-20 19:10:00+00:00,646.510009765625,646.6699829101562,646.3800048828125,646.6099853515625,174812
2026-04-20 19:15:00+00:00,646.6099853515625,646.6699829101562,646.4199829101562,646.5549926757812,163859
2026-04-20 19:20:00+00:00,646.5850219726562,646.625,646.3399047851562,646.3900146484375,129116
2026-04-20 19:25:00+00:00,646.39501953125,646.4299926757812,646.1500244140625,646.3297729492188,204900
2026-04-20 19:30:00+00:00,646.3099975585938,646.5700073242188,646.219970703125,646.219970703125,164551
2026-04-20 19:35:00+00:00,646.219970703125,646.4299926757812,646.1500244140625,646.3800048828125,217216
2026-04-20 19:40:00+00:00,646.4199829101562,646.52001953125,646.0599975585938,646.1699829101562,384928
2026-04-20 19:45:00+00:00,646.1500244140625,646.3099975585938,646.0501098632812,646.27001953125,598911
2026-04-20 19:50:00+00:00,646.280029296875,646.4761962890625,645.9199829101562,646.3300170898438,555985
2026-04-20 19:55:00+00:00,646.3400268554688,646.9299926757812,646.0900268554688,646.77001953125,1435030
2026-04-21 13:30:00+00:00,648.3900146484375,649.0900268554688,646.6710205078125,647.2150268554688,2664813
2026-04-21 13:35:00+00:00,647.22998046875,647.4000244140625,646.4500122070312,646.7698974609375,640945
2026-04-21 13:40:00+00:00,646.7899780273438,647.5892944335938,646.5800170898438,647.434814453125,574155
2026-04-21 13:45:00+00:00,647.4299926757812,647.9500122070312,646.8400268554688,647.469970703125,612009
2026-04-21 13:50:00+00:00,647.469970703125,648.2899780273438,647.1500244140625,648.1099853515625,500446
2026-04-21 13:55:00+00:00,648.0900268554688,649.0900268554688,648.0499877929688,649.0900268554688,555138
2026-04-21 14:00:00+00:00,649.0999755859375,649.4199829101562,648.6599731445312,648.8099975585938,705271
2026-04-21 14:05:00+00:00,648.77001953125,649.8400268554688,648.72998046875,649.6400146484375,492657
2026-04-21 14:10:00+00:00,649.6300048828125,650.02001953125,649.3200073242188,649.5,452653
2026-04-21 14:15:00+00:00,649.5800170898438,650.2000122070312,649.2750244140625,649.3699951171875,524791
2026-04-21 14:20:00+00:00,649.3599853515625,649.3720092773438,648.530029296875,648.8599853515625,428962
2026-04-21 14:25:00+00:00,648.8300170898438,649.27001953125,648.77001953125,649.168212890625,283602
2026-04-21 14:30:00+00:00,649.1400146484375,649.4500122070312,648.760009765625,649.1799926757812,248541
2026-04-21 14:35:00+00:00,649.1900024414062,649.4000244140625,648.9000244140625,648.97998046875,158532
2026-04-21 14:40:00+00:00,648.9400024414062,649.5800170898438,648.6099853515625,648.760009765625,364608
2026-04-21 14:45:00+00:00,648.760009765625,648.8599853515625,647.764892578125,648.0501098632812,535203
2026-04-21 14:50:00+00:00,648.030029296875,648.3699951171875,647.6099853515625,648.0349731445312,481090
2026-04-21 14:55:00+00:00,648.030029296875,648.0499877929688,646.489990234375,646.6199951171875,741780
2026-04-21 15:00:00+00:00,646.6500244140625,647.010009765625,645.0800170898438,645.5599975585938,950187
2026-04-21 15:05:00+00:00,645.5650024414062,647.0,644.8800048828125,646.8839111328125,811132
2026-04-21 15:10:00+00:00,646.8900146484375,647.4600219726562,646.8687744140625,647.2100219726562,356846
2026-04-21 15:15:00+00:00,647.2213134765625,647.8049926757812,646.780029296875,647.6599731445312,312657
2026-04-21 15:20:00+00:00,647.6749877929688,647.8300170898438,646.8800048828125,647.0499877929688,464878
2026-04-21 15:25:00+00:00,647.0399780273438,647.0399780273438,645.9199829101562,646.3099975585938,506635
2026-04-21 15:30:00+00:00,646.2999877929688,647.135009765625,646.27001953125,646.6900024414062,238804
2026-04-21 15:35:00+00:00,646.6900024414062,646.7100830078125,645.5900268554688,646.3800048828125,303228
2026-04-21 15:40:00+00:00,646.4500122070312,646.75,646.0150146484375,646.5900268554688,154952
2026-04-21 15:45:00+00:00,646.6439819335938,647.22998046875,646.2329711914062,646.739990234375,455577
2026-04-21 15:50:00+00:00,646.7340087890625,646.739990234375,646.1199951171875,646.2000122070312,299155
2026-04-21 15:55:00+00:00,646.219970703125,646.9149780273438,646.1500244140625,646.510009765625,202340
2026-04-21 16:00:00+00:00,646.5750122070312,647.72998046875,646.5650024414062,646.860107421875,418893
2026-04-21 16:05:00+00:00,646.8400268554688,647.22998046875,646.5850219726562,647.0999755859375,426183
2026-04-21 16:10:00+00:00,647.0900268554688,647.0999755859375,646.2520141601562,646.5401000976562,185280
2026-04-21 16:15:00+00:00,646.5399780273438,647.0499877929688,646.3499755859375,646.8900146484375,142126
2026-04-21 16:20:00+00:00,646.9149780273438,646.9149780273438,646.0999755859375,646.22998046875,209342
2026-04-21 16:25:00+00:00,646.280029296875,646.2800903320312,645.7999877929688,645.89501953125,230395
2026-04-21 16:30:00+00:00,645.8200073242188,646.5800170898438,645.8150024414062,646.52001953125,200243
2026-04-21 16:35:00+00:00,646.5399780273438,646.8499755859375,645.8499755859375,646.0650024414062,361776
2026-04-21 16:40:00+00:00,646.1799926757812,646.1854858398438,645.05517578125,645.3099975585938,188788
2026-04-21 16:45:00+00:00,645.3099975585938,646.1201171875,645.3099975585938,646.0599975585938,219208
2026-04-21 16:50:00+00:00,646.0200805664062,646.0900268554688,645.4530029296875,645.547607421875,181578
2026-04-21 16:55:00+00:00,645.5999145507812,645.5999145507812,644.969970703125,645.0399780273438,248109
2026-04-21 17:00:00+00:00,645.0599975585938,645.8900146484375,645.0599975585938,645.5501098632812,195744
2026-04-21 17:05:00+00:00,645.5599975585938,645.5599975585938,644.219970703125,645.0999755859375,735223
2026-04-21 17:10:00+00:00,645.0701293945312,645.0800170898438,643.760009765625,644.3800048828125,510648
2026-04-21 17:15:00+00:00,644.4498901367188,644.6599731445312,643.4749755859375,643.5850219726562,318468
2026-04-21 17:20:00+00:00,643.6199951171875,644.1500244140625,643.364990234375,643.9400024414062,426528
2026-04-21 17:25:00+00:00,643.9299926757812,644.5198974609375,643.8499755859375,644.1796264648438,653021
2026-04-21 17:30:00+00:00,644.1799926757812,645.1199951171875,644.1199951171875,644.9149780273438,249042
2026-04-21 17:35:00+00:00,644.8150024414062,646.6300048828125,644.6090087890625,646.0401000976562,409293
2026-04-21 17:40:00+00:00,646.030029296875,647.4199829101562,645.9199829101562,646.405029296875,728600
2026-04-21 17:45:00+00:00,646.39501953125,646.4600219726562,645.6300048828125,646.02001953125,267697
2026-04-21 17:50:00+00:00,646.0,646.4000244140625,645.6400146484375,645.7750244140625,221883
2026-04-21 17:55:00+00:00,645.719970703125,645.780029296875,645.2100830078125,645.7249755859375,233390
2026-04-21 18:00:00+00:00,645.7100830078125,646.4600219726562,645.7100830078125,646.0900268554688,289814
2026-04-21 18:05:00+00:00,646.0999755859375,646.47998046875,645.885009765625,646.0800170898438,209408
2026-04-21 18:10:00+00:00,646.0599975585938,646.2999877929688,645.773193359375,646.2949829101562,184321
2026-04-21 18:15:00+00:00,646.2899780273438,646.52001953125,644.780029296875,645.27001953125,566304
2026-04-21 18:20:00+00:00,645.2686157226562,645.5700073242188,645.0499877929688,645.2899169921875,140492
2026-04-21 18:25:00+00:00,645.2100219726562,645.5299072265625,645.010009765625,645.219970703125,140204
2026-04-21 18:30:00+00:00,645.2100219726562,645.9349975585938,645.2100219726562,645.8400268554688,165211
2026-04-21 18:35:00+00:00,645.8159790039062,645.8347778320312,645.25,645.5599975585938,127471
2026-04-21 18:40:00+00:00,645.5399780273438,645.6599731445312,645.360107421875,645.47998046875,59544
2026-04-21 18:45:00+00:00,645.489990234375,645.52001953125,645.0,645.0499877929688,121587
2026-04-21 18:50:00+00:00,645.0499877929688,646.719970703125,644.9149780273438,646.3699951171875,319289
2026-04-21 18:55:00+00:00,646.3599853515625,646.8900146484375,645.6099853515625,646.3350219726562,543951
2026-04-21 19:00:00+00:00,646.3400268554688,646.8699951171875,646.3300170898438,646.6699829101562,546432
2026-04-21 19:05:00+00:00,646.6900024414062,646.9400024414062,646.5399780273438,646.760009765625,234892
2026-04-21 19:10:00+00:00,646.7849731445312,647.47998046875,646.2100219726562,646.5900268554688,451241
2026-04-21 19:15:00+00:00,646.6500244140625,646.989990234375,646.260009765625,646.6500244140625,291963
2026-04-21 19:20:00+00:00,646.6649780273438,647.489990234375,646.635009765625,647.4000244140625,311661
2026-04-21 19:25:00+00:00,647.4199829101562,647.6900024414062,647.2999877929688,647.6312255859375,386473
2026-04-21 19:30:00+00:00,647.6599731445312,647.8300170898438,647.22998046875,647.375,541024
2026-04-21 19:35:00+00:00,647.3400268554688,647.3599853515625,645.7301025390625,646.260009765625,773561
2026-04-21 19:40:00+00:00,646.3099975585938,646.3599853515625,642.2100219726562,642.75,1370991
2026-04-21 19:45:00+00:00,642.739990234375,644.030029296875,642.6500244140625,643.5850219726562,864283
2026-04-21 19:50:00+00:00,643.5675048828125,644.5,643.1300048828125,643.280029296875,739858
2026-04-21 19:55:00+00:00,643.2899780273438,644.3499755859375,643.0399780273438,644.280029296875,2803849
2026-04-22 13:30:00+00:00,650.260009765625,650.4600219726562,648.5465087890625,648.8099975585938,2590189
2026-04-22 13:35:00+00:00,648.8099975585938,649.4500732421875,648.6599731445312,649.0598754882812,362736
2026-04-22 13:40:00+00:00,649.0599975585938,649.6799926757812,648.9500122070312,649.47998046875,370949
2026-04-22 13:45:00+00:00,649.469970703125,650.1199951171875,648.8109741210938,649.130126953125,601311
2026-04-22 13:50:00+00:00,649.1400146484375,649.72998046875,648.52001953125,649.7100219726562,347018
2026-04-22 13:55:00+00:00,649.7349853515625,649.77001953125,649.0800170898438,649.7501220703125,544584
2026-04-22 14:00:00+00:00,649.75,650.5900268554688,649.6599731445312,650.2799072265625,800873
2026-04-22 14:05:00+00:00,650.260009765625,650.760009765625,649.47998046875,650.3300170898438,929818
2026-04-22 14:10:00+00:00,650.3499755859375,651.1900024414062,650.3400268554688,651.1400146484375,428355
2026-04-22 14:15:00+00:00,651.1500244140625,651.719970703125,651.1500244140625,651.7095947265625,737678
2026-04-22 14:20:00+00:00,651.7050170898438,652.4699096679688,651.5850219726562,652.25,637314
2026-04-22 14:25:00+00:00,652.219970703125,652.7899780273438,652.1201171875,652.760009765625,440202
2026-04-22 14:30:00+00:00,652.75,652.9099731445312,651.77001953125,652.1300048828125,961182
2026-04-22 14:35:00+00:00,652.1900024414062,653.0599975585938,651.6900024414062,652.9199829101562,1069475
2026-04-22 14:40:00+00:00,652.9201049804688,653.1799926757812,652.0700073242188,652.260009765625,470131
2026-04-22 14:45:00+00:00,652.239990234375,652.7498779296875,652.2249755859375,652.5,390524
2026-04-22 14:50:00+00:00,652.489990234375,652.780029296875,651.719970703125,652.280029296875,386205
2026-04-22 14:55:00+00:00,652.211181640625,652.4400024414062,651.8699951171875,652.3499755859375,312549
2026-04-22 15:00:00+00:00,652.3400268554688,652.45751953125,651.6099853515625,651.7899169921875,375518
2026-04-22 15:05:00+00:00,651.77001953125,652.655029296875,651.6699829101562,652.3049926757812,668609
2026-04-22 15:10:00+00:00,652.2899780273438,652.5800170898438,652.1099853515625,652.4099731445312,170618
2026-04-22 15:15:00+00:00,652.4349975585938,652.719970703125,652.1824951171875,652.6300048828125,162617
2026-04-22 15:20:00+00:00,652.5999755859375,653.219970703125,652.5703125,652.880126953125,250593
2026-04-22 15:25:00+00:00,652.9298706054688,653.22998046875,652.489990234375,652.780029296875,271774
2026-04-22 15:30:00+00:00,652.77001953125,653.1400146484375,652.6649780273438,652.85498046875,207728
2026-04-22 15:35:00+00:00,652.9000244140625,653.030029296875,652.5300903320312,652.9400024414062,257891
2026-04-22 15:40:00+00:00,652.9400024414062,653.1400146484375,652.25,652.2799072265625,210645
2026-04-22 15:45:00+00:00,652.2799072265625,653.0700073242188,652.1400146484375,652.9334106445312,259352
2026-04-22 15:50:00+00:00,652.9500122070312,653.0,652.589599609375,652.830810546875,164461
2026-04-22 15:55:00+00:00,652.8099975585938,653.1099853515625,652.4600219726562,652.5499877929688,641492
2026-04-22 16:00:00+00:00,652.5599975585938,652.97998046875,652.260009765625,652.916015625,249777
2026-04-22 16:05:00+00:00,652.9099731445312,653.1199951171875,652.7871704101562,652.9000244140625,177120
2026-04-22 16:10:00+00:00,652.9349975585938,653.0599975585938,652.5700073242188,652.97998046875,140173
2026-04-22 16:15:00+00:00,652.989990234375,653.1049194335938,652.4199829101562,652.4199829101562,285993
2026-04-22 16:20:00+00:00,652.4199829101562,652.9600219726562,652.4199829101562,652.7249755859375,114156
2026-04-22 16:25:00+00:00,652.7100219726562,652.8400268554688,652.3300170898438,652.4299926757812,136107
2026-04-22 16:30:00+00:00,652.4099731445312,652.7299194335938,652.0599975585938,652.4500122070312,174092
2026-04-22 16:35:00+00:00,652.4400024414062,652.7299194335938,652.219970703125,652.6500244140625,131533
2026-04-22 16:40:00+00:00,652.6400146484375,652.8200073242188,652.1099853515625,652.27001953125,436939
2026-04-22 16:45:00+00:00,652.2698974609375,652.6199951171875,652.18212890625,652.5750122070312,147157
2026-04-22 16:50:00+00:00,652.5800170898438,652.6699829101562,652.1599731445312,652.5299072265625,194303
2026-04-22 16:55:00+00:00,652.510009765625,652.5150146484375,652.030029296875,652.2899780273438,131606
2026-04-22 17:00:00+00:00,652.239990234375,653.0230102539062,652.239990234375,653.0050048828125,357447
2026-04-22 17:05:00+00:00,653.02001953125,653.1799926757812,652.8099975585938,653.1699829101562,224674
2026-04-22 17:10:00+00:00,653.1600952148438,653.9000244140625,653.1541137695312,653.4500732421875,555572
2026-04-22 17:15:00+00:00,653.47998046875,653.6699829101562,653.22998046875,653.3900146484375,186908
2026-04-22 17:20:00+00:00,653.409912109375,654.25,653.4000244140625,653.9600219726562,476049
2026-04-22 17:25:00+00:00,653.9500122070312,654.0399780273438,653.6599731445312,653.7100219726562,157382
2026-04-22 17:30:00+00:00,653.72998046875,654.0900268554688,653.6849975585938,653.8599853515625,191894
2026-04-22 17:35:00+00:00,653.85498046875,654.0050048828125,653.7050170898438,653.7799072265625,265146
2026-04-22 17:40:00+00:00,653.7872924804688,654.1199951171875,653.780029296875,654.0499267578125,230457
2026-04-22 17:45:00+00:00,654.0499877929688,654.1734008789062,653.5700073242188,654.02001953125,314549
2026-04-22 17:50:00+00:00,654.02001953125,654.22998046875,653.9338989257812,653.9849853515625,216057
2026-04-22 17:55:00+00:00,653.989990234375,654.0499877929688,653.77001953125,653.7750244140625,440454
2026-04-22 18:00:00+00:00,653.7664184570312,654.030029296875,653.655029296875,653.9299926757812,201068
2026-04-22 18:05:00+00:00,653.9349975585938,654.0,653.6699829101562,653.6749877929688,136553
2026-04-22 18:10:00+00:00,653.6701049804688,653.9099731445312,653.6199951171875,653.780029296875,164619
2026-04-22 18:15:00+00:00,653.760009765625,653.760009765625,653.2650146484375,653.469970703125,525016
2026-04-22 18:20:00+00:00,653.4400024414062,653.4400024414062,652.8895263671875,653.2442016601562,695130
2026-04-22 18:25:00+00:00,653.25,653.3499755859375,653.0449829101562,653.0499877929688,93656
2026-04-22 18:30:00+00:00,653.0549926757812,653.5399780273438,653.0098876953125,653.2999877929688,231513
2026-04-22 18:35:00+00:00,653.2999877929688,653.5499267578125,653.2901000976562,653.5499267578125,100248
2026-04-22 18:40:00+00:00,653.510009765625,653.739990234375,653.469970703125,653.7000732421875,115201
2026-04-22 18:45:00+00:00,653.6900024414062,653.9299926757812,653.530029296875,653.8400268554688,96417
2026-04-22 18:50:00+00:00,653.8499145507812,654.0499877929688,653.75,653.77001953125,157886
2026-04-22 18:55:00+00:00,653.7750244140625,653.7899780273438,653.3200073242188,653.3991088867188,280735
2026-04-22 19:00:00+00:00,653.4000244140625,653.4299926757812,652.530029296875,652.9401245117188,724064
2026-04-22 19:05:00+00:00,652.9550170898438,653.7000122070312,652.7901000976562,653.6799926757812,298314
2026-04-22 19:10:00+00:00,653.6599731445312,653.9400024414062,653.5650024414062,653.8300170898438,148648
2026-04-22 19:15:00+00:00,653.8300170898438,654.3200073242188,653.8200073242188,654.2800903320312,381446
2026-04-22 19:20:00+00:00,654.2930297851562,654.4099731445312,654.0399780273438,654.1599731445312,337928
2026-04-22 19:25:00+00:00,654.159912109375,654.4290771484375,654.0900268554688,654.1400146484375,290470
2026-04-22 19:30:00+00:00,654.1300048828125,654.3707275390625,653.9600219726562,654.260009765625,274703
2026-04-22 19:35:00+00:00,654.25,654.3599853515625,654.0100708007812,654.2550048828125,257243
2026-04-22 19:40:00+00:00,654.27001953125,654.4349975585938,654.239990234375,654.4149780273438,475219
2026-04-22 19:45:00+00:00,654.4199829101562,654.6799926757812,654.344970703125,654.6367797851562,469521
2026-04-22 19:50:00+00:00,654.6400146484375,655.3300170898438,654.3400268554688,655.1400146484375,1110324
2026-04-22 19:55:00+00:00,655.1500244140625,655.2899780273438,654.8150024414062,655.0800170898438,3572761
2026-04-23 13:30:00+00:00,653.5399780273438,653.5700073242188,652.3099975585938,653.2899780273438,2675393
2026-04-23 13:35:00+00:00,653.27001953125,654.4199829101562,653.1400146484375,654.313720703125,553944
2026-04-23 13:40:00+00:00,654.3099975585938,654.8300170898438,654.010009765625,654.5700073242188,403408
2026-04-23 13:45:00+00:00,654.5599975585938,655.6199951171875,654.1500244140625,655.1058959960938,512173
2026-04-23 13:50:00+00:00,655.1099853515625,655.1500244140625,654.219970703125,654.5889892578125,476140
2026-04-23 13:55:00+00:00,654.5800170898438,654.5828247070312,653.5499267578125,653.5800170898438,438922
2026-04-23 14:00:00+00:00,653.5800170898438,653.877685546875,652.4199829101562,653.5599975585938,636127
2026-04-23 14:05:00+00:00,653.489990234375,653.9000244140625,652.9307861328125,653.8125,275681
2026-04-23 14:10:00+00:00,653.8400268554688,653.8400268554688,652.6500244140625,652.9099731445312,268597
2026-04-23 14:15:00+00:00,652.8800048828125,653.7899780273438,652.8599853515625,652.9450073242188,355943
2026-04-23 14:20:00+00:00,652.9349975585938,653.8499755859375,652.8499755859375,653.7100219726562,697255
2026-04-23 14:25:00+00:00,653.7000122070312,653.8800048828125,653.197998046875,653.52001953125,234433
2026-04-23 14:30:00+00:00,653.5449829101562,654.489990234375,653.5449829101562,654.0900268554688,441752
2026-04-23 14:35:00+00:00,654.0800170898438,654.5599975585938,653.5999755859375,653.9199829101562,216634
2026-04-23 14:40:00+00:00,653.905029296875,654.0900268554688,653.2902221679688,653.9949951171875,209660
2026-04-23 14:45:00+00:00,654.0390014648438,654.5599975585938,654.0100708007812,654.27001953125,170137
2026-04-23 14:50:00+00:00,654.2899780273438,654.989990234375,654.10009765625,654.9212036132812,339414
2026-04-23 14:55:00+00:00,654.9650268554688,655.6998291015625,654.9650268554688,655.4500122070312,448509
2026-04-23 15:00:00+00:00,655.4199829101562,655.8900146484375,655.4199829101562,655.6699829101562,226004
2026-04-23 15:05:00+00:00,655.7000122070312,655.9490966796875,655.4199829101562,655.9199829101562,240701
2026-04-23 15:10:00+00:00,655.9500122070312,656.32958984375,655.9400024414062,656.0349731445312,414891
2026-04-23 15:15:00+00:00,656.0401000976562,656.5599975585938,655.7650146484375,656.4400024414062,275233
2026-04-23 15:20:00+00:00,656.530029296875,656.780029296875,656.239990234375,656.614990234375,234844
2026-04-23 15:25:00+00:00,656.61572265625,656.760009765625,656.2899780273438,656.3300170898438,282765
2026-04-23 15:30:00+00:00,656.2999877929688,656.9199829101562,656.0540161132812,656.6599731445312,228762
2026-04-23 15:35:00+00:00,656.6799926757812,656.6799926757812,656.1599731445312,656.2150268554688,250531
2026-04-23 15:40:00+00:00,656.2000122070312,656.5399780273438,655.969970703125,656.0750122070312,212325
2026-04-23 15:45:00+00:00,656.0800170898438,656.0900268554688,655.1500244140625,655.3599853515625,332419
2026-04-23 15:50:00+00:00,655.3699951171875,655.4000244140625,654.6500244140625,654.72998046875,398525
2026-04-23 15:55:00+00:00,654.6981201171875,655.5900268554688,654.6500244140625,655.407470703125,220000
2026-04-23 16:00:00+00:00,655.4199829101562,655.5789794921875,654.27001953125,654.2999267578125,224311
2026-04-23 16:05:00+00:00,654.2714233398438,654.7598876953125,654.1199951171875,654.3800048828125,216074
2026-04-23 16:10:00+00:00,654.3900146484375,655.1699829101562,654.3900146484375,655.1596069335938,128262
2026-04-23 16:15:00+00:00,655.1400146484375,655.3900146484375,655.0,655.2000122070312,214202
2026-04-23 16:20:00+00:00,655.2249755859375,655.3800048828125,654.8099975585938,655.364990234375,188524
2026-04-23 16:25:00+00:00,655.364990234375,655.6900024414062,655.1876831054688,655.3099975585938,173148
2026-04-23 16:30:00+00:00,655.3099975585938,655.8400268554688,655.2000122070312,655.780029296875,408869
2026-04-23 16:35:00+00:00,655.7750244140625,656.02001953125,655.489990234375,655.572021484375,163608
2026-04-23 16:40:00+00:00,655.5712280273438,655.6798706054688,655.3800048828125,655.5999755859375,169951
2026-04-23 16:45:00+00:00,655.5999755859375,655.8900146484375,655.3099975585938,655.489990234375,293186
2026-04-23 16:50:00+00:00,655.4299926757812,655.7587280273438,655.3200073242188,655.4299926757812,118733
2026-04-23 16:55:00+00:00,655.4199829101562,655.719970703125,654.969970703125,655.2301025390625,111302
2026-04-23 17:00:00+00:00,655.280029296875,655.530029296875,653.2000122070312,653.489990234375,942818
2026-04-23 17:05:00+00:00,653.469970703125,653.5250244140625,651.969970703125,652.0599975585938,605694
2026-04-23 17:10:00+00:00,652.0700073242188,652.3699951171875,651.344970703125,651.8599853515625,824871
2026-04-23 17:15:00+00:00,651.8699951171875,651.8699951171875,649.9199829101562,650.360107421875,790487
2026-04-23 17:20:00+00:00,650.3599853515625,650.8198852539062,649.7999877929688,650.239990234375,688197
2026-04-23 17:25:00+00:00,650.280029296875,651.5700073242188,649.9099731445312,650.0650024414062,854570
2026-04-23 17:30:00+00:00,650.0800170898438,651.6099853515625,649.6199951171875,651.5499877929688,608504
2026-04-23 17:35:00+00:00,651.5700073242188,651.969970703125,649.5399780273438,649.7999877929688,812417
2026-04-23 17:40:00+00:00,649.8250122070312,649.8699951171875,647.0001220703125,647.4050903320312,1328653
2026-04-23 17:45:00+00:00,647.4400024414062,647.7000122070312,645.5250244140625,647.119873046875,1525906
2026-04-23 17:50:00+00:00,647.0999755859375,650.3599853515625,646.1699829101562,649.2000122070312,1573074
2026-04-23 17:55:00+00:00,649.1849975585938,650.5999755859375,648.9299926757812,650.2899780273438,1035232
2026-04-23 18:00:00+00:00,650.2899780273438,651.8800048828125,649.8499755859375,650.9598999023438,908305
2026-04-23 18:05:00+00:00,650.9199829101562,651.6900024414062,650.469970703125,651.0,494272
2026-04-23 18:10:00+00:00,651.010009765625,651.8900146484375,650.6400146484375,651.2050170898438,401499
2026-04-23 18:15:00+00:00,651.1900024414062,651.6400146484375,650.9619140625,651.3200073242188,218778
2026-04-23 18:20:00+00:00,651.3499755859375,651.7979736328125,650.780029296875,651.4598999023438,221465
2026-04-23 18:25:00+00:00,651.4400024414062,651.72998046875,651.090087890625,651.6749877929688,233176
2026-04-23 18:30:00+00:00,651.6799926757812,652.409912109375,651.6799926757812,652.2949829101562,356201
2026-04-23 18:35:00+00:00,652.25,652.739990234375,652.0,652.159912109375,353375
2026-04-23 18:40:00+00:00,652.1799926757812,652.260009765625,651.3099975585938,651.9199829101562,281652
2026-04-23 18:45:00+00:00,651.9149780273438,651.9149780273438,651.0700073242188,651.0700073242188,263240
2026-04-23 18:50:00+00:00,651.0599975585938,651.3800048828125,650.6224975585938,651.0601196289062,208979
2026-04-23 18:55:00+00:00,651.0599975585938,651.1599731445312,649.3800048828125,649.8400268554688,329152
2026-04-23 19:00:00+00:00,649.7999877929688,650.1699829101562,649.3400268554688,649.8150024414062,353328
2026-04-23 19:05:00+00:00,649.8300170898438,650.8200073242188,649.8300170898438,650.5150146484375,263189
2026-04-23 19:10:00+00:00,650.5202026367188,650.8599853515625,650.260009765625,650.8250122070312,223082
2026-04-23 19:15:00+00:00,650.8499755859375,651.3800048828125,650.8499755859375,651.0700073242188,353020
2026-04-23 19:20:00+00:00,651.0701293945312,651.1500244140625,650.8001098632812,651.02001953125,197410
2026-04-23 19:25:00+00:00,651.030029296875,651.3499755859375,651.0,651.1099853515625,240930
2026-04-23 19:30:00+00:00,651.1099853515625,651.619873046875,650.5,650.5498046875,414172
2026-04-23 19:35:00+00:00,650.4404907226562,650.47998046875,649.7100219726562,650.1699829101562,342545
2026-04-23 19:40:00+00:00,650.1799926757812,650.6300048828125,649.9199829101562,649.989990234375,355280
2026-04-23 19:45:00+00:00,649.9901123046875,650.7999877929688,649.9901123046875,650.7999877929688,338429
2026-04-23 19:50:00+00:00,650.780029296875,651.0599975585938,649.3499755859375,650.9000244140625,742539
2026-04-23 19:55:00+00:00,650.919921875,651.8499145507812,650.6749877929688,651.4099731445312,1448629
2026-04-24 13:30:00+00:00,658.469970703125,659.3400268554688,657.72998046875,658.780029296875,4018992
2026-04-24 13:35:00+00:00,658.780029296875,659.5999755859375,658.2050170898438,659.3900146484375,752294
2026-04-24 13:40:00+00:00,659.375,659.6950073242188,658.2100219726562,658.5999145507812,1050192
2026-04-24 13:45:00+00:00,658.6199951171875,659.2999877929688,658.3402709960938,659.1749877929688,592353
2026-04-24 13:50:00+00:00,659.1900024414062,659.5198974609375,657.3699951171875,657.5501098632812,816985
2026-04-24 13:55:00+00:00,657.5499877929688,658.2398071289062,656.5300903320312,658.0200805664062,636467
2026-04-24 14:00:00+00:00,658.02001953125,658.72998046875,657.2340087890625,657.8800048828125,485274
2026-04-24 14:05:00+00:00,657.8400268554688,659.239990234375,657.6799926757812,658.9401245117188,599756
2026-04-24 14:10:00+00:00,658.9400024414062,659.8499755859375,658.6300048828125,659.0800170898438,708107
2026-04-24 14:15:00+00:00,659.0499877929688,659.739990234375,658.760009765625,659.27001953125,523783
2026-04-24 14:20:00+00:00,659.25,659.5900268554688,658.6339721679688,659.0498046875,371041
2026-04-24 14:25:00+00:00,659.0499877929688,659.0499877929688,657.9199829101562,658.1400146484375,597053
2026-04-24 14:30:00+00:00,658.239990234375,658.5850219726562,657.4600219726562,658.0750122070312,494729
2026-04-24 14:35:00+00:00,658.08251953125,659.2899780273438,657.85009765625,658.989990234375,311927
2026-04-24 14:40:00+00:00,658.97998046875,659.5999755859375,658.8800048828125,659.4600219726562,362987
2026-04-24 14:45:00+00:00,659.47998046875,660.1199951171875,658.9199829101562,659.7050170898438,589097
2026-04-24 14:50:00+00:00,659.6900024414062,660.1400146484375,659.3400268554688,659.760009765625,529013
2026-04-24 14:55:00+00:00,659.75,660.5499877929688,659.719970703125,660.385009765625,999682
2026-04-24 15:00:00+00:00,660.4000244140625,660.739013671875,660.3400268554688,660.530029296875,675353
2026-04-24 15:05:00+00:00,660.5399780273438,660.760009765625,660.3099975585938,660.530029296875,427844
2026-04-24 15:10:00+00:00,660.5700073242188,661.0399780273438,660.4600219726562,661.030029296875,349747
2026-04-24 15:15:00+00:00,661.030029296875,661.1300048828125,660.6400146484375,660.6900024414062,492557
2026-04-24 15:20:00+00:00,660.7000122070312,661.3699951171875,660.47998046875,661.239990234375,559255
2026-04-24 15:25:00+00:00,661.219970703125,661.2772216796875,660.6900024414062,661.2000122070312,391120
2026-04-24 15:30:00+00:00,661.22998046875,661.6749877929688,661.0700073242188,661.260009765625,572478
2026-04-24 15:35:00+00:00,661.25,661.4299926757812,660.77001953125,660.9199829101562,449895
2026-04-24 15:40:00+00:00,660.9199829101562,663.0999755859375,660.8400268554688,662.719970703125,617051
2026-04-24 15:45:00+00:00,662.7100219726562,663.4349975585938,661.6599731445312,662.4005737304688,1111412
2026-04-24 15:50:00+00:00,662.4099731445312,663.3099975585938,662.3400268554688,662.8099975585938,703227
2026-04-24 15:55:00+00:00,662.8900146484375,663.02001953125,662.6400146484375,662.9099731445312,311578
2026-04-24 16:00:00+00:00,662.9099731445312,663.0999755859375,662.3599853515625,662.8499755859375,324555
2026-04-24 16:05:00+00:00,662.8599853515625,663.1099853515625,662.0599975585938,662.2849731445312,369622
2026-04-24 16:10:00+00:00,662.27001953125,663.040283203125,662.1500244140625,662.6099853515625,329425
2026-04-24 16:15:00+00:00,662.5800170898438,662.7440185546875,662.2100219726562,662.6300048828125,164232
2026-04-24 16:20:00+00:00,662.6300048828125,663.0,662.6099853515625,662.989990234375,187937
2026-04-24 16:25:00+00:00,662.989990234375,663.27001953125,662.7899780273438,663.0,783963
2026-04-24 16:30:00+00:00,663.0,663.6500244140625,663.0,663.5963745117188,482643
2026-04-24 16:35:00+00:00,663.5900268554688,663.7399291992188,663.2999877929688,663.4099731445312,207381
2026-04-24 16:40:00+00:00,663.393310546875,663.4000244140625,662.4849853515625,662.8400268554688,272302
2026-04-24 16:45:00+00:00,662.8200073242188,663.1300048828125,662.6649780273438,662.8300170898438,132269
2026-04-24 16:50:00+00:00,662.8250122070312,663.1300048828125,662.7899780273438,662.9600219726562,199728
2026-04-24 16:55:00+00:00,663.02001953125,663.489990234375,662.9099731445312,663.260009765625,229129
2026-04-24 17:00:00+00:00,663.2899780273438,663.5800170898438,663.2100219726562,663.3599853515625,376372
2026-04-24 17:05:00+00:00,663.3400268554688,663.447998046875,663.1201782226562,663.25,239868
2026-04-24 17:10:00+00:00,663.22998046875,663.510009765625,663.0499877929688,663.219970703125,186861
2026-04-24 17:15:00+00:00,663.22998046875,663.25,662.864990234375,662.89501953125,243036
2026-04-24 17:20:00+00:00,662.9099731445312,662.968017578125,662.2249755859375,662.8099975585938,255953
2026-04-24 17:25:00+00:00,662.8099975585938,663.030029296875,662.6199951171875,662.6199951171875,164145
2026-04-24 17:30:00+00:00,662.60498046875,662.989990234375,662.3200073242188,662.8499755859375,252409
2026-04-24 17:35:00+00:00,662.8499755859375,663.510009765625,662.8200073242188,662.9249877929688,279497
2026-04-24 17:40:00+00:00,662.9349975585938,663.4000244140625,662.9099731445312,663.3800048828125,138550
2026-04-24 17:45:00+00:00,663.3800048828125,663.5798950195312,663.3110961914062,663.380126953125,237773
2026-04-24 17:50:00+00:00,663.4000244140625,664.510009765625,663.2999877929688,663.8900146484375,425280
2026-04-24 17:55:00+00:00,663.8499755859375,664.0399780273438,663.6799926757812,663.8099975585938,294393
2026-04-24 18:00:00+00:00,663.7999877929688,664.0599975585938,663.5150146484375,663.6599731445312,305861
2026-04-24 18:05:00+00:00,663.60498046875,663.6599731445312,663.1701049804688,663.510009765625,341879
2026-04-24 18:10:00+00:00,663.52001953125,663.6300048828125,663.2100219726562,663.4000244140625,150391
2026-04-24 18:15:00+00:00,663.4000244140625,663.4600219726562,662.8400268554688,663.0,308987
2026-04-24 18:20:00+00:00,662.969970703125,663.030029296875,662.6699829101562,662.9400024414062,411058
2026-04-24 18:25:00+00:00,662.9400024414062,663.2498779296875,662.6900024414062,662.760009765625,247474
2026-04-24 18:30:00+00:00,662.7899780273438,663.3200073242188,662.7000122070312,663.25,520900
2026-04-24 18:35:00+00:00,663.239990234375,663.4500122070312,663.1799926757812,663.3300170898438,206276
2026-04-24 18:40:00+00:00,663.3400268554688,663.5700073242188,663.0700073242188,663.2299194335938,188456
2026-04-24 18:45:00+00:00,663.219970703125,663.3264770507812,662.9714965820312,663.0800170898438,641208
2026-04-24 18:50:00+00:00,663.0200805664062,663.3599853515625,662.9299926757812,663.1749877929688,468162
2026-04-24 18:55:00+00:00,663.2000122070312,663.3250122070312,663.1099853515625,663.27001953125,271225
2026-04-24 19:00:00+00:00,663.27001953125,663.7100219726562,663.2650146484375,663.4400024414062,512450
2026-04-24 19:05:00+00:00,663.4400024414062,663.8607177734375,663.3400268554688,663.8425903320312,279699
2026-04-24 19:10:00+00:00,663.8499755859375,664.1699829101562,663.8099975585938,664.0900268554688,404637
2026-04-24 19:15:00+00:00,664.0900268554688,664.3800048828125,664.0900268554688,664.3049926757812,699979
2026-04-24 19:20:00+00:00,664.2999877929688,664.3300170898438,663.8099975585938,663.8798828125,505055
2026-04-24 19:25:00+00:00,663.8699951171875,663.9400024414062,663.5399780273438,663.6300048828125,316177
2026-04-24 19:30:00+00:00,663.6199951171875,663.72998046875,663.25,663.6199951171875,717971
2026-04-24 19:35:00+00:00,663.6099853515625,663.6099853515625,663.2000122070312,663.3883056640625,306521
2026-04-24 19:40:00+00:00,663.3699951171875,663.7100219726562,663.2550048828125,663.510009765625,291092
2026-04-24 19:45:00+00:00,663.510009765625,663.6300048828125,663.3200073242188,663.614990234375,463614
2026-04-24 19:50:00+00:00,663.6300048828125,664.1300048828125,663.3599853515625,664.0999755859375,1451224
2026-04-24 19:55:00+00:00,664.1099853515625,664.239990234375,663.8499755859375,663.9099731445312,3406862
2026-04-27 13:30:00+00:00,663.385009765625,663.8499755859375,662.3099975585938,662.4400024414062,2685558
2026-04-27 13:35:00+00:00,662.4299926757812,663.5,662.0700073242188,662.989990234375,1445534
2026-04-27 13:40:00+00:00,662.9949951171875,663.1900024414062,662.25,662.8699951171875,566014
2026-04-27 13:45:00+00:00,662.8300170898438,662.9000244140625,661.3599853515625,661.967529296875,741667
2026-04-27 13:50:00+00:00,662.0198974609375,662.739990234375,660.6900024414062,662.7000122070312,960217
2026-04-27 13:55:00+00:00,662.6799926757812,663.5089721679688,662.510009765625,663.280029296875,663109
2026-04-27 14:00:00+00:00,663.1900024414062,663.4099731445312,662.5700073242188,662.8400268554688,560755
2026-04-27 14:05:00+00:00,662.8400268554688,663.2100219726562,662.2999877929688,662.342529296875,611938
2026-04-27 14:10:00+00:00,662.3574829101562,662.97998046875,661.9099731445312,662.9249877929688,581605
2026-04-27 14:15:00+00:00,662.8800048828125,663.0,662.0407104492188,662.2899780273438,462233
2026-04-27 14:20:00+00:00,662.2899780273438,662.5985717773438,662.0399780273438,662.4791870117188,317197
2026-04-27 14:25:00+00:00,662.4849853515625,662.77001953125,662.080078125,662.1699829101562,283129
2026-04-27 14:30:00+00:00,662.1859741210938,662.1900024414062,661.27001953125,662.0800170898438,582039
2026-04-27 14:35:00+00:00,662.099609375,663.280029296875,662.0001831054688,662.6199951171875,1105996
2026-04-27 14:40:00+00:00,662.6199951171875,662.7999877929688,662.1300048828125,662.5999755859375,373237
2026-04-27 14:45:00+00:00,662.6400146484375,662.6699829101562,661.9619750976562,662.510009765625,203245
2026-04-27 14:50:00+00:00,662.5,662.9000244140625,661.9099731445312,662.1500244140625,540840
2026-04-27 14:55:00+00:00,662.219970703125,662.5499267578125,661.8400268554688,662.39990234375,168932
2026-04-27 15:00:00+00:00,662.4199829101562,662.6400146484375,661.5900268554688,661.6799926757812,272433
2026-04-27 15:05:00+00:00,661.6199951171875,662.3699951171875,661.510009765625,662.0999755859375,264244
2026-04-27 15:10:00+00:00,662.0899047851562,662.3250122070312,661.6199951171875,661.719970703125,246840
2026-04-27 15:15:00+00:00,661.6849975585938,662.1998901367188,661.5800170898438,661.6699829101562,265461
2026-04-27 15:20:00+00:00,661.7249755859375,661.780029296875,660.9500122070312,661.2550048828125,254109
2026-04-27 15:25:00+00:00,661.22998046875,661.8200073242188,661.02001953125,661.8200073242188,300632
2026-04-27 15:30:00+00:00,661.8300170898438,662.1649780273438,661.6099853515625,661.9500122070312,383347
2026-04-27 15:35:00+00:00,662.0,662.22998046875,661.840087890625,662.1901245117188,110159
2026-04-27 15:40:00+00:00,662.1950073242188,662.72998046875,662.0999755859375,662.489990234375,289338
2026-04-27 15:45:00+00:00,662.4550170898438,662.6680908203125,662.2000122070312,662.2899780273438,276638
2026-04-27 15:50:00+00:00,662.2750244140625,662.469970703125,661.9199829101562,662.1400146484375,201814
2026-04-27 15:55:00+00:00,662.135009765625,662.3900146484375,661.9901123046875,662.3400268554688,138961
2026-04-27 16:00:00+00:00,662.3900146484375,662.5399780273438,661.9000244140625,662.1099853515625,165718
2026-04-27 16:05:00+00:00,662.135009765625,662.5900268554688,662.114990234375,662.4600219726562,196948
2026-04-27 16:10:00+00:00,662.4849853515625,662.760009765625,662.3200073242188,662.5549926757812,254046
2026-04-27 16:15:00+00:00,662.5499877929688,662.9099731445312,662.5,662.85498046875,269704
2026-04-27 16:20:00+00:00,662.8699951171875,662.8900146484375,662.4400024414062,662.5,475181
2026-04-27 16:25:00+00:00,662.530029296875,662.780029296875,662.47998046875,662.5800170898438,88568
2026-04-27 16:30:00+00:00,662.5800170898438,663.0399780273438,662.5800170898438,662.969970703125,220097
2026-04-27 16:35:00+00:00,662.969970703125,663.1801147460938,662.7999877929688,663.1699829101562,238203
2026-04-27 16:40:00+00:00,663.1400146484375,663.3300170898438,663.0,663.0800170898438,138063
2026-04-27 16:45:00+00:00,663.0750122070312,663.3200073242188,663.0399780273438,663.260009765625,85558
2026-04-27 16:50:00+00:00,663.260009765625,663.260009765625,662.9099731445312,662.9299926757812,152143
2026-04-27 16:55:00+00:00,662.9349975585938,662.989990234375,662.6500244140625,662.9400024414062,103855
2026-04-27 17:00:00+00:00,662.9349975585938,663.25,662.9349975585938,663.1300048828125,143006
2026-04-27 17:05:00+00:00,663.1099853515625,663.27001953125,663.02001953125,663.260009765625,709039
2026-04-27 17:10:00+00:00,663.2449951171875,663.5,663.0800170898438,663.47998046875,193738
2026-04-27 17:15:00+00:00,663.489990234375,663.5800170898438,662.6500244140625,662.9600219726562,181188
2026-04-27 17:20:00+00:00,662.9500122070312,663.6500244140625,662.72998046875,663.1749877929688,303335
2026-04-27 17:25:00+00:00,663.2000122070312,663.530029296875,663.135009765625,663.469970703125,209948
2026-04-27 17:30:00+00:00,663.4400024414062,664.0800170898438,663.4400024414062,664.0650024414062,345893
2026-04-27 17:35:00+00:00,664.0599975585938,664.0900268554688,663.6300048828125,663.669921875,261460
2026-04-27 17:40:00+00:00,663.6649780273438,663.9199829101562,663.60009765625,663.9000244140625,146116
2026-04-27 17:45:00+00:00,663.9000244140625,664.0499877929688,663.780029296875,664.02001953125,170352
2026-04-27 17:50:00+00:00,664.021484375,664.1224975585938,663.5800170898438,663.72998046875,245404
2026-04-27 17:55:00+00:00,663.73876953125,663.89990234375,663.64599609375,663.8599853515625,157237
2026-04-27 18:00:00+00:00,663.8400268554688,663.8400268554688,663.5900268554688,663.6950073242188,176023
2026-04-27 18:05:00+00:00,663.6950073242188,663.97998046875,663.6300048828125,663.9600219726562,184393
2026-04-27 18:10:00+00:00,663.97998046875,664.030029296875,663.8200073242188,663.9000244140625,390616
2026-04-27 18:15:00+00:00,663.8900146484375,664.0399780273438,663.8400268554688,663.969970703125,1493947
2026-04-27 18:20:00+00:00,663.9600219726562,664.02001953125,663.8800048828125,663.969970703125,208004
2026-04-27 18:25:00+00:00,663.9600219726562,663.97998046875,663.72998046875,663.8599853515625,232051
2026-04-27 18:30:00+00:00,663.8400268554688,664.0,663.7000732421875,663.7650146484375,471201
2026-04-27 18:35:00+00:00,663.7550048828125,663.8599853515625,663.6699829101562,663.6699829101562,134483
2026-04-27 18:40:00+00:00,663.6699829101562,664.375,663.3300170898438,663.4500122070312,471118
2026-04-27 18:45:00+00:00,663.4400024414062,663.4400024414062,663.0798950195312,663.3001098632812,200831
2026-04-27 18:50:00+00:00,663.2899780273438,663.47998046875,662.969970703125,663.02001953125,138560
2026-04-27 18:55:00+00:00,662.9901123046875,663.364990234375,662.97998046875,663.1900024414062,148139
2026-04-27 19:00:00+00:00,663.1699829101562,663.3499755859375,663.0200805664062,663.1699829101562,131408
2026-04-27 19:05:00+00:00,663.1649780273438,663.2598876953125,662.9299926757812,663.14501953125,201356
2026-04-27 19:10:00+00:00,663.114990234375,663.5399780273438,663.02001953125,663.489990234375,838714
2026-04-27 19:15:00+00:00,663.5,663.8400268554688,663.469970703125,663.7999877929688,466468
2026-04-27 19:20:00+00:00,663.739990234375,663.8400268554688,663.6099853515625,663.6849975585938,165538
2026-04-27 19:25:00+00:00,663.7000122070312,663.8200073242188,663.5999755859375,663.6901245117188,184773
2026-04-27 19:30:00+00:00,663.7100219726562,664.0194702148438,663.6898803710938,663.8499755859375,662775
2026-04-27 19:35:00+00:00,663.8599243164062,663.97998046875,663.4299926757812,663.7999267578125,478346
2026-04-27 19:40:00+00:00,663.7999877929688,663.8900146484375,663.5599975585938,663.8798828125,302551
2026-04-27 19:45:00+00:00,663.8699951171875,664.2449951171875,663.8499755859375,664.22998046875,458119
2026-04-27 19:50:00+00:00,664.2249755859375,664.4199829101562,664.030029296875,664.1300048828125,532884
2026-04-27 19:55:00+00:00,664.1300048828125,664.3800048828125,663.9500122070312,664.27001953125,818438
2026-04-28 13:30:00+00:00,657.4550170898438,657.4600219726562,655.2750244140625,656.9500122070312,4799104
2026-04-28 13:35:00+00:00,656.969970703125,658.0999755859375,656.8800048828125,657.6400146484375,1106949
2026-04-28 13:40:00+00:00,657.6099853515625,659.3800048828125,657.3200073242188,658.7550048828125,829640
2026-04-28 13:45:00+00:00,658.760009765625,659.6400146484375,658.5499877929688,659.0999755859375,671535
2026-04-28 13:50:00+00:00,659.0900268554688,659.2750244140625,657.9099731445312,658.0499877929688,493554
2026-04-28 13:55:00+00:00,658.0800170898438,658.739990234375,657.0,658.4600219726562,614702
2026-04-28 14:00:00+00:00,658.3099975585938,658.64501953125,657.6799926757812,658.0549926757812,363164
2026-04-28 14:05:00+00:00,658.0399780273438,659.2000122070312,658.0399780273438,658.9600219726562,343583
2026-04-28 14:10:00+00:00,658.9600219726562,658.9600219726562,658.22998046875,658.5499877929688,388573
2026-04-28 14:15:00+00:00,658.6300048828125,658.8099975585938,657.9105834960938,658.0700073242188,645492
2026-04-28 14:20:00+00:00,658.0599975585938,658.4400024414062,657.4199829101562,657.5900268554688,253176
2026-04-28 14:25:00+00:00,657.5900268554688,658.1099853515625,657.1599731445312,657.6386108398438,405434
2026-04-28 14:30:00+00:00,657.6572265625,657.9299926757812,656.9099731445312,657.052490234375,347831
2026-04-28 14:35:00+00:00,657.0599975585938,657.0599975585938,654.5999755859375,655.3101196289062,910547
2026-04-28 14:40:00+00:00,655.3200073242188,656.0599975585938,654.5599975585938,656.010009765625,657029
2026-04-28 14:45:00+00:00,656.010009765625,656.27001953125,654.97998046875,655.0499877929688,457592
2026-04-28 14:50:00+00:00,655.02001953125,655.02001953125,653.8800048828125,654.2119750976562,836271
2026-04-28 14:55:00+00:00,654.219970703125,655.7890014648438,653.8609008789062,655.7750244140625,715122
2026-04-28 15:00:00+00:00,655.8099975585938,656.4199829101562,655.4500122070312,655.5399780273438,413342
2026-04-28 15:05:00+00:00,655.594970703125,655.7620239257812,654.3499755859375,654.8101196289062,421416
2026-04-28 15:10:00+00:00,654.8400268554688,655.9299926757812,654.760009765625,655.8900146484375,257021
2026-04-28 15:15:00+00:00,655.9000244140625,656.010009765625,655.239990234375,655.897705078125,181164
2026-04-28 15:20:00+00:00,655.9298706054688,655.9600219726562,654.739990234375,655.030029296875,293695
2026-04-28 15:25:00+00:00,655.010009765625,655.0700073242188,654.4299926757812,654.6849975585938,291321
2026-04-28 15:30:00+00:00,654.5850219726562,654.6729736328125,653.9099731445312,654.1099853515625,313958
2026-04-28 15:35:00+00:00,654.1400146484375,654.9600219726562,653.8599853515625,654.565673828125,346361
2026-04-28 15:40:00+00:00,654.52001953125,654.8699951171875,654.3599853515625,654.4525146484375,139868
2026-04-28 15:45:00+00:00,654.4450073242188,654.6799926757812,653.8099975585938,654.0900268554688,523400
2026-04-28 15:50:00+00:00,654.1599731445312,654.6599731445312,654.030029296875,654.489990234375,424342
2026-04-28 15:55:00+00:00,654.469970703125,654.8900146484375,654.1796875,654.8599853515625,166672
2026-04-28 16:00:00+00:00,654.8800048828125,655.218017578125,654.5574951171875,655.0599975585938,272454
2026-04-28 16:05:00+00:00,655.0549926757812,655.6500244140625,655.02001953125,655.2999877929688,373873
2026-04-28 16:10:00+00:00,655.2849731445312,655.4400024414062,654.9199829101562,655.279296875,948530
2026-04-28 16:15:00+00:00,655.280029296875,655.4500122070312,654.9099731445312,655.3599853515625,163521
2026-04-28 16:20:00+00:00,655.4299926757812,655.6788940429688,655.3150024414062,655.4600219726562,159752
2026-04-28 16:25:00+00:00,655.4849853515625,655.5999145507812,655.1400146484375,655.2550048828125,235972
2026-04-28 16:30:00+00:00,655.27001953125,655.4400024414062,654.52001953125,654.52001953125,160972
2026-04-28 16:35:00+00:00,654.52001953125,654.760009765625,654.2501220703125,654.510009765625,179073
2026-04-28 16:40:00+00:00,654.5399780273438,654.760009765625,654.27001953125,654.5499877929688,128998
2026-04-28 16:45:00+00:00,654.530029296875,655.0399780273438,654.47998046875,654.9727172851562,133030
2026-04-28 16:50:00+00:00,654.989990234375,655.8300170898438,654.5399780273438,655.7100830078125,300848
2026-04-28 16:55:00+00:00,655.739990234375,655.8599853515625,655.3099975585938,655.5800170898438,176195
2026-04-28 17:00:00+00:00,655.5999755859375,655.9199829101562,654.8800048828125,654.9998779296875,327375
2026-04-28 17:05:00+00:00,655.0399780273438,655.2698974609375,654.701416015625,655.2698974609375,135904
2026-04-28 17:10:00+00:00,655.2186279296875,655.4000244140625,654.8231811523438,655.280029296875,117279
2026-04-28 17:15:00+00:00,655.2899780273438,655.3499755859375,654.7301025390625,654.9158935546875,105545
2026-04-28 17:20:00+00:00,654.91748046875,655.219970703125,654.8400268554688,655.1699829101562,104517
2026-04-28 17:25:00+00:00,655.2000122070312,655.7899780273438,655.0700073242188,655.5800170898438,137430
2026-04-28 17:30:00+00:00,655.5800170898438,656.030029296875,655.56201171875,656.02001953125,205249
2026-04-28 17:35:00+00:00,656.0360107421875,656.3400268554688,656.0360107421875,656.2999267578125,194184
2026-04-28 17:40:00+00:00,656.3200073242188,656.739990234375,656.1699829101562,656.4492797851562,190815
2026-04-28 17:45:00+00:00,656.4400024414062,656.719970703125,656.4199829101562,656.47998046875,172165
2026-04-28 17:50:00+00:00,656.47998046875,656.8200073242188,656.3099975585938,656.6950073242188,166975
2026-04-28 17:55:00+00:00,656.6950073242188,657.030029296875,656.6699829101562,656.9896850585938,174496
2026-04-28 18:00:00+00:00,656.9700927734375,657.1099853515625,656.6199951171875,656.6898803710938,214305
2026-04-28 18:05:00+00:00,656.719970703125,656.97998046875,656.4600219726562,656.8300170898438,202506
2026-04-28 18:10:00+00:00,656.8350219726562,657.0,656.6400146484375,656.969970703125,119260
2026-04-28 18:15:00+00:00,656.969970703125,657.47998046875,656.969970703125,657.4199829101562,267577
2026-04-28 18:20:00+00:00,657.4199829101562,657.9600219726562,656.3800048828125,657.6799926757812,424618
2026-04-28 18:25:00+00:00,657.7100219726562,657.8800048828125,657.5900268554688,657.8200073242188,206270
2026-04-28 18:30:00+00:00,657.8099975585938,657.9199829101562,657.3200073242188,657.3800048828125,245601
2026-04-28 18:35:00+00:00,657.3665161132812,657.5906982421875,657.2000122070312,657.5449829101562,121310
2026-04-28 18:40:00+00:00,657.530029296875,657.9000244140625,657.2100219726562,657.9000244140625,179408
2026-04-28 18:45:00+00:00,657.8701171875,657.97998046875,657.6950073242188,657.9099731445312,133899
2026-04-28 18:50:00+00:00,657.9249877929688,658.22998046875,657.8099975585938,658.2000122070312,227263
2026-04-28 18:55:00+00:00,658.2000122070312,658.25,657.760009765625,658.2449951171875,203695
2026-04-28 19:00:00+00:00,658.25,658.5999755859375,658.0999755859375,658.4373168945312,214445
2026-04-28 19:05:00+00:00,658.489990234375,658.9199829101562,658.489990234375,658.7000122070312,597834
2026-04-28 19:10:00+00:00,658.7100219726562,658.9639892578125,656.3800048828125,658.530029296875,367279
2026-04-28 19:15:00+00:00,658.52001953125,658.52001953125,657.97998046875,657.989990234375,329026
2026-04-28 19:20:00+00:00,658.0,658.1599731445312,657.7100219726562,657.9600219726562,323073
2026-04-28 19:25:00+00:00,657.9500122070312,658.0999755859375,657.8499755859375,658.030029296875,151662
2026-04-28 19:30:00+00:00,658.0299072265625,658.14990234375,657.6900024414062,657.7249755859375,218298
2026-04-28 19:35:00+00:00,657.719970703125,657.8699951171875,657.5001220703125,657.8499755859375,284825
2026-04-28 19:40:00+00:00,657.8499755859375,658.1500244140625,657.760009765625,657.8599853515625,235735
2026-04-28 19:45:00+00:00,657.8499755859375,657.94970703125,657.6099853515625,657.7999877929688,312803
2026-04-28 19:50:00+00:00,657.8099975585938,658.0700073242188,657.27001953125,657.5599975585938,764415
2026-04-28 19:55:00+00:00,657.5599975585938,657.8900146484375,657.2899780273438,657.5700073242188,1945222
2026-04-29 13:30:00+00:00,658.5800170898438,658.8200073242188,656.760009765625,657.1500244140625,2102492
2026-04-29 13:35:00+00:00,657.1500244140625,658.1699829101562,656.5899047851562,658.010009765625,559378
2026-04-29 13:40:00+00:00,658.02001953125,658.4299926757812,657.780029296875,657.9650268554688,324047
2026-04-29 13:45:00+00:00,657.9550170898438,658.3400268554688,657.3502807617188,657.9400024414062,442981
2026-04-29 13:50:00+00:00,657.9500122070312,659.1300048828125,657.8900146484375,659.0499877929688,456217
2026-04-29 13:55:00+00:00,659.0401000976562,659.27001953125,658.8099975585938,658.9343872070312,445469
2026-04-29 14:00:00+00:00,658.9249877929688,659.02001953125,658.0800170898438,658.469970703125,346430
2026-04-29 14:05:00+00:00,658.52001953125,658.8150024414062,657.9099731445312,658.1599731445312,275470
2026-04-29 14:10:00+00:00,658.139892578125,659.14501953125,657.9000244140625,658.780029296875,257028
2026-04-29 14:15:00+00:00,658.7839965820312,659.1397705078125,658.510009765625,658.9598999023438,276530
2026-04-29 14:20:00+00:00,658.9299926757812,659.489990234375,658.6400756835938,659.4650268554688,184845
2026-04-29 14:25:00+00:00,659.5,660.280029296875,659.35107421875,660.0599975585938,476386
2026-04-29 14:30:00+00:00,660.0700073242188,660.5700073242188,659.6030883789062,660.52001953125,272255
2026-04-29 14:35:00+00:00,660.52001953125,661.22998046875,660.469970703125,660.9299926757812,770128
2026-04-29 14:40:00+00:00,660.9199829101562,660.9797973632812,660.3300170898438,660.9797973632812,293897
2026-04-29 14:45:00+00:00,660.989990234375,661.1099853515625,660.435791015625,660.5598754882812,190521
2026-04-29 14:50:00+00:00,660.5499877929688,661.010009765625,660.4000244140625,660.9000244140625,130144
2026-04-29 14:55:00+00:00,660.9149780273438,661.0700073242188,660.6749877929688,660.9099731445312,371570
2026-04-29 15:00:00+00:00,660.9199829101562,661.0599975585938,660.3499755859375,660.4401245117188,400623
2026-04-29 15:05:00+00:00,660.4400024414062,660.6099853515625,659.6400146484375,659.6400146484375,339369
2026-04-29 15:10:00+00:00,659.5999755859375,659.719970703125,658.9500122070312,659.1699829101562,311904
2026-04-29 15:15:00+00:00,659.1500244140625,659.9099731445312,658.9299926757812,659.8389282226562,264701
2026-04-29 15:20:00+00:00,659.8400268554688,660.22998046875,659.780029296875,660.030029296875,217857
2026-04-29 15:25:00+00:00,660.030029296875,660.510009765625,659.8599853515625,660.239990234375,241225
2026-04-29 15:30:00+00:00,660.2498779296875,660.6400146484375,659.9949951171875,660.5,216958
2026-04-29 15:35:00+00:00,660.5399780273438,660.6799926757812,660.1599731445312,660.4099731445312,170476
2026-04-29 15:40:00+00:00,660.4099731445312,660.5499877929688,660.0700073242188,660.3250122070312,220745
2026-04-29 15:45:00+00:00,660.3084106445312,660.77001953125,660.2550048828125,660.4500122070312,268003
2026-04-29 15:50:00+00:00,660.5,660.6199951171875,658.4199829101562,658.9000244140625,729314
2026-04-29 15:55:00+00:00,658.8400268554688,659.47998046875,658.5401000976562,659.3699951171875,433570
2026-04-29 16:00:00+00:00,659.3800048828125,659.77001953125,659.1500244140625,659.6749877929688,243491
2026-04-29 16:05:00+00:00,659.6799926757812,660.0700073242188,659.5399780273438,659.77001953125,269472
2026-04-29 16:10:00+00:00,659.77001953125,660.1599731445312,659.530029296875,659.530029296875,201913
2026-04-29 16:15:00+00:00,659.5399780273438,659.760009765625,658.5999755859375,658.6799926757812,393699
2026-04-29 16:20:00+00:00,658.625,659.114013671875,658.530029296875,658.9349975585938,198837
2026-04-29 16:25:00+00:00,658.9500122070312,659.0700073242188,658.3800048828125,658.4600219726562,153314
2026-04-29 16:30:00+00:00,658.4099731445312,658.875,657.2899780273438,657.5399780273438,470292
2026-04-29 16:35:00+00:00,657.5599975585938,658.1099853515625,657.3300170898438,658.0900268554688,215616
2026-04-29 16:40:00+00:00,658.1599731445312,658.6400146484375,658.1220092773438,658.530029296875,200358
2026-04-29 16:45:00+00:00,658.52001953125,658.6400146484375,658.2999877929688,658.5189819335938,393415
2026-04-29 16:50:00+00:00,658.510009765625,658.9199829101562,658.3699951171875,658.5,255940
2026-04-29 16:55:00+00:00,658.5,658.7100219726562,658.0401000976562,658.4099731445312,189384
2026-04-29 17:00:00+00:00,658.4550170898438,658.5,657.6900024414062,658.0900268554688,149943
2026-04-29 17:05:00+00:00,658.1099853515625,658.530029296875,658.02001953125,658.530029296875,101833
2026-04-29 17:10:00+00:00,658.5399780273438,658.7999877929688,658.3350219726562,658.530029296875,90668
2026-04-29 17:15:00+00:00,658.5272216796875,658.7899780273438,658.2000122070312,658.510009765625,87552
2026-04-29 17:20:00+00:00,658.530029296875,659.1199951171875,658.530029296875,658.603515625,186150
2026-04-29 17:25:00+00:00,658.6201171875,658.719970703125,658.27001953125,658.706787109375,235954
2026-04-29 17:30:00+00:00,658.7899780273438,659.1199951171875,658.6799926757812,658.780029296875,259081
2026-04-29 17:35:00+00:00,658.8200073242188,659.010009765625,658.7000122070312,658.909912109375,122634
2026-04-29 17:40:00+00:00,658.919921875,658.9500122070312,658.5499877929688,658.8800048828125,127513
2026-04-29 17:45:00+00:00,658.8900146484375,659.5499877929688,658.8099975585938,659.2999877929688,335700
2026-04-29 17:50:00+00:00,659.3098754882812,659.68408203125,658.875,659.2301025390625,186407
2026-04-29 17:55:00+00:00,659.25,659.5999755859375,659.1699829101562,659.5700073242188,177908
2026-04-29 18:00:00+00:00,659.5999755859375,659.75,658.3200073242188,658.4400024414062,244021
2026-04-29 18:05:00+00:00,658.469970703125,659.0700073242188,657.780029296875,657.8699951171875,249289
2026-04-29 18:10:00+00:00,657.8682250976562,658.4000244140625,657.3900146484375,658.2100219726562,308044
2026-04-29 18:15:00+00:00,658.2000122070312,659.3200073242188,658.1400146484375,658.89990234375,267289
2026-04-29 18:20:00+00:00,658.8900146484375,659.2401123046875,658.77001953125,658.969970703125,159181
2026-04-29 18:25:00+00:00,658.989990234375,658.989990234375,658.52001953125,658.6290893554688,152906
2026-04-29 18:30:00+00:00,658.6300048828125,658.698974609375,657.9600219726562,658.530029296875,202347
2026-04-29 18:35:00+00:00,658.530029296875,659.969970703125,658.489990234375,658.9000244140625,714458
2026-04-29 18:40:00+00:00,658.8699951171875,658.9299926757812,658.0900268554688,658.2188110351562,263787
2026-04-29 18:45:00+00:00,658.2000122070312,659.4398803710938,657.75,659.3400268554688,353166
2026-04-29 18:50:00+00:00,659.3800048828125,660.0050048828125,659.3800048828125,659.69970703125,353894
2026-04-29 18:55:00+00:00,659.6799926757812,660.8099975585938,659.6400146484375,660.719970703125,433070
2026-04-29 19:00:00+00:00,660.6799926757812,660.969970703125,660.27001953125,660.4107055664062,450079
2026-04-29 19:05:00+00:00,660.4000244140625,660.6900024414062,659.9299926757812,660.3599853515625,350859
2026-04-29 19:10:00+00:00,660.3599853515625,661.280029296875,660.22998046875,661.2449951171875,301168
2026-04-29 19:15:00+00:00,661.239990234375,661.719970703125,661.219970703125,661.2899780273438,467317
2026-04-29 19:20:00+00:00,661.2750244140625,661.3499755859375,660.72998046875,661.239990234375,348081
2026-04-29 19:25:00+00:00,661.260009765625,661.5,661.0549926757812,661.0549926757812,265168
2026-04-29 19:30:00+00:00,661.0499877929688,661.1296997070312,660.02001953125,660.27001953125,497431
2026-04-29 19:35:00+00:00,660.2899780273438,660.7449951171875,660.030029296875,660.6300048828125,385990
2026-04-29 19:40:00+00:00,660.6099853515625,660.7100219726562,660.125,660.25,206271
2026-04-29 19:45:00+00:00,660.25,660.4749755859375,660.2000122070312,660.3499755859375,247470
2026-04-29 19:50:00+00:00,660.3300170898438,660.760009765625,659.8599853515625,660.6799926757812,633708
2026-04-29 19:55:00+00:00,660.6599731445312,661.6199951171875,660.47998046875,661.5800170898438,1711872
2026-04-30 13:30:00+00:00,665.3099975585938,665.31201171875,661.9099731445312,661.9901123046875,3282304
2026-04-30 13:35:00+00:00,661.9500122070312,662.655029296875,660.77001953125,660.8099975585938,903349
2026-04-30 13:40:00+00:00,660.8200073242188,662.1199951171875,660.2000122070312,662.0,844572
2026-04-30 13:45:00+00:00,661.9400024414062,662.4600219726562,660.580078125,661.4949951171875,1271047
2026-04-30 13:50:00+00:00,661.52001953125,661.9199829101562,659.5050048828125,659.530029296875,993214
2026-04-30 13:55:00+00:00,659.5499877929688,659.9500122070312,658.5999755859375,659.5800170898438,667544
2026-04-30 14:00:00+00:00,659.6099853515625,660.9400024414062,659.4199829101562,660.5800170898438,666923
2026-04-30 14:05:00+00:00,660.6099853515625,660.9000244140625,658.530029296875,659.1400146484375,648289
2026-04-30 14:10:00+00:00,659.0850219726562,660.219970703125,658.52001953125,659.739990234375,652265
2026-04-30 14:15:00+00:00,659.7349853515625,659.7369995117188,657.5599975585938,658.7949829101562,943747
2026-04-30 14:20:00+00:00,658.77001953125,659.8099975585938,658.5650024414062,659.4400024414062,785077
2026-04-30 14:25:00+00:00,659.3699951171875,659.469970703125,658.1599731445312,659.1298828125,524999
2026-04-30 14:30:00+00:00,659.0700073242188,660.239990234375,658.5,658.9199829101562,647234
2026-04-30 14:35:00+00:00,658.9299926757812,659.1500244140625,657.77001953125,657.8300170898438,488869
2026-04-30 14:40:00+00:00,657.8699951171875,659.7879028320312,657.8300170898438,659.5499877929688,680530
2026-04-30 14:45:00+00:00,659.52001953125,660.8400268554688,659.489990234375,660.4301147460938,497305
2026-04-30 14:50:00+00:00,660.3800048828125,662.010009765625,660.219970703125,661.7949829101562,478000
2026-04-30 14:55:00+00:00,661.780029296875,662.7000122070312,661.739990234375,662.2899780273438,385683
2026-04-30 15:00:00+00:00,662.3200073242188,663.3599853515625,662.3200073242188,662.760009765625,571841
2026-04-30 15:05:00+00:00,662.739990234375,663.3699951171875,662.239990234375,663.3699951171875,411893
2026-04-30 15:10:00+00:00,663.4000244140625,663.6400146484375,662.64990234375,663.3170776367188,322802
2026-04-30 15:15:00+00:00,663.3400268554688,663.5150146484375,662.9100952148438,663.219970703125,219083
2026-04-30 15:20:00+00:00,663.2100219726562,663.3099975585938,662.739990234375,663.1901245117188,263061
2026-04-30 15:25:00+00:00,663.2050170898438,663.669677734375,663.0263061523438,663.375,255366
2026-04-30 15:30:00+00:00,663.3900146484375,664.1900024414062,663.3900146484375,663.4099731445312,397252
2026-04-30 15:35:00+00:00,663.3916015625,663.3916015625,662.4000854492188,662.530029296875,284463
2026-04-30 15:40:00+00:00,662.5,662.719970703125,662.1500244140625,662.3499755859375,190032
2026-04-30 15:45:00+00:00,662.4000244140625,662.5999755859375,661.6400146484375,662.5999755859375,290894
2026-04-30 15:50:00+00:00,662.6199951171875,663.530029296875,662.5399780273438,663.4600219726562,246149
2026-04-30 15:55:00+00:00,663.469970703125,663.7999877929688,662.9500122070312,662.97998046875,352204
2026-04-30 16:00:00+00:00,662.989990234375,663.0900268554688,662.2899780273438,662.9027099609375,235506
2026-04-30 16:05:00+00:00,662.9000244140625,663.489990234375,662.8865966796875,663.0750122070312,220974
2026-04-30 16:10:00+00:00,663.02001953125,664.0499877929688,662.9500732421875,664.02001953125,135581
2026-04-30 16:15:00+00:00,664.0549926757812,664.0999755859375,663.510009765625,663.9099731445312,87982
2026-04-30 16:20:00+00:00,663.8800048828125,664.0299072265625,663.489990234375,663.489990234375,94933
2026-04-30 16:25:00+00:00,663.4500122070312,663.7100219726562,663.1799926757812,663.6500244140625,244042
2026-04-30 16:30:00+00:00,663.6699829101562,663.8699951171875,663.5599975585938,663.6683959960938,311150
2026-04-30 16:35:00+00:00,663.64501953125,663.8200073242188,663.4000244140625,663.7899780273438,185396
2026-04-30 16:40:00+00:00,663.7899780273438,663.8099975585938,663.0999755859375,663.1699829101562,245066
2026-04-30 16:45:00+00:00,663.1500244140625,663.3099975585938,662.797119140625,663.2000122070312,301814
2026-04-30 16:50:00+00:00,663.1799926757812,663.2670288085938,662.2999877929688,662.625,917345
2026-04-30 16:55:00+00:00,662.5750122070312,662.6400146484375,662.030029296875,662.5,223938
2026-04-30 17:00:00+00:00,662.5700073242188,663.7999877929688,662.5599975585938,663.5755004882812,328968
2026-04-30 17:05:00+00:00,663.5800170898438,664.010009765625,663.385986328125,663.97998046875,356932
2026-04-30 17:10:00+00:00,663.969970703125,664.5700073242188,663.8701171875,664.4299926757812,370704
2026-04-30 17:15:00+00:00,664.4199829101562,664.421875,663.9099731445312,664.219970703125,211598
2026-04-30 17:20:00+00:00,664.27001953125,664.530029296875,663.9500122070312,664.4700927734375,283960
2026-04-30 17:25:00+00:00,664.4749755859375,664.7899780273438,664.25,664.780029296875,175173
2026-04-30 17:30:00+00:00,664.7750244140625,665.719970703125,664.760009765625,665.2600708007812,674252
2026-04-30 17:35:00+00:00,665.2999877929688,665.6699829101562,665.1799926757812,665.6400146484375,300212
2026-04-30 17:40:00+00:00,665.6300048828125,665.760009765625,665.4199829101562,665.6099853515625,349308
2026-04-30 17:45:00+00:00,665.6199951171875,666.1900024414062,665.6099853515625,665.9199829101562,435974
2026-04-30 17:50:00+00:00,665.9299926757812,666.2100219726562,665.8599853515625,666.0800170898438,249988
2026-04-30 17:55:00+00:00,666.0850219726562,666.8200073242188,666.0499877929688,666.6799926757812,380878
2026-04-30 18:00:00+00:00,666.7100219726562,667.7100219726562,666.6599731445312,667.530029296875,536102
2026-04-30 18:05:00+00:00,667.5399780273438,667.5700073242188,667.072509765625,667.1500244140625,333346
2026-04-30 18:10:00+00:00,667.0999755859375,667.3800048828125,666.97998046875,667.3599243164062,198718
2026-04-30 18:15:00+00:00,667.3499755859375,667.7100219726562,667.25,667.2899780273438,232953
2026-04-30 18:20:00+00:00,667.27001953125,667.3798828125,667.010009765625,667.0750122070312,229936
2026-04-30 18:25:00+00:00,667.0449829101562,667.1799926757812,666.9199829101562,667.1796264648438,271490
2026-04-30 18:30:00+00:00,667.1699829101562,667.6799926757812,667.1400146484375,667.4099731445312,363426
2026-04-30 18:35:00+00:00,667.4118041992188,667.8699951171875,667.4000244140625,667.5999755859375,502019
2026-04-30 18:40:00+00:00,667.5999755859375,667.7899780273438,667.4404907226562,667.47998046875,154693
2026-04-30 18:45:00+00:00,667.498779296875,667.6326293945312,667.4050903320312,667.4301147460938,179760
2026-04-30 18:50:00+00:00,667.4249877929688,667.5598754882812,667.239990234375,667.3400268554688,309833
2026-04-30 18:55:00+00:00,667.3200073242188,667.4199829101562,666.8200073242188,666.8900756835938,727085
2026-04-30 19:00:00+00:00,666.8900146484375,667.3298950195312,666.6900024414062,667.22998046875,292837
2026-04-30 19:05:00+00:00,667.22998046875,667.7999877929688,667.1525268554688,667.5797119140625,421668
2026-04-30 19:10:00+00:00,667.5900268554688,668.0999755859375,667.5700073242188,668.0250244140625,481836
2026-04-30 19:15:00+00:00,668.030029296875,668.1599731445312,667.8599853515625,667.97998046875,366527
2026-04-30 19:20:00+00:00,667.9600219726562,668.1199951171875,667.7999877929688,668.0999755859375,223870
2026-04-30 19:25:00+00:00,668.1199951171875,668.260009765625,667.869873046875,667.8900146484375,209184
2026-04-30 19:30:00+00:00,667.8900146484375,668.0399780273438,667.6699829101562,668.0,312771
2026-04-30 19:35:00+00:00,667.989990234375,668.2100219726562,667.77001953125,668.1699829101562,605311
2026-04-30 19:40:00+00:00,668.169921875,668.510009765625,667.8400268554688,668.489990234375,311271
2026-04-30 19:45:00+00:00,668.5,668.5399780273438,668.1900024414062,668.4199829101562,449418
2026-04-30 19:50:00+00:00,668.4299926757812,668.75,667.4000244140625,668.0750122070312,1082548
2026-04-30 19:55:00+00:00,668.0599975585938,668.6099853515625,667.5,667.5700073242188,2373724
2026-05-01 13:30:00+00:00,669.1599731445312,671.8900146484375,668.7999877929688,671.6099853515625,2466441
2026-05-01 13:35:00+00:00,671.5999755859375,672.52001953125,671.3200073242188,672.4550170898438,941917
2026-05-01 13:40:00+00:00,672.4699096679688,673.0700073242188,672.260009765625,672.9299926757812,894182
2026-05-01 13:45:00+00:00,672.89501953125,672.9500122070312,672.0599975585938,672.7698974609375,1021342
2026-05-01 13:50:00+00:00,672.77001953125,673.47998046875,672.219970703125,672.9400024414062,801842
2026-05-01 13:55:00+00:00,672.9500122070312,674.9400024414062,672.9099731445312,674.9400024414062,1293887
2026-05-01 14:00:00+00:00,674.97998046875,675.5800170898438,674.4824829101562,675.3099975585938,841953
2026-05-01 14:05:00+00:00,675.2999877929688,675.3300170898438,674.5599975585938,675.0765991210938,573424
2026-05-01 14:10:00+00:00,675.0700073242188,675.760009765625,674.8099975585938,675.3099975585938,583087
2026-05-01 14:15:00+00:00,675.3099975585938,675.4099731445312,674.5999755859375,675.0399780273438,772275
2026-05-01 14:20:00+00:00,675.0499877929688,675.72998046875,675.02001953125,675.159912109375,820639
2026-05-01 14:25:00+00:00,675.14501953125,675.2949829101562,674.815673828125,674.864990234375,725155
2026-05-01 14:30:00+00:00,674.9000244140625,674.9000244140625,673.260009765625,673.4899291992188,843516
2026-05-01 14:35:00+00:00,673.47998046875,673.6093139648438,672.010009765625,673.0900268554688,866054
2026-05-01 14:40:00+00:00,673.0900268554688,674.030029296875,672.7100219726562,673.5902709960938,688742
2026-05-01 14:45:00+00:00,673.5549926757812,674.0800170898438,673.4500122070312,673.8099975585938,318809
2026-05-01 14:50:00+00:00,673.780029296875,674.0698852539062,673.0499877929688,673.6500244140625,411476
2026-05-01 14:55:00+00:00,673.6099853515625,674.2799072265625,673.510009765625,673.530029296875,255588
2026-05-01 15:00:00+00:00,673.5700073242188,673.64990234375,672.469970703125,673.0349731445312,511720
2026-05-01 15:05:00+00:00,673.0900268554688,673.3699951171875,672.760009765625,673.2100219726562,232872
2026-05-01 15:10:00+00:00,673.2100219726562,674.0999145507812,672.9199829101562,674.0700073242188,678324
2026-05-01 15:15:00+00:00,674.0850219726562,674.419921875,673.8800048828125,674.4149780273438,283899
2026-05-01 15:20:00+00:00,674.4099731445312,674.8599853515625,674.4099731445312,674.6599731445312,517156
2026-05-01 15:25:00+00:00,674.6799926757812,674.8099975585938,674.3800048828125,674.7000122070312,339197
2026-05-01 15:30:00+00:00,674.7100219726562,675.02001953125,674.52001953125,674.7493896484375,485101
2026-05-01 15:35:00+00:00,674.739990234375,675.6799926757812,674.6500244140625,675.3150024414062,527239
2026-05-01 15:40:00+00:00,675.3099975585938,675.6300048828125,675.3099975585938,675.4500122070312,377546
2026-05-01 15:45:00+00:00,675.4400024414062,675.9199829101562,675.3400268554688,675.8200073242188,697274
2026-05-01 15:50:00+00:00,675.8300170898438,675.969970703125,674.1099853515625,675.2000122070312,747154
2026-05-01 15:55:00+00:00,675.219970703125,675.6599731445312,675.1300048828125,675.3599853515625,358186
2026-05-01 16:00:00+00:00,675.3499755859375,675.6099853515625,675.1099853515625,675.219970703125,633208
2026-05-01 16:05:00+00:00,675.219970703125,675.3400268554688,674.1950073242188,674.3350219726562,385450
2026-05-01 16:10:00+00:00,674.3367919921875,674.6699829101562,674.1300048828125,674.22998046875,334009
2026-05-01 16:15:00+00:00,674.219970703125,674.8300170898438,674.1500244140625,674.7401123046875,185505
2026-05-01 16:20:00+00:00,674.7899780273438,675.0499877929688,673.75,674.3900756835938,879150
2026-05-01 16:25:00+00:00,674.4199829101562,674.5,673.6300048828125,674.010009765625,313743
2026-05-01 16:30:00+00:00,673.969970703125,674.219970703125,673.4249877929688,673.8599853515625,272064
2026-05-01 16:35:00+00:00,673.8699951171875,674.3499755859375,673.700927734375,674.2600708007812,175520
2026-05-01 16:40:00+00:00,674.260009765625,674.3499755859375,673.6500244140625,673.6599731445312,179340
2026-05-01 16:45:00+00:00,673.6099853515625,673.9600219726562,673.3300170898438,673.6400146484375,220548
2026-05-01 16:50:00+00:00,673.6500244140625,674.2299194335938,673.4401245117188,674.1749267578125,232723
2026-05-01 16:55:00+00:00,674.1699829101562,674.5349731445312,673.9349975585938,673.9349975585938,286278
2026-05-01 17:00:00+00:00,673.905029296875,674.3800048828125,673.8900146484375,674.2000122070312,214383
2026-05-01 17:05:00+00:00,674.2000122070312,674.4349975585938,674.1300048828125,674.25,157380
2026-05-01 17:10:00+00:00,674.27001953125,674.5798950195312,674.239990234375,674.5401000976562,214611
2026-05-01 17:15:00+00:00,674.5499877929688,675.0349731445312,674.52001953125,675.0098876953125,310589
2026-05-01 17:20:00+00:00,675.0150146484375,675.2849731445312,674.8699951171875,675.0599975585938,173306
2026-05-01 17:25:00+00:00,675.0850219726562,675.25,674.9199829101562,675.25,172795
2026-05-01 17:30:00+00:00,675.25,675.3389892578125,674.9801025390625,675.02001953125,157205
2026-05-01 17:35:00+00:00,675.0349731445312,675.0499877929688,674.739990234375,674.969970703125,130327
2026-05-01 17:40:00+00:00,674.97998046875,675.2999877929688,674.9710083007812,675.22998046875,161975
2026-05-01 17:45:00+00:00,675.25,675.3400268554688,675.1099853515625,675.25,139214
2026-05-01 17:50:00+00:00,675.260009765625,675.52001953125,675.0399780273438,675.219970703125,197097
2026-05-01 17:55:00+00:00,675.22998046875,675.4500122070312,675.219970703125,675.219970703125,119013
2026-05-01 18:00:00+00:00,675.239990234375,675.3900146484375,674.8200073242188,674.8599243164062,214500
2026-05-01 18:05:00+00:00,674.8699951171875,675.1599731445312,674.5800170898438,675.0999755859375,195730
2026-05-01 18:10:00+00:00,675.1199951171875,675.1400146484375,674.280029296875,674.3499145507812,486145
2026-05-01 18:15:00+00:00,674.3200073242188,674.6199951171875,674.0700073242188,674.484619140625,265802
2026-05-01 18:20:00+00:00,674.47998046875,674.8599853515625,674.3499755859375,674.8599853515625,114388
2026-05-01 18:25:00+00:00,674.8400268554688,674.9600219726562,674.5419921875,674.8701171875,205434
2026-05-01 18:30:00+00:00,674.8370971679688,674.8798828125,674.260009765625,674.27001953125,303468
2026-05-01 18:35:00+00:00,674.27001953125,674.2999877929688,673.9141235351562,673.989990234375,188752
2026-05-01 18:40:00+00:00,673.9837036132812,674.0800170898438,673.530029296875,673.760009765625,182643
2026-05-01 18:45:00+00:00,673.7100219726562,673.8200073242188,673.090087890625,673.4650268554688,334704
2026-05-01 18:50:00+00:00,673.469970703125,673.7000122070312,673.1699829101562,673.5098876953125,312494
2026-05-01 18:55:00+00:00,673.510009765625,673.8400268554688,673.4400024414062,673.75,227693
2026-05-01 19:00:00+00:00,673.7708129882812,674.239990234375,673.6610107421875,674.1199951171875,336058
2026-05-01 19:05:00+00:00,674.1300048828125,674.5399780273438,674.0999755859375,674.5200805664062,299849
2026-05-01 19:10:00+00:00,674.52001953125,674.9899291992188,674.3900146484375,674.8800048828125,322243
2026-05-01 19:15:00+00:00,674.8699951171875,675.0999755859375,674.719970703125,674.9249877929688,318839
2026-05-01 19:20:00+00:00,674.9299926757812,675.114990234375,674.8099975585938,675.1099853515625,390399
2026-05-01 19:25:00+00:00,675.0999755859375,675.6400146484375,675.0900268554688,675.5499877929688,364602
2026-05-01 19:30:00+00:00,675.5504760742188,675.6599731445312,675.0599975585938,675.27001953125,351222
2026-05-01 19:35:00+00:00,675.25,675.3099975585938,674.8400268554688,675.0999755859375,408507
2026-05-01 19:40:00+00:00,675.0999755859375,675.219970703125,674.780029296875,675.0250244140625,295110
2026-05-01 19:45:00+00:00,675.02001953125,675.0449829101562,674.6699829101562,674.8900146484375,465406
2026-05-01 19:50:00+00:00,674.9000244140625,675.1799926757812,674.1300048828125,674.35498046875,705597
2026-05-01 19:55:00+00:00,674.3099975585938,674.3099975585938,673.8400268554688,674.1599731445312,1554242
2026-05-04 13:30:00+00:00,674.6400146484375,675.1146240234375,673.572509765625,673.989990234375,2864688
2026-05-04 13:35:00+00:00,673.9600219726562,674.6199951171875,673.5599975585938,674.219970703125,476242
2026-05-04 13:40:00+00:00,674.2000122070312,675.369873046875,673.9199829101562,674.6799926757812,452285
2026-05-04 13:45:00+00:00,674.6296997070312,675.6400146484375,674.4600219726562,674.9942016601562,403278
2026-05-04 13:50:00+00:00,674.97998046875,675.4550170898438,674.55029296875,675.0499877929688,428428
2026-05-04 13:55:00+00:00,675.0499877929688,675.6500244140625,674.3599853515625,675.6099853515625,387138
2026-05-04 14:00:00+00:00,675.5999755859375,675.72998046875,674.9600219726562,675.0449829101562,458941
2026-05-04 14:05:00+00:00,675.030029296875,675.5250244140625,674.4500122070312,674.6599731445312,466800
2026-05-04 14:10:00+00:00,674.5899047851562,676.0599975585938,674.5700073242188,675.5800170898438,423204
2026-05-04 14:15:00+00:00,675.5651245117188,675.9000244140625,675.280029296875,675.9000244140625,242997
2026-05-04 14:20:00+00:00,675.9000854492188,676.0189819335938,675.4838256835938,675.6500244140625,227341
2026-05-04 14:25:00+00:00,675.5900268554688,675.9299926757812,674.9600830078125,675.030029296875,264435
2026-05-04 14:30:00+00:00,675.030029296875,675.8599243164062,674.9000244140625,675.52001953125,425096
2026-05-04 14:35:00+00:00,675.5,676.0700073242188,675.3118896484375,675.8399047851562,237334
2026-05-04 14:40:00+00:00,675.8400268554688,676.47998046875,675.8400268554688,676.375,438877
2026-05-04 14:45:00+00:00,676.4000244140625,676.72998046875,676.3350219726562,676.489990234375,432678
2026-05-04 14:50:00+00:00,676.510009765625,676.72998046875,676.219970703125,676.469970703125,477945
2026-05-04 14:55:00+00:00,676.4605712890625,676.6300048828125,675.1300048828125,675.2999877929688,603176
2026-05-04 15:00:00+00:00,675.3300170898438,676.0892944335938,674.52001953125,675.5399780273438,491753
2026-05-04 15:05:00+00:00,675.5,675.7899780273438,674.9199829101562,675.3348999023438,259233
2026-05-04 15:10:00+00:00,675.3099975585938,675.510009765625,674.2999877929688,674.6599731445312,325124
2026-05-04 15:15:00+00:00,674.6500244140625,674.9500122070312,672.6799926757812,672.9600219726562,495095
2026-05-04 15:20:00+00:00,672.9000244140625,673.0399780273438,671.2000122070312,671.530029296875,1107737
2026-05-04 15:25:00+00:00,671.5599975585938,673.1300048828125,671.469970703125,672.7849731445312,889539
2026-05-04 15:30:00+00:00,672.780029296875,672.969970703125,671.5,672.3400268554688,469238
2026-05-04 15:35:00+00:00,672.260009765625,672.6900024414062,671.2899780273438,671.7999877929688,545337
2026-05-04 15:40:00+00:00,671.7899780273438,672.6199951171875,670.8599853515625,672.4550170898438,442901
2026-05-04 15:45:00+00:00,672.4099731445312,672.5,671.52001953125,671.6950073242188,314387
2026-05-04 15:50:00+00:00,671.6199951171875,672.4600219726562,671.0,672.3300170898438,558431
2026-05-04 15:55:00+00:00,672.3499755859375,672.625,671.5399780273438,671.7750244140625,255627
2026-05-04 16:00:00+00:00,671.780029296875,672.0396118164062,671.02001953125,671.4299926757812,247800
2026-05-04 16:05:00+00:00,671.4099731445312,671.530029296875,668.9000244140625,670.1300048828125,888031
2026-05-04 16:10:00+00:00,670.0399780273438,670.6300048828125,669.3900146484375,669.9100952148438,428451
2026-05-04 16:15:00+00:00,669.8599853515625,671.7899780273438,669.2349853515625,671.239990234375,652112
2026-05-04 16:20:00+00:00,671.22998046875,671.8499755859375,670.969970703125,671.5900268554688,492946
2026-05-04 16:25:00+00:00,671.5449829101562,672.0800170898438,671.0800170898438,671.27001953125,343267
2026-05-04 16:30:00+00:00,671.2849731445312,671.97998046875,671.0599975585938,671.875,197587
2026-05-04 16:35:00+00:00,671.8599243164062,671.93798828125,670.739990234375,670.969970703125,308548
2026-05-04 16:40:00+00:00,671.02001953125,671.719970703125,670.9401245117188,671.260009765625,197770
2026-05-04 16:45:00+00:00,671.2449951171875,671.47998046875,670.969970703125,671.4099731445312,524587
2026-05-04 16:50:00+00:00,671.405029296875,671.489990234375,670.6699829101562,671.0999755859375,246043
2026-05-04 16:55:00+00:00,671.1500244140625,671.4301147460938,670.9500122070312,671.1300048828125,206847
2026-05-04 17:00:00+00:00,671.0800170898438,672.030029296875,671.0700073242188,671.8400268554688,328945
2026-05-04 17:05:00+00:00,671.8800048828125,672.2899780273438,671.77001953125,672.0999755859375,440157
2026-05-04 17:10:00+00:00,672.114990234375,672.3599853515625,671.6400146484375,672.030029296875,274919
2026-05-04 17:15:00+00:00,672.010009765625,673.2384033203125,671.9299926757812,673.0700073242188,533562
2026-05-04 17:20:00+00:00,673.0900268554688,673.4500122070312,672.9600219726562,673.260009765625,221918
2026-05-04 17:25:00+00:00,673.27001953125,673.3599853515625,672.9299926757812,673.222412109375,209969
2026-05-04 17:30:00+00:00,673.239990234375,673.3198852539062,672.719970703125,672.75,194399
2026-05-04 17:35:00+00:00,672.75,672.7996215820312,672.239990234375,672.75,195225
2026-05-04 17:40:00+00:00,672.7849731445312,672.9298706054688,672.510009765625,672.8099975585938,126701
2026-05-04 17:45:00+00:00,672.8099975585938,672.8599853515625,672.5900268554688,672.8099975585938,94318
2026-05-04 17:50:00+00:00,672.7899780273438,673.2000122070312,672.739990234375,673.0800170898438,371130
2026-05-04 17:55:00+00:00,673.0399780273438,673.4299926757812,673.0399780273438,673.1701049804688,260870
2026-05-04 18:00:00+00:00,673.1749877929688,673.72998046875,673.1749877929688,673.6400146484375,226744
2026-05-04 18:05:00+00:00,673.6400146484375,673.7899169921875,673.2000122070312,673.2949829101562,260979
2026-05-04 18:10:00+00:00,673.2899780273438,673.4298706054688,673.0399780273438,673.0399780273438,233801
2026-05-04 18:15:00+00:00,673.0599975585938,673.0999755859375,672.6500854492188,672.75,137599
2026-05-04 18:20:00+00:00,672.719970703125,672.833984375,672.1812133789062,672.4299926757812,179692
2026-05-04 18:25:00+00:00,672.4199829101562,672.72998046875,671.719970703125,672.6400756835938,181467
2026-05-04 18:30:00+00:00,672.6400146484375,672.780029296875,672.2100219726562,672.405029296875,133205
2026-05-04 18:35:00+00:00,672.3599853515625,672.39501953125,672.0250244140625,672.267578125,107872
2026-05-04 18:40:00+00:00,672.27001953125,672.4099731445312,671.5866088867188,671.6099853515625,136118
2026-05-04 18:45:00+00:00,671.6099853515625,672.0875854492188,671.3900146484375,672.0499267578125,254417
2026-05-04 18:50:00+00:00,672.0599975585938,672.260009765625,671.5800170898438,671.7999877929688,209438
2026-05-04 18:55:00+00:00,671.760009765625,672.5,671.75,672.3900146484375,167034
2026-05-04 19:00:00+00:00,672.4799194335938,672.498779296875,671.9099731445312,672.2000122070312,744283
2026-05-04 19:05:00+00:00,672.239990234375,673.0800170898438,672.02001953125,672.6900024414062,535676
2026-05-04 19:10:00+00:00,672.7000122070312,672.7899780273438,672.530029296875,672.75,335640
2026-05-04 19:15:00+00:00,672.77001953125,672.989990234375,672.6300048828125,672.6525268554688,185313
2026-05-04 19:20:00+00:00,672.6699829101562,672.7000122070312,672.3150024414062,672.6099853515625,314347
2026-05-04 19:25:00+00:00,672.6400146484375,673.0599975585938,672.1300048828125,672.8300170898438,500278
2026-05-04 19:30:00+00:00,672.8350219726562,673.1950073242188,672.8350219726562,673.0700073242188,333269
2026-05-04 19:35:00+00:00,673.0499877929688,673.1199951171875,672.72998046875,672.780029296875,394398
2026-05-04 19:40:00+00:00,672.7650146484375,672.8300170898438,672.469970703125,672.6300048828125,244614
2026-05-04 19:45:00+00:00,672.6300048828125,673.1099243164062,672.3900146484375,673.1099243164062,419639
2026-05-04 19:50:00+00:00,673.0800170898438,673.0800170898438,672.2000122070312,672.3499755859375,678845
2026-05-04 19:55:00+00:00,672.3350219726562,672.8800048828125,672.0700073242188,672.8800048828125,1011990
2026-05-05 13:30:00+00:00,677.9500122070312,678.9600219726562,677.510009765625,678.7999877929688,2537497
2026-05-05 13:35:00+00:00,678.8300170898438,679.739990234375,678.7100219726562,679.3599853515625,918130
2026-05-05 13:40:00+00:00,679.3599853515625,680.2000122070312,679.3250122070312,680.1749877929688,704278
2026-05-05 13:45:00+00:00,680.1900024414062,680.719970703125,679.9099731445312,680.010009765625,668422
2026-05-05 13:50:00+00:00,679.97998046875,680.9199829101562,679.8800048828125,679.8900146484375,668873
2026-05-05 13:55:00+00:00,679.8900146484375,680.5499877929688,679.7869873046875,680.2199096679688,530993
2026-05-05 14:00:00+00:00,680.22998046875,680.669921875,679.6400146484375,680.6199951171875,527206
2026-05-05 14:05:00+00:00,680.590087890625,680.75,680.3900146484375,680.6500854492188,323245
2026-05-05 14:10:00+00:00,680.6500244140625,680.8291015625,679.3400268554688,679.530029296875,673100
2026-05-05 14:15:00+00:00,679.510009765625,680.2999877929688,679.010009765625,679.510009765625,643534
2026-05-05 14:20:00+00:00,679.5300903320312,681.0,679.3800048828125,680.8599853515625,643108
2026-05-05 14:25:00+00:00,680.8499755859375,681.4600219726562,680.8300170898438,681.1199951171875,839177
2026-05-05 14:30:00+00:00,681.1300048828125,681.4299926757812,680.9500122070312,681.27001953125,313732
2026-05-05 14:35:00+00:00,681.260009765625,681.5800170898438,680.448974609375,680.5,532618
2026-05-05 14:40:00+00:00,680.52001953125,680.989990234375,680.22998046875,680.3250122070312,215045
2026-05-05 14:45:00+00:00,680.3499145507812,680.7899780273438,680.030029296875,680.64501953125,248960
2026-05-05 14:50:00+00:00,680.6300048828125,680.8300170898438,680.1599731445312,680.8298950195312,311904
2026-05-05 14:55:00+00:00,680.8099975585938,680.9500122070312,680.5,680.530029296875,300111
2026-05-05 15:00:00+00:00,680.5499267578125,681.1699829101562,680.3400268554688,681.1699829101562,2275539
2026-05-05 15:05:00+00:00,681.1900024414062,681.4299926757812,680.8900146484375,680.9976196289062,276966
2026-05-05 15:10:00+00:00,681.010009765625,681.47998046875,680.9949951171875,681.4249877929688,260103
2026-05-05 15:15:00+00:00,681.4450073242188,681.6099853515625,681.1599731445312,681.2650146484375,394797
2026-05-05 15:20:00+00:00,681.2901000976562,681.5,681.1552124023438,681.2100219726562,292576
2026-05-05 15:25:00+00:00,681.2000122070312,681.5499877929688,681.0399780273438,681.3400268554688,175975
2026-05-05 15:30:00+00:00,681.4000244140625,681.489990234375,680.9000244140625,681.1300048828125,333749
2026-05-05 15:35:00+00:00,681.1488037109375,681.6699829101562,681.1300048828125,681.47998046875,444104
2026-05-05 15:40:00+00:00,681.5651245117188,681.6002197265625,681.3900146484375,681.510009765625,373574
2026-05-05 15:45:00+00:00,681.52001953125,681.8099975585938,681.489990234375,681.6799926757812,261615
2026-05-05 15:50:00+00:00,681.72021484375,681.7999877929688,681.4605712890625,681.5700073242188,197687
2026-05-05 15:55:00+00:00,681.5399780273438,681.5999755859375,681.1649780273438,681.3099975585938,354955
2026-05-05 16:00:00+00:00,681.3150024414062,681.5800170898438,681.1599731445312,681.489990234375,172033
2026-05-05 16:05:00+00:00,681.489990234375,681.77001953125,681.489990234375,681.6900024414062,274291
2026-05-05 16:10:00+00:00,681.7050170898438,681.9400024414062,681.7000732421875,681.844970703125,165431
2026-05-05 16:15:00+00:00,681.8599853515625,681.8800048828125,681.4400024414062,681.6199951171875,151696
2026-05-05 16:20:00+00:00,681.6400146484375,681.8900146484375,681.5700073242188,681.5700073242188,169452
2026-05-05 16:25:00+00:00,681.5800170898438,681.5999145507812,680.4199829101562,681.0250244140625,461901
2026-05-05 16:30:00+00:00,681.030029296875,681.1300048828125,680.6649780273438,680.9349975585938,155409
2026-05-05 16:35:00+00:00,680.9199829101562,681.3699951171875,680.614990234375,680.6199951171875,147120
2026-05-05 16:40:00+00:00,680.5999755859375,680.8699951171875,680.47998046875,680.8400268554688,339418
2026-05-05 16:45:00+00:00,680.8400268554688,681.3499755859375,680.72998046875,681.2100219726562,151192
2026-05-05 16:50:00+00:00,681.219970703125,681.2799072265625,681.0009155273438,681.239990234375,176911
2026-05-05 16:55:00+00:00,681.22998046875,681.5175170898438,681.219970703125,681.2700805664062,167244
2026-05-05 17:00:00+00:00,681.281982421875,681.5,681.1099853515625,681.3800048828125,123731
2026-05-05 17:05:00+00:00,681.340087890625,681.4199829101562,680.9400024414062,681.0601196289062,1882425
2026-05-05 17:10:00+00:00,681.0499877929688,681.2100219726562,680.8699951171875,681.1799926757812,123087
2026-05-05 17:15:00+00:00,681.2000122070312,681.6199951171875,681.1900024414062,681.5449829101562,231159
2026-05-05 17:20:00+00:00,681.5499267578125,681.6500244140625,681.2890014648438,681.4199829101562,155966
2026-05-05 17:25:00+00:00,681.4299926757812,681.760009765625,681.4299926757812,681.7449951171875,262884
2026-05-05 17:30:00+00:00,681.75,681.8499755859375,681.5303955078125,681.5399780273438,150610
2026-05-05 17:35:00+00:00,681.5449829101562,681.9000244140625,681.52001953125,681.6300048828125,1112990
2026-05-05 17:40:00+00:00,681.635009765625,681.9199829101562,681.5599975585938,681.8400268554688,141118
2026-05-05 17:45:00+00:00,681.8400268554688,681.969970703125,681.7899780273438,681.9400024414062,201147
2026-05-05 17:50:00+00:00,681.9400024414062,682.2899780273438,681.8800048828125,682.1599731445312,322288
2026-05-05 17:55:00+00:00,682.1500244140625,682.280029296875,682.0700073242188,682.0999755859375,169246
2026-05-05 18:00:00+00:00,682.090087890625,682.4000244140625,682.030029296875,682.39501953125,202474
2026-05-05 18:05:00+00:00,682.3900146484375,682.5900268554688,682.3200073242188,682.3699951171875,215450
2026-05-05 18:10:00+00:00,682.3599853515625,682.7100219726562,682.3300170898438,682.6400146484375,183558
2026-05-05 18:15:00+00:00,682.6425170898438,682.6900024414062,682.4500122070312,682.5599975585938,170655
2026-05-05 18:20:00+00:00,682.5850219726562,682.719970703125,682.3900146484375,682.4000244140625,291903
2026-05-05 18:25:00+00:00,682.3800048828125,682.6599731445312,682.3400268554688,682.5399780273438,237669
2026-05-05 18:30:00+00:00,682.530029296875,682.6300048828125,682.3900146484375,682.4000244140625,129049
2026-05-05 18:35:00+00:00,682.4149780273438,682.5850219726562,682.3699951171875,682.4000244140625,82240
2026-05-05 18:40:00+00:00,682.409912109375,682.5499877929688,682.3800048828125,682.5,2073998
2026-05-05 18:45:00+00:00,682.4808959960938,682.6300048828125,682.4099731445312,682.4400024414062,134589
2026-05-05 18:50:00+00:00,682.4299926757812,682.5499877929688,681.9550170898438,682.119873046875,249728
2026-05-05 18:55:00+00:00,682.1199951171875,682.39990234375,682.1099853515625,682.3098754882812,146152
2026-05-05 19:00:00+00:00,682.302001953125,682.4299926757812,682.1699829101562,682.2100219726562,85908
2026-05-05 19:05:00+00:00,682.2000122070312,682.4949951171875,682.1799926757812,682.4949951171875,194116
2026-05-05 19:10:00+00:00,682.5,682.7733764648438,682.3992919921875,682.4199829101562,180107
2026-05-05 19:15:00+00:00,682.4000244140625,682.5399780273438,682.1699829101562,682.469970703125,248329
2026-05-05 19:20:00+00:00,682.489990234375,682.530029296875,682.1243286132812,682.4398803710938,211814
2026-05-05 19:25:00+00:00,682.4301147460938,682.47998046875,682.2000122070312,682.2750244140625,308958
2026-05-05 19:30:00+00:00,682.260009765625,682.3499145507812,682.0800170898438,682.159912109375,291116
2026-05-05 19:35:00+00:00,682.1589965820312,682.2899780273438,681.9400024414062,682.1849975585938,185482
2026-05-05 19:40:00+00:00,682.1900024414062,682.3099975585938,681.8900146484375,682.0601196289062,198695
2026-05-05 19:45:00+00:00,682.0650024414062,682.119873046875,681.7899780273438,681.8599853515625,457549
2026-05-05 19:50:00+00:00,681.8499755859375,681.8499755859375,680.9099731445312,681.0999755859375,980366
2026-05-05 19:55:00+00:00,681.0999755859375,681.6300048828125,680.8682861328125,681.510009765625,1279099
2026-05-06 13:30:00+00:00,687.8099975585938,689.1599731445312,686.47998046875,689.0999755859375,4319460
2026-05-06 13:35:00+00:00,689.0999755859375,689.4099731445312,687.9099731445312,688.7000122070312,933909
2026-05-06 13:40:00+00:00,688.72998046875,689.969970703125,688.5499877929688,689.969970703125,650251
2026-05-06 13:45:00+00:00,689.9600219726562,690.4199829101562,689.3300170898438,689.6599731445312,862024
2026-05-06 13:50:00+00:00,689.6400146484375,690.489990234375,688.4600219726562,690.280029296875,685473
2026-05-06 13:55:00+00:00,690.2899780273438,690.52001953125,689.5499877929688,689.6199951171875,712419
2026-05-06 14:00:00+00:00,689.6300048828125,689.9699096679688,688.280029296875,688.39990234375,696704
2026-05-06 14:05:00+00:00,688.3800048828125,689.9000244140625,687.6199951171875,689.8350219726562,698098
2026-05-06 14:10:00+00:00,689.8800048828125,690.3699951171875,689.52001953125,689.739990234375,489112
2026-05-06 14:15:00+00:00,689.739990234375,690.0800170898438,688.0800170898438,688.2000122070312,572518
2026-05-06 14:20:00+00:00,688.2525024414062,689.0,688.1599731445312,688.8250122070312,574119
2026-05-06 14:25:00+00:00,688.8099975585938,689.6199951171875,688.3099975585938,688.4199829101562,405040
2026-05-06 14:30:00+00:00,688.4400024414062,690.0999755859375,688.4400024414062,690.030029296875,477736
2026-05-06 14:35:00+00:00,690.0599975585938,690.4500122070312,689.8099975585938,690.3800048828125,371708
2026-05-06 14:40:00+00:00,690.4400024414062,691.02001953125,690.360107421875,690.9299926757812,597080
2026-05-06 14:45:00+00:00,690.8900146484375,691.375,690.8400268554688,691.25,638593
2026-05-06 14:50:00+00:00,691.260009765625,691.510009765625,691.010009765625,691.3599853515625,428470
2026-05-06 14:55:00+00:00,691.344970703125,691.5900268554688,690.989990234375,691.280029296875,318733
2026-05-06 15:00:00+00:00,691.2750244140625,691.6425170898438,691.1500244140625,691.594970703125,356524
2026-05-06 15:05:00+00:00,691.6099853515625,691.8099975585938,691.2999877929688,691.3200073242188,342985
2026-05-06 15:10:00+00:00,691.3201293945312,691.6799926757812,690.8300170898438,691.2650146484375,283131
2026-05-06 15:15:00+00:00,691.280029296875,692.25,691.1900024414062,692.1699829101562,412250
2026-05-06 15:20:00+00:00,692.2000122070312,692.3200073242188,691.9749755859375,692.1699829101562,379872
2026-05-06 15:25:00+00:00,692.1799926757812,692.4000244140625,692.1500244140625,692.2899780273438,363669
2026-05-06 15:30:00+00:00,692.2899780273438,692.4600219726562,692.1124877929688,692.25,258563
2026-05-06 15:35:00+00:00,692.3300170898438,692.3300170898438,691.5800170898438,691.739990234375,293235
2026-05-06 15:40:00+00:00,691.719970703125,692.2000122070312,691.1500244140625,691.780029296875,529264
2026-05-06 15:45:00+00:00,691.7899780273438,692.2188720703125,691.6099853515625,691.8400268554688,230464
2026-05-06 15:50:00+00:00,691.8200073242188,692.1699829101562,691.5900268554688,692.0900268554688,172405
2026-05-06 15:55:00+00:00,692.093017578125,692.219970703125,691.7000122070312,691.89501953125,173870
2026-05-06 16:00:00+00:00,691.8800048828125,692.3350219726562,691.72998046875,692.1898193359375,212299
2026-05-06 16:05:00+00:00,692.1699829101562,692.3599853515625,692.0800170898438,692.22998046875,193475
2026-05-06 16:10:00+00:00,692.2299194335938,692.8499755859375,692.2000122070312,692.739990234375,202265
2026-05-06 16:15:00+00:00,692.72998046875,692.7598876953125,692.0999145507812,692.1298828125,557521
2026-05-06 16:20:00+00:00,692.0999755859375,692.340087890625,692.010009765625,692.2498779296875,237088
2026-05-06 16:25:00+00:00,692.3099975585938,692.489990234375,692.1300048828125,692.1900024414062,123492
2026-05-06 16:30:00+00:00,692.2249755859375,692.3200073242188,692.0800170898438,692.1300048828125,145934
2026-05-06 16:35:00+00:00,692.0999755859375,692.260009765625,691.7100219726562,692.1907958984375,361284
2026-05-06 16:40:00+00:00,692.1900024414062,692.469970703125,692.0549926757812,692.0700073242188,209419
2026-05-06 16:45:00+00:00,692.0401000976562,692.1298828125,691.260009765625,691.593994140625,266871
2026-05-06 16:50:00+00:00,691.5700073242188,691.780029296875,691.0599975585938,691.0800170898438,164075
2026-05-06 16:55:00+00:00,691.0700073242188,691.5700073242188,690.7435302734375,691.3300170898438,286828
2026-05-06 17:00:00+00:00,691.3900146484375,691.8699951171875,691.1099853515625,691.8253784179688,309456
2026-05-06 17:05:00+00:00,691.8106079101562,692.0800170898438,691.77001953125,691.9299926757812,124648
2026-05-06 17:10:00+00:00,691.9500122070312,692.4400024414062,691.9500122070312,692.3300170898438,210182
2026-05-06 17:15:00+00:00,692.3350219726562,692.4500122070312,692.0499877929688,692.3900146484375,106141
2026-05-06 17:20:00+00:00,692.35009765625,692.6282958984375,692.3101196289062,692.385009765625,168052
2026-05-06 17:25:00+00:00,692.375,692.5598754882812,692.239990234375,692.4199829101562,128092
2026-05-06 17:30:00+00:00,692.4099731445312,692.7000122070312,692.3699951171875,692.5599975585938,224669
2026-05-06 17:35:00+00:00,692.5499877929688,693.030029296875,692.4561767578125,692.6300048828125,241254
2026-05-06 17:40:00+00:00,692.6099853515625,693.010009765625,692.4705200195312,692.9699096679688,197054
2026-05-06 17:45:00+00:00,693.0050048828125,693.0499877929688,692.5700073242188,692.6334838867188,189674
2026-05-06 17:50:00+00:00,692.6199951171875,692.85498046875,692.510009765625,692.7109985351562,150075
2026-05-06 17:55:00+00:00,692.72998046875,692.89501953125,692.5999755859375,692.8099975585938,287995
2026-05-06 18:00:00+00:00,692.8049926757812,692.9600219726562,692.6300048828125,692.719970703125,175368
2026-05-06 18:05:00+00:00,692.75,693.239990234375,692.739990234375,693.2100219726562,386369
2026-05-06 18:10:00+00:00,693.2249755859375,693.3828735351562,693.039306640625,693.3049926757812,227167
2026-05-06 18:15:00+00:00,693.2899780273438,693.760009765625,693.2899780273438,693.489990234375,252614
2026-05-06 18:20:00+00:00,693.4700927734375,693.7000122070312,693.4099731445312,693.5,201990
2026-05-06 18:25:00+00:00,693.489990234375,693.72998046875,693.4000244140625,693.6400146484375,241907
2026-05-06 18:30:00+00:00,693.6337890625,693.969970703125,693.4199829101562,693.9500122070312,275559
2026-05-06 18:35:00+00:00,693.9550170898438,694.3900146484375,693.9400024414062,694.1500244140625,341899
2026-05-06 18:40:00+00:00,694.1799926757812,694.2780151367188,693.969970703125,693.97998046875,188228
2026-05-06 18:45:00+00:00,693.969970703125,694.1699829101562,693.6699829101562,693.72998046875,312047
2026-05-06 18:50:00+00:00,693.739990234375,694.0599975585938,693.60498046875,693.930908203125,194688
2026-05-06 18:55:00+00:00,693.9498901367188,694.030029296875,693.75,693.760009765625,250206
2026-05-06 19:00:00+00:00,693.7429809570312,694.1099853515625,693.7000122070312,693.9400024414062,294267
2026-05-06 19:05:00+00:00,693.9099731445312,694.4600219726562,693.8200073242188,694.3400268554688,363468
2026-05-06 19:10:00+00:00,694.3400268554688,694.739990234375,694.3400268554688,694.6500244140625,561939
2026-05-06 19:15:00+00:00,694.6599731445312,694.8499755859375,694.5499877929688,694.6900024414062,370301
2026-05-06 19:20:00+00:00,694.7100219726562,695.0900268554688,694.6400146484375,694.85498046875,382764
2026-05-06 19:25:00+00:00,694.8499755859375,695.2122802734375,694.780029296875,695.0501098632812,336145
2026-05-06 19:30:00+00:00,695.0499877929688,695.0499877929688,694.4199829101562,694.531494140625,626600
2026-05-06 19:35:00+00:00,694.530029296875,694.969970703125,694.4901123046875,694.92041015625,365521
2026-05-06 19:40:00+00:00,694.923095703125,695.0166015625,694.489990234375,694.496826171875,350613
2026-05-06 19:45:00+00:00,694.5,694.793701171875,694.4500122070312,694.489990234375,641492
2026-05-06 19:50:00+00:00,694.5,695.3099975585938,694.4400024414062,695.1799926757812,1090358
2026-05-06 19:55:00+00:00,695.1699829101562,695.9299926757812,695.1699829101562,695.5900268554688,3193644
2026-05-07 13:30:00+00:00,696.5900268554688,697.030029296875,695.9199829101562,696.7999877929688,2458498
2026-05-07 13:35:00+00:00,696.8400268554688,697.2000122070312,696.3900146484375,697.1390991210938,595102
2026-05-07 13:40:00+00:00,697.1400146484375,697.3400268554688,696.155029296875,696.3200073242188,625242
2026-05-07 13:45:00+00:00,696.3499755859375,696.47998046875,695.5399780273438,696.0700073242188,798876
2026-05-07 13:50:00+00:00,696.0850219726562,697.4600219726562,695.9500122070312,697.4199829101562,492515
2026-05-07 13:55:00+00:00,697.4598999023438,697.8099975585938,697.0599975585938,697.27001953125,486579
2026-05-07 14:00:00+00:00,697.27001953125,697.97998046875,697.25,697.9400024414062,640858
2026-05-07 14:05:00+00:00,697.969970703125,698.6699829101562,697.6699829101562,698.52001953125,683346
2026-05-07 14:10:00+00:00,698.489990234375,698.9000244140625,698.3699951171875,698.6799926757812,511911
2026-05-07 14:15:00+00:00,698.6599731445312,699.1599731445312,698.3200073242188,698.8300170898438,779531
2026-05-07 14:20:00+00:00,698.840087890625,700.0800170898438,698.8400268554688,699.27001953125,852999
2026-05-07 14:25:00+00:00,699.3099975585938,700.0399780273438,699.27001953125,699.52001953125,390635
2026-05-07 14:30:00+00:00,699.5399780273438,699.6699829101562,699.219970703125,699.4099731445312,404289
2026-05-07 14:35:00+00:00,699.4000244140625,700.2999877929688,699.3599853515625,700.2698974609375,364566
2026-05-07 14:40:00+00:00,700.2650146484375,700.510009765625,699.9099731445312,700.1500244140625,398734
2026-05-07 14:45:00+00:00,700.1300048828125,700.5999755859375,699.4299926757812,699.719970703125,428783
2026-05-07 14:50:00+00:00,699.7100219726562,700.719970703125,699.6599731445312,700.6799926757812,280810
2026-05-07 14:55:00+00:00,700.7005004882812,701.22998046875,700.5999755859375,700.8300170898438,414261
2026-05-07 15:00:00+00:00,700.8250122070312,700.864990234375,700.010009765625,700.114990234375,387316
2026-05-07 15:05:00+00:00,700.0936279296875,700.1300048828125,698.8900146484375,699.760009765625,523874
2026-05-07 15:10:00+00:00,699.7899780273438,699.9199829101562,699.1099853515625,699.260009765625,325164
2026-05-07 15:15:00+00:00,699.2249755859375,699.77001953125,699.2249755859375,699.4199829101562,235457
2026-05-07 15:20:00+00:00,699.4500122070312,699.6599731445312,698.9400024414062,699.1799926757812,280195
2026-05-07 15:25:00+00:00,699.1300048828125,699.5499267578125,698.3499755859375,699.0499877929688,329080
2026-05-07 15:30:00+00:00,699.157470703125,699.9500122070312,698.989990234375,699.8800048828125,347274
2026-05-07 15:35:00+00:00,699.8599853515625,700.0999755859375,699.5900268554688,699.7042846679688,204237
2026-05-07 15:40:00+00:00,699.7999877929688,699.98876953125,699.3400268554688,699.7000122070312,303807
2026-05-07 15:45:00+00:00,699.7000122070312,699.872314453125,698.9000244140625,698.9600219726562,178884
2026-05-07 15:50:00+00:00,698.9299926757812,698.9450073242188,698.2017211914062,698.6199951171875,302391
2026-05-07 15:55:00+00:00,698.6500244140625,698.6937866210938,697.114990234375,697.364990234375,589308
2026-05-07 16:00:00+00:00,697.3599853515625,697.4500122070312,696.5599975585938,696.739990234375,448322
2026-05-07 16:05:00+00:00,696.719970703125,696.719970703125,695.7899780273438,696.4299926757812,733325
2026-05-07 16:10:00+00:00,696.4500122070312,696.4500122070312,695.1199951171875,695.3112182617188,488439
2026-05-07 16:15:00+00:00,695.2899780273438,695.2899780273438,693.7899780273438,694.3200073242188,933388
2026-05-07 16:20:00+00:00,694.27001953125,695.6699829101562,694.0499877929688,695.5999755859375,544230
2026-05-07 16:25:00+00:00,695.594970703125,696.47998046875,695.5900268554688,696.3150024414062,425913
2026-05-07 16:30:00+00:00,696.3099975585938,697.1599731445312,696.095703125,696.8900146484375,447245
2026-05-07 16:35:00+00:00,696.85498046875,696.8699951171875,695.6099853515625,695.6801147460938,409909
2026-05-07 16:40:00+00:00,695.686279296875,696.3800048828125,695.4600219726562,695.9099731445312,301896
2026-05-07 16:45:00+00:00,695.9099731445312,696.1300048828125,695.4400024414062,695.630126953125,227896
2026-05-07 16:50:00+00:00,695.6599731445312,695.7899780273438,694.9199829101562,695.6099853515625,391943
2026-05-07 16:55:00+00:00,695.6300048828125,695.8200073242188,694.4000244140625,695.2100830078125,542816
2026-05-07 17:00:00+00:00,695.2899780273438,695.52001953125,694.8099975585938,695.059814453125,336135
2026-05-07 17:05:00+00:00,695.0499877929688,695.6099853515625,694.6900024414062,694.9000244140625,294026
2026-05-07 17:10:00+00:00,694.9099731445312,695.0059814453125,694.1500244140625,694.5700073242188,319773
2026-05-07 17:15:00+00:00,694.47998046875,694.47998046875,693.3049926757812,693.530029296875,646000
2026-05-07 17:20:00+00:00,693.469970703125,694.9000244140625,693.1701049804688,694.7020263671875,521899
2026-05-07 17:25:00+00:00,694.780029296875,695.27001953125,691.780029296875,693.0750122070312,906999
2026-05-07 17:30:00+00:00,693.0900268554688,693.97998046875,692.6489868164062,693.7200927734375,448912
2026-05-07 17:35:00+00:00,693.739990234375,694.75,693.4299926757812,694.5750122070312,400389
2026-05-07 17:40:00+00:00,694.5401000976562,695.0599975585938,693.7999877929688,693.97998046875,448403
2026-05-07 17:45:00+00:00,693.9450073242188,694.1699829101562,693.3099975585938,693.5399780273438,230147
2026-05-07 17:50:00+00:00,693.5499877929688,693.8400268554688,693.0800170898438,693.52001953125,285055
2026-05-07 17:55:00+00:00,693.5800170898438,695.4000244140625,693.510009765625,695.2349853515625,651114
2026-05-07 18:00:00+00:00,695.2999877929688,695.3800048828125,694.6699829101562,694.989990234375,701817
2026-05-07 18:05:00+00:00,695.02001953125,695.780029296875,694.3400268554688,694.5499877929688,463161
2026-05-07 18:10:00+00:00,694.5499877929688,695.0599975585938,694.1799926757812,694.719970703125,366186
2026-05-07 18:15:00+00:00,694.781982421875,695.4600219726562,694.6300048828125,694.97998046875,347891
2026-05-07 18:20:00+00:00,695.010009765625,695.1699829101562,694.3400268554688,694.4299926757812,243202
2026-05-07 18:25:00+00:00,694.3699951171875,694.530029296875,693.91650390625,694.2000122070312,233801
2026-05-07 18:30:00+00:00,694.2000122070312,695.030029296875,694.1286010742188,694.89501953125,279293
2026-05-07 18:35:00+00:00,694.9099731445312,695.0800170898438,694.0,694.5299072265625,253254
2026-05-07 18:40:00+00:00,694.5399780273438,694.5784912109375,692.77001953125,693.1400146484375,396848
2026-05-07 18:45:00+00:00,693.1900024414062,693.6199951171875,692.52001953125,692.8800048828125,628527
2026-05-07 18:50:00+00:00,692.885009765625,693.3499755859375,692.4849853515625,693.1099853515625,502157
2026-05-07 18:55:00+00:00,693.010009765625,694.0599975585938,692.739990234375,693.9400024414062,531005
2026-05-07 19:00:00+00:00,693.989990234375,694.1400146484375,693.3699951171875,693.6199951171875,231852
2026-05-07 19:05:00+00:00,693.6099853515625,693.9000244140625,693.280029296875,693.4650268554688,218968
2026-05-07 19:10:00+00:00,693.4500122070312,694.4000244140625,693.3200073242188,694.1500244140625,382524
2026-05-07 19:15:00+00:00,694.1599731445312,694.239990234375,692.989990234375,693.3099975585938,505223
2026-05-07 19:20:00+00:00,693.2899780273438,693.4500122070312,692.75,692.8264770507812,546544
2026-05-07 19:25:00+00:00,692.8800048828125,693.4998779296875,692.5800170898438,693.1500244140625,466148
2026-05-07 19:30:00+00:00,693.1900024414062,694.010009765625,693.0800170898438,693.9099731445312,561450
2026-05-07 19:35:00+00:00,693.9199829101562,694.739990234375,693.830078125,694.6799926757812,704056
2026-05-07 19:40:00+00:00,694.6599731445312,694.9400024414062,694.4299926757812,694.780029296875,360792
2026-05-07 19:45:00+00:00,694.8099975585938,695.0,694.3900146484375,694.6599731445312,769076
2026-05-07 19:50:00+00:00,694.6900024414062,695.5499877929688,694.0599975585938,694.3699951171875,1409832
2026-05-07 19:55:00+00:00,694.3400268554688,695.0599975585938,694.1599731445312,694.9199829101562,2251107
2026-05-08 13:30:00+00:00,699.9199829101562,702.1099243164062,699.530029296875,701.89501953125,2936681
2026-05-08 13:35:00+00:00,701.9299926757812,702.4000244140625,701.6201171875,701.97998046875,615162
2026-05-08 13:40:00+00:00,701.989990234375,702.760009765625,701.4299926757812,702.72998046875,614747
2026-05-08 13:45:00+00:00,702.739990234375,704.5700073242188,702.739990234375,704.4000244140625,1136138
2026-05-08 13:50:00+00:00,704.4000854492188,704.8447875976562,703.7899780273438,704.260009765625,675065
2026-05-08 13:55:00+00:00,704.25,705.4400024414062,703.8900146484375,705.3300170898438,555408
2026-05-08 14:00:00+00:00,705.3200073242188,705.8400268554688,704.7570190429688,705.5599975585938,922380
2026-05-08 14:05:00+00:00,705.5399780273438,705.739990234375,704.969970703125,705.4000244140625,548378
2026-05-08 14:10:00+00:00,705.4000244140625,705.47998046875,704.6300048828125,705.2003784179688,396641
2026-05-08 14:15:00+00:00,705.1699829101562,705.6300048828125,704.9000244140625,705.5499267578125,422957
2026-05-08 14:20:00+00:00,705.5399780273438,706.6500244140625,705.4299926757812,706.3800048828125,748224
2026-05-08 14:25:00+00:00,706.3699951171875,706.7791137695312,705.281005859375,705.469970703125,493537
2026-05-08 14:30:00+00:00,705.47998046875,705.7088012695312,704.6599731445312,705.6300048828125,473301
2026-05-08 14:35:00+00:00,705.64990234375,705.6799926757812,704.5700073242188,705.5900268554688,654260
2026-05-08 14:40:00+00:00,705.5800170898438,706.0999145507812,705.114990234375,706.0900268554688,745916
2026-05-08 14:45:00+00:00,706.0999755859375,706.530029296875,705.7899780273438,706.2899780273438,445827
2026-05-08 14:50:00+00:00,706.3198852539062,706.5900268554688,706.0050048828125,706.5698852539062,275342
2026-05-08 14:55:00+00:00,706.5599975585938,706.9500122070312,706.469970703125,706.7000122070312,423347
2026-05-08 15:00:00+00:00,706.6500244140625,707.1500244140625,706.6099853515625,706.8499755859375,405005
2026-05-08 15:05:00+00:00,706.8400268554688,707.27001953125,706.6400146484375,706.6860961914062,352688
2026-05-08 15:10:00+00:00,706.6699829101562,707.0800170898438,706.3300170898438,706.5449829101562,440705
2026-05-08 15:15:00+00:00,706.530029296875,706.5899047851562,705.8099975585938,706.280029296875,689326
2026-05-08 15:20:00+00:00,706.3400268554688,707.2100219726562,706.219970703125,706.780029296875,550470
2026-05-08 15:25:00+00:00,706.7401123046875,707.22998046875,706.72998046875,707.1901245117188,205659
2026-05-08 15:30:00+00:00,707.22998046875,707.3400268554688,706.510009765625,707.2899780273438,396996
2026-05-08 15:35:00+00:00,707.2999877929688,708.0,707.239990234375,707.71240234375,2104261
2026-05-08 15:40:00+00:00,707.719970703125,707.8250122070312,706.8499755859375,707.219970703125,409723
2026-05-08 15:45:00+00:00,707.260009765625,708.030029296875,707.0650024414062,707.72998046875,357792
2026-05-08 15:50:00+00:00,707.719970703125,707.8098754882812,707.260009765625,707.739990234375,343386
2026-05-08 15:55:00+00:00,707.719970703125,707.8699951171875,707.280029296875,707.4000244140625,254663
2026-05-08 16:00:00+00:00,707.4400024414062,707.8599243164062,707.405029296875,707.6036987304688,212224
2026-05-08 16:05:00+00:00,707.5700073242188,707.9000244140625,707.4099731445312,707.613525390625,255193
2026-05-08 16:10:00+00:00,707.6199951171875,708.239990234375,707.489990234375,708.0599975585938,201092
2026-05-08 16:15:00+00:00,708.0599975585938,708.1699829101562,707.8599853515625,707.875,378234
2026-05-08 16:20:00+00:00,707.8800048828125,708.27001953125,707.8699951171875,708.2100219726562,215562
2026-05-08 16:25:00+00:00,708.219970703125,708.6799926757812,708.1500244140625,708.614990234375,387748
2026-05-08 16:30:00+00:00,708.614990234375,708.6599731445312,708.3804931640625,708.469970703125,324389
2026-05-08 16:35:00+00:00,708.4550170898438,708.5,707.9400024414062,708.469970703125,277777
2026-05-08 16:40:00+00:00,708.469970703125,708.489990234375,707.510009765625,707.530029296875,1070108
2026-05-08 16:45:00+00:00,707.5399780273438,708.5599975585938,707.530029296875,708.5599975585938,262840
2026-05-08 16:50:00+00:00,708.5700073242188,708.7849731445312,708.1699829101562,708.5098876953125,503054
2026-05-08 16:55:00+00:00,708.530029296875,708.780029296875,708.469970703125,708.6199951171875,245696
2026-05-08 17:00:00+00:00,708.6400146484375,709.8099975585938,708.489990234375,709.739990234375,420983
2026-05-08 17:05:00+00:00,709.760009765625,709.9500122070312,709.1900024414062,709.89501953125,278116
2026-05-08 17:10:00+00:00,709.9000244140625,709.9600219726562,709.5599975585938,709.6500854492188,294264
2026-05-08 17:15:00+00:00,709.6699829101562,709.969970703125,709.6300048828125,709.8200073242188,227707
2026-05-08 17:20:00+00:00,709.8200073242188,710.326171875,709.6928100585938,710.1920166015625,526306
2026-05-08 17:25:00+00:00,710.2000122070312,710.4600219726562,709.9849853515625,710.2000122070312,399554
2026-05-08 17:30:00+00:00,710.2100219726562,710.3599853515625,709.9401245117188,710.22998046875,159488
2026-05-08 17:35:00+00:00,710.22998046875,710.4998779296875,709.9000244140625,709.9400024414062,226433
2026-05-08 17:40:00+00:00,709.9100952148438,710.0399780273438,709.47998046875,709.5700073242188,369897
2026-05-08 17:45:00+00:00,709.5399780273438,710.02001953125,709.2999877929688,709.4598999023438,330566
2026-05-08 17:50:00+00:00,709.3599853515625,709.530029296875,708.97998046875,709.510009765625,591404
2026-05-08 17:55:00+00:00,709.510009765625,709.77001953125,709.1599731445312,709.1950073242188,579625
2026-05-08 18:00:00+00:00,709.1998901367188,710.1500244140625,709.1201171875,709.6500244140625,458746
2026-05-08 18:05:00+00:00,709.6400146484375,709.9500122070312,709.3599853515625,709.4400024414062,188964
2026-05-08 18:10:00+00:00,709.4600219726562,709.8699951171875,709.22998046875,709.8099975585938,213854
2026-05-08 18:15:00+00:00,709.8300170898438,709.9498901367188,709.3699951171875,709.3900146484375,172909
2026-05-08 18:20:00+00:00,709.3800048828125,709.7899780273438,709.3599853515625,709.7899780273438,359202
2026-05-08 18:25:00+00:00,709.7899780273438,709.8574829101562,709.6500244140625,709.7476196289062,188981
2026-05-08 18:30:00+00:00,709.72998046875,709.8800048828125,709.630126953125,709.72998046875,136533
2026-05-08 18:35:00+00:00,709.72998046875,709.8099975585938,709.5,709.5399780273438,882367
2026-05-08 18:40:00+00:00,709.530029296875,709.7899780273438,709.3099975585938,709.4299926757812,296305
2026-05-08 18:45:00+00:00,709.4249877929688,709.4299926757812,709.0999755859375,709.2750244140625,298122
2026-05-08 18:50:00+00:00,709.2999877929688,709.6099853515625,709.010009765625,709.1599731445312,228983
2026-05-08 18:55:00+00:00,709.2000122070312,709.219970703125,708.5460205078125,708.5900268554688,443089
2026-05-08 19:00:00+00:00,708.5850219726562,709.3098754882812,708.5499877929688,709.2050170898438,343293
2026-05-08 19:05:00+00:00,709.219970703125,710.0999755859375,709.0999755859375,709.9400024414062,480394
2026-05-08 19:10:00+00:00,709.9349975585938,710.1423950195312,709.8400268554688,709.9100952148438,291100
2026-05-08 19:15:00+00:00,709.9099731445312,710.1900024414062,709.8599853515625,710.1099853515625,214172
2026-05-08 19:20:00+00:00,710.125,710.1900024414062,709.6220092773438,709.72998046875,375026
2026-05-08 19:25:00+00:00,709.7100219726562,709.8599243164062,709.1099853515625,709.125,316263
2026-05-08 19:30:00+00:00,709.1400146484375,709.6500244140625,708.989990234375,709.52001953125,289488
2026-05-08 19:35:00+00:00,709.52001953125,709.8931884765625,709.3300170898438,709.840087890625,493246
2026-05-08 19:40:00+00:00,709.8300170898438,710.1900024414062,709.8300170898438,710.1300048828125,420131
2026-05-08 19:45:00+00:00,710.1099853515625,710.4400024414062,710.010009765625,710.2349853515625,480076
2026-05-08 19:50:00+00:00,710.219970703125,710.8800048828125,710.0900268554688,710.8099975585938,1243956
2026-05-08 19:55:00+00:00,710.7999877929688,711.1300048828125,710.5150146484375,711.1099853515625,4498692
2026-05-11 13:30:00+00:00,710.3599853515625,713.5,709.7999877929688,713.2899780273438,2733093
2026-05-11 13:35:00+00:00,713.27001953125,713.280029296875,711.0,711.9700927734375,1102877
2026-05-11 13:40:00+00:00,711.97998046875,712.719482421875,711.489990234375,712.6300048828125,821173
2026-05-11 13:45:00+00:00,712.6400146484375,712.9500122070312,711.72998046875,711.77001953125,816478
2026-05-11 13:50:00+00:00,711.8099975585938,712.2100219726562,710.72998046875,710.9299926757812,616357
2026-05-11 13:55:00+00:00,710.9299926757812,711.219970703125,710.219970703125,710.47998046875,753604
2026-05-11 14:00:00+00:00,710.4400024414062,711.739990234375,710.4400024414062,711.3300170898438,727591
2026-05-11 14:05:00+00:00,711.3099975585938,712.3400268554688,711.3099975585938,711.989990234375,433711
2026-05-11 14:10:00+00:00,711.998291015625,712.7100219726562,711.4500122070312,712.6005859375,430076
2026-05-11 14:15:00+00:00,712.60498046875,713.0399780273438,712.219970703125,712.7999877929688,303746
2026-05-11 14:20:00+00:00,712.7899780273438,712.8400268554688,712.22998046875,712.2999877929688,359041
2026-05-11 14:25:00+00:00,712.3298950195312,712.4699096679688,709.6099853515625,709.8300170898438,640310
2026-05-11 14:30:00+00:00,709.8599853515625,710.6500244140625,708.9099731445312,710.5700073242188,964643
2026-05-11 14:35:00+00:00,710.5599975585938,711.6599731445312,710.27001953125,711.5499877929688,455586
2026-05-11 14:40:00+00:00,711.5800170898438,711.97998046875,711.2999877929688,711.7999877929688,414643
2026-05-11 14:45:00+00:00,711.7849731445312,712.1699829101562,711.5700073242188,712.169921875,525827
2026-05-11 14:50:00+00:00,712.1300048828125,712.8699951171875,711.8699951171875,712.8499755859375,471947
2026-05-11 14:55:00+00:00,712.8200073242188,712.905029296875,712.1799926757812,712.3800048828125,255800
2026-05-11 15:00:00+00:00,712.3800048828125,712.6500244140625,712.0200805664062,712.52001953125,291231
2026-05-11 15:05:00+00:00,712.5,712.8099975585938,712.1599731445312,712.7999877929688,193934
2026-05-11 15:10:00+00:00,712.8099975585938,712.8099975585938,711.719970703125,711.8400268554688,276288
2026-05-11 15:15:00+00:00,711.8203735351562,712.469970703125,711.6400146484375,712.1699829101562,351702
2026-05-11 15:20:00+00:00,712.1400146484375,712.780029296875,711.9299926757812,712.7100830078125,279096
2026-05-11 15:25:00+00:00,712.75,713.3099975585938,712.7000122070312,713.27001953125,803981
2026-05-11 15:30:00+00:00,713.280029296875,713.5999755859375,712.85498046875,713.0900268554688,391734
2026-05-11 15:35:00+00:00,713.1199951171875,713.25,712.7750244140625,713.2000122070312,212526
2026-05-11 15:40:00+00:00,713.260009765625,713.5900268554688,712.8699951171875,713.119873046875,266357
2026-05-11 15:45:00+00:00,713.0800170898438,713.6599731445312,713.0,713.6199951171875,406094
2026-05-11 15:50:00+00:00,713.5800170898438,714.1699829101562,713.344970703125,714.1400146484375,259588
2026-05-11 15:55:00+00:00,714.1300048828125,714.4000244140625,713.8900146484375,714.1799926757812,375951
2026-05-11 16:00:00+00:00,714.1900024414062,714.489990234375,714.0,714.4000244140625,300586
2026-05-11 16:05:00+00:00,714.4099731445312,714.5399780273438,714.2537841796875,714.4949951171875,244363
2026-05-11 16:10:00+00:00,714.5,714.5900268554688,714.3350219726562,714.52001953125,241789
2026-05-11 16:15:00+00:00,714.52001953125,714.5399780273438,713.8699951171875,713.9600219726562,186488
2026-05-11 16:20:00+00:00,713.97998046875,714.1400146484375,713.75,714.0150146484375,209224
2026-05-11 16:25:00+00:00,714.0399780273438,714.2999877929688,714.0399780273438,714.1900024414062,180924
2026-05-11 16:30:00+00:00,714.1900024414062,714.5,714.1204833984375,714.2000122070312,160516
2026-05-11 16:35:00+00:00,714.22998046875,714.27001953125,713.5,713.5479736328125,158612
2026-05-11 16:40:00+00:00,713.510009765625,713.5700073242188,711.9110107421875,712.97998046875,568863
2026-05-11 16:45:00+00:00,712.9400024414062,713.3800048828125,712.7999877929688,712.8950805664062,328202
2026-05-11 16:50:00+00:00,712.9099731445312,713.1998901367188,712.6099853515625,712.8699951171875,276659
2026-05-11 16:55:00+00:00,712.844970703125,713.02001953125,712.5499877929688,712.7575073242188,202364
2026-05-11 17:00:00+00:00,712.7501220703125,713.3198852539062,712.7501220703125,713.260009765625,194906
2026-05-11 17:05:00+00:00,713.25,713.4199829101562,712.8001098632812,713.0999755859375,218054
2026-05-11 17:10:00+00:00,713.0999755859375,713.0999755859375,712.22998046875,712.4146728515625,423865
2026-05-11 17:15:00+00:00,712.4099731445312,712.64990234375,712.0900268554688,712.3300170898438,268428
2026-05-11 17:20:00+00:00,712.3699951171875,713.2000122070312,712.2899780273438,713.1599731445312,150776
2026-05-11 17:25:00+00:00,713.14501953125,713.6298828125,713.0499877929688,713.5499877929688,176575
2026-05-11 17:30:00+00:00,713.510009765625,713.9299926757812,713.510009765625,713.7899780273438,224607
2026-05-11 17:35:00+00:00,713.780029296875,714.3699951171875,713.719970703125,714.0900268554688,190439
2026-05-11 17:40:00+00:00,714.0900268554688,714.3499755859375,713.989990234375,714.260009765625,241970
2026-05-11 17:45:00+00:00,714.2650146484375,714.4600219726562,714.0250244140625,714.0449829101562,262387
2026-05-11 17:50:00+00:00,714.0399780273438,714.27001953125,713.9130249023438,713.9598999023438,336192
2026-05-11 17:55:00+00:00,713.9299926757812,714.1400146484375,713.5750122070312,713.6187744140625,162756
2026-05-11 18:00:00+00:00,713.6201171875,714.1599731445312,713.6113891601562,714.0300903320312,201503
2026-05-11 18:05:00+00:00,714.0416870117188,714.4199829101562,713.989990234375,714.4199829101562,205872
2026-05-11 18:10:00+00:00,714.4099731445312,714.4299926757812,714.1199951171875,714.1699829101562,222510
2026-05-11 18:15:00+00:00,714.1699829101562,714.2899780273438,714.010009765625,714.1300048828125,211843
2026-05-11 18:20:00+00:00,714.1699829101562,714.2999877929688,713.7899780273438,714.2000122070312,285774
2026-05-11 18:25:00+00:00,714.1900024414062,714.4199829101562,714.1500244140625,714.3690795898438,456418
2026-05-11 18:30:00+00:00,714.35009765625,714.35009765625,713.9500732421875,714.0,374362
2026-05-11 18:35:00+00:00,714.0,714.3499755859375,713.780029296875,713.8099975585938,294322
2026-05-11 18:40:00+00:00,713.8099975585938,713.9041748046875,713.5,713.75,204776
2026-05-11 18:45:00+00:00,713.75,713.8499755859375,713.4099731445312,713.5994262695312,237353
2026-05-11 18:50:00+00:00,713.5800170898438,713.853271484375,713.3599853515625,713.5,247676
2026-05-11 18:55:00+00:00,713.5,713.6798706054688,712.2899780273438,712.3090209960938,525279
2026-05-11 19:00:00+00:00,712.3499755859375,712.7000122070312,712.0599975585938,712.1199951171875,415614
2026-05-11 19:05:00+00:00,712.0900268554688,713.27001953125,712.02001953125,713.2249755859375,398489
2026-05-11 19:10:00+00:00,713.22998046875,713.4511108398438,712.9400024414062,713.010009765625,348245
2026-05-11 19:15:00+00:00,713.02001953125,713.0999755859375,712.469970703125,712.8300170898438,545194
2026-05-11 19:20:00+00:00,712.8200073242188,712.9221801757812,712.219970703125,712.2750244140625,270361
2026-05-11 19:25:00+00:00,712.280029296875,712.4299926757812,711.9299926757812,712.1630859375,438862
2026-05-11 19:30:00+00:00,712.1400146484375,712.780029296875,712.010009765625,712.2650146484375,450878
2026-05-11 19:35:00+00:00,712.280029296875,712.42626953125,711.8699951171875,712.3499755859375,452498
2026-05-11 19:40:00+00:00,712.344970703125,712.5399780273438,711.9619750976562,712.1900024414062,236668
2026-05-11 19:45:00+00:00,712.1400146484375,712.69873046875,712.0399780273438,712.6400146484375,422825
2026-05-11 19:50:00+00:00,712.6199951171875,713.3400268554688,712.4600219726562,713.0599975585938,672413
2026-05-11 19:55:00+00:00,713.0599975585938,713.3900146484375,712.9500122070312,713.3499755859375,1323544
2026-05-12 13:30:00+00:00,708.1749877929688,708.5180053710938,706.5999755859375,707.8583984375,2965176
2026-05-12 13:35:00+00:00,707.8236083984375,708.6699829101562,706.5399780273438,708.5349731445312,794459
2026-05-12 13:40:00+00:00,708.5499877929688,709.9400024414062,708.2349853515625,709.9398803710938,1010358
2026-05-12 13:45:00+00:00,709.9500122070312,710.1799926757812,707.969970703125,708.3599853515625,725815
2026-05-12 13:50:00+00:00,708.2999877929688,709.0800170898438,707.4600219726562,708.4500122070312,525856
2026-05-12 13:55:00+00:00,708.4600219726562,708.5499877929688,705.6900024414062,706.0449829101562,745966
2026-05-12 14:00:00+00:00,706.0999755859375,706.9000244140625,705.1630249023438,705.7000122070312,722915
2026-05-12 14:05:00+00:00,705.7767944335938,706.7000122070312,705.5599975585938,706.3200073242188,510894
2026-05-12 14:10:00+00:00,706.3201293945312,707.7286987304688,705.8201904296875,707.6300048828125,491200
2026-05-12 14:15:00+00:00,707.6599731445312,708.3499755859375,707.0800170898438,708.3099975585938,365552
2026-05-12 14:20:00+00:00,708.3350219726562,708.47998046875,707.155029296875,707.27099609375,312600
2026-05-12 14:25:00+00:00,707.260009765625,707.5999755859375,704.9400024414062,705.0401000976562,582173
2026-05-12 14:30:00+00:00,705.0499877929688,705.239990234375,703.1254272460938,704.0,1008457
2026-05-12 14:35:00+00:00,703.989990234375,705.565185546875,703.3099975585938,705.3200073242188,571105
2026-05-12 14:40:00+00:00,705.4000244140625,706.010009765625,704.5,705.019775390625,350133
2026-05-12 14:45:00+00:00,704.9600830078125,705.010009765625,703.8599853515625,703.9400024414062,722984
2026-05-12 14:50:00+00:00,703.9000244140625,704.75,703.25,704.3599853515625,373431
2026-05-12 14:55:00+00:00,704.3599853515625,704.6599731445312,702.9500122070312,703.2999877929688,334613
2026-05-12 15:00:00+00:00,703.280029296875,703.6900024414062,702.5,702.5549926757812,578427
2026-05-12 15:05:00+00:00,702.5595092773438,703.510009765625,702.1699829101562,703.4249877929688,773226
2026-05-12 15:10:00+00:00,703.4299926757812,703.5399780273438,702.0800170898438,702.0999755859375,424045
2026-05-12 15:15:00+00:00,702.0999755859375,702.1900024414062,700.8800048828125,701.4299926757812,994873
2026-05-12 15:20:00+00:00,701.4299926757812,701.6400146484375,699.75,700.1099853515625,721408
2026-05-12 15:25:00+00:00,700.110107421875,700.5,699.47998046875,699.93359375,1276098
2026-05-12 15:30:00+00:00,699.97998046875,701.125,699.8300170898438,700.9299926757812,696893
2026-05-12 15:35:00+00:00,700.9199829101562,701.6209106445312,700.3350219726562,701.3200073242188,658098
2026-05-12 15:40:00+00:00,701.2949829101562,701.5399780273438,700.52001953125,701.25,344399
2026-05-12 15:45:00+00:00,701.2550048828125,701.5098876953125,700.6510009765625,700.7899780273438,283416
2026-05-12 15:50:00+00:00,700.7449951171875,700.9600219726562,699.8499755859375,699.8499755859375,434267
2026-05-12 15:55:00+00:00,699.7999877929688,699.989990234375,698.7999877929688,699.030029296875,651654
2026-05-12 16:00:00+00:00,699.0349731445312,700.4598999023438,698.3800048828125,700.2000122070312,823556
2026-05-12 16:05:00+00:00,700.219970703125,700.3900146484375,699.47998046875,699.739990234375,267840
2026-05-12 16:10:00+00:00,699.6799926757812,700.8900146484375,699.489990234375,700.75,262095
2026-05-12 16:15:00+00:00,700.7000732421875,700.8099975585938,699.7899780273438,699.7899780273438,238656
2026-05-12 16:20:00+00:00,699.739990234375,700.1500244140625,698.825927734375,699.27001953125,586446
2026-05-12 16:25:00+00:00,699.27001953125,699.5599975585938,698.9298706054688,699.0549926757812,227668
2026-05-12 16:30:00+00:00,699.0399780273438,699.1900024414062,698.0499877929688,698.4099731445312,469058
2026-05-12 16:35:00+00:00,698.340087890625,699.0999755859375,698.25,698.3599243164062,285254
2026-05-12 16:40:00+00:00,698.3699951171875,698.7550048828125,697.3499755859375,697.8499755859375,485260
2026-05-12 16:45:00+00:00,697.8330078125,698.2100219726562,697.0499877929688,697.4749755859375,443848
2026-05-12 16:50:00+00:00,697.4302978515625,697.7100219726562,696.6900024414062,696.9400024414062,442770
2026-05-12 16:55:00+00:00,696.8900146484375,697.3499755859375,696.6599731445312,696.7999877929688,424892
2026-05-12 17:00:00+00:00,696.8200073242188,698.0866088867188,696.8200073242188,697.9703979492188,464909
2026-05-12 17:05:00+00:00,697.9650268554688,699.0499877929688,697.9099731445312,698.4400024414062,616888
2026-05-12 17:10:00+00:00,698.4199829101562,699.1599731445312,698.3200073242188,699.0999755859375,328536
2026-05-12 17:15:00+00:00,699.0999755859375,700.1500244140625,699.0599975585938,699.9000244140625,762112
2026-05-12 17:20:00+00:00,700.0,701.2899780273438,699.9801025390625,700.7600708007812,563462
2026-05-12 17:25:00+00:00,700.760009765625,700.8300170898438,699.6099853515625,700.2349853515625,410732
2026-05-12 17:30:00+00:00,700.25,701.239990234375,700.1099853515625,701.0700073242188,401692
2026-05-12 17:35:00+00:00,701.0601196289062,701.0900268554688,699.9600219726562,700.5241088867188,649593
2026-05-12 17:40:00+00:00,700.5200805664062,700.8200073242188,700.3800048828125,700.5599975585938,160728
2026-05-12 17:45:00+00:00,700.5800170898438,700.719970703125,699.989990234375,700.39990234375,147541
2026-05-12 17:50:00+00:00,700.4199829101562,700.9998779296875,700.030029296875,700.989990234375,179213
2026-05-12 17:55:00+00:00,700.989990234375,701.1500244140625,700.4500122070312,701.0250244140625,267246
2026-05-12 18:00:00+00:00,701.010009765625,701.5999755859375,700.8900146484375,701.423828125,502710
2026-05-12 18:05:00+00:00,701.4299926757812,701.5499877929688,700.8800048828125,700.9896240234375,279478
2026-05-12 18:10:00+00:00,700.989990234375,701.7299194335938,700.8499755859375,701.7150268554688,165406
2026-05-12 18:15:00+00:00,701.6801147460938,702.030029296875,701.3189086914062,701.5999755859375,335969
2026-05-12 18:20:00+00:00,701.5700073242188,702.0579223632812,701.5150146484375,701.9000854492188,305018
2026-05-12 18:25:00+00:00,702.0137939453125,703.02001953125,702.010009765625,702.75,537623
2026-05-12 18:30:00+00:00,702.75,703.155029296875,702.530029296875,702.639892578125,384685
2026-05-12 18:35:00+00:00,702.6300048828125,703.0150146484375,702.3300170898438,702.5399780273438,315517
2026-05-12 18:40:00+00:00,702.5399780273438,702.9600219726562,702.4099731445312,702.4600219726562,198196
2026-05-12 18:45:00+00:00,702.4500122070312,702.5097045898438,701.6900024414062,702.3250122070312,500691
2026-05-12 18:50:00+00:00,702.3200073242188,702.8400268554688,702.1699829101562,702.5499877929688,292633
2026-05-12 18:55:00+00:00,702.593994140625,703.1400146484375,701.72998046875,701.8699951171875,375464
2026-05-12 19:00:00+00:00,701.9199829101562,702.6500244140625,701.9000244140625,702.5791015625,146595
2026-05-12 19:05:00+00:00,702.5499877929688,703.1099853515625,702.2899780273438,702.7899780273438,278229
2026-05-12 19:10:00+00:00,702.7849731445312,704.1799926757812,702.77001953125,703.9299926757812,403023
2026-05-12 19:15:00+00:00,704.0,704.5,703.9099731445312,704.0399780273438,466718
2026-05-12 19:20:00+00:00,704.0499877929688,704.159912109375,703.3200073242188,703.9000244140625,403693
2026-05-12 19:25:00+00:00,703.8900146484375,704.2310180664062,703.8900146484375,704.0791015625,201965
2026-05-12 19:30:00+00:00,704.0800170898438,705.6300048828125,704.0800170898438,705.469970703125,609855
2026-05-12 19:35:00+00:00,705.47998046875,705.6799926757812,705.0800170898438,705.6199951171875,591519
2026-05-12 19:40:00+00:00,705.6099853515625,706.1699829101562,705.4600219726562,706.0499877929688,551848
2026-05-12 19:45:00+00:00,706.0549926757812,706.47998046875,705.7000122070312,706.319580078125,605927
2026-05-12 19:50:00+00:00,706.3300170898438,707.5499877929688,706.260009765625,706.8699951171875,1191243
2026-05-12 19:55:00+00:00,706.9000244140625,707.4000244140625,706.75,707.2000122070312,1879214
2026-05-13 13:30:00+00:00,709.8200073242188,709.9500122070312,708.280029296875,709.260009765625,3941051
2026-05-13 13:35:00+00:00,709.3200073242188,709.3599853515625,707.3400268554688,707.9401245117188,846468
2026-05-13 13:40:00+00:00,708.0,709.4400024414062,707.6300048828125,708.2000122070312,641029
2026-05-13 13:45:00+00:00,708.1300048828125,708.22998046875,704.8300170898438,706.2899780273438,962557
2026-05-13 13:50:00+00:00,706.280029296875,708.3499755859375,705.3400268554688,708.3350219726562,768931
2026-05-13 13:55:00+00:00,708.375,708.4799194335938,706.6599731445312,707.1099853515625,654106
2026-05-13 14:00:00+00:00,707.1699829101562,707.456298828125,706.469970703125,706.9600219726562,401708
2026-05-13 14:05:00+00:00,706.9500122070312,707.5499877929688,705.7899780273438,706.5399780273438,578100
2026-05-13 14:10:00+00:00,706.4299926757812,707.6799926757812,706.2100219726562,707.2100219726562,561929
2026-05-13 14:15:00+00:00,707.1900024414062,707.6900024414062,706.6749267578125,707.030029296875,374262
2026-05-13 14:20:00+00:00,707.010009765625,709.0,706.9400024414062,708.8300170898438,667988
2026-05-13 14:25:00+00:00,708.819580078125,709.47998046875,708.5501098632812,708.7899780273438,442324
2026-05-13 14:30:00+00:00,708.780029296875,709.719970703125,708.4249877929688,709.6699829101562,474170
2026-05-13 14:35:00+00:00,709.6649780273438,709.8200073242188,708.3599853515625,708.8599853515625,403433
2026-05-13 14:40:00+00:00,708.8200073242188,709.7100219726562,708.5999755859375,709.4600219726562,740951
2026-05-13 14:45:00+00:00,709.4749755859375,709.8099975585938,708.8099975585938,709.5800170898438,232874
2026-05-13 14:50:00+00:00,709.5399780273438,710.6799926757812,709.27001953125,710.5399780273438,358375
2026-05-13 14:55:00+00:00,710.5800170898438,710.8499755859375,710.260009765625,710.7426147460938,589523
2026-05-13 15:00:00+00:00,710.72998046875,711.530029296875,710.6799926757812,711.1500244140625,481539
2026-05-13 15:05:00+00:00,711.1799926757812,711.2100219726562,710.6900024414062,711.0501098632812,359019
2026-05-13 15:10:00+00:00,711.1099853515625,711.1500244140625,710.25,710.8300170898438,217785
2026-05-13 15:15:00+00:00,710.839599609375,711.2799072265625,710.75,711.0897827148438,194904
2026-05-13 15:20:00+00:00,711.0499877929688,711.2969970703125,710.4500122070312,710.7454833984375,233927
2026-05-13 15:25:00+00:00,710.7319946289062,710.7319946289062,709.8499755859375,710.5700073242188,631182
2026-05-13 15:30:00+00:00,710.5599975585938,711.010009765625,709.9500122070312,710.7901000976562,231601
2026-05-13 15:35:00+00:00,710.8099975585938,711.369873046875,710.6900024414062,711.0899047851562,206687
2026-05-13 15:40:00+00:00,711.1099853515625,712.3599853515625,711.0999755859375,712.1900024414062,905283
2026-05-13 15:45:00+00:00,712.1900024414062,712.1900024414062,711.5700073242188,711.5750122070312,225430
2026-05-13 15:50:00+00:00,711.5449829101562,711.5700073242188,710.72998046875,711.2100219726562,387725
2026-05-13 15:55:00+00:00,711.2000122070312,711.2100219726562,710.2401123046875,710.5449829101562,281187
2026-05-13 16:00:00+00:00,710.5599975585938,711.7094116210938,710.2999877929688,711.7094116210938,228609
2026-05-13 16:05:00+00:00,711.6950073242188,711.9600219726562,711.1599731445312,711.9600219726562,174305
2026-05-13 16:10:00+00:00,711.9530029296875,712.4400024414062,711.8699951171875,712.4000244140625,267483
2026-05-13 16:15:00+00:00,712.39990234375,712.5900268554688,712.073974609375,712.2899780273438,268929
2026-05-13 16:20:00+00:00,712.2700805664062,713.6571044921875,712.1500244140625,713.4550170898438,501870
2026-05-13 16:25:00+00:00,713.4450073242188,713.77001953125,712.9500122070312,713.60009765625,348434
2026-05-13 16:30:00+00:00,713.5900268554688,713.77001953125,713.030029296875,713.6599731445312,316360
2026-05-13 16:35:00+00:00,713.6500244140625,713.8499755859375,713.4301147460938,713.4304809570312,186358
2026-05-13 16:40:00+00:00,713.4500122070312,713.760009765625,713.4400024414062,713.5245971679688,498625
2026-05-13 16:45:00+00:00,713.510009765625,713.705810546875,713.239990234375,713.39501953125,248496
2026-05-13 16:50:00+00:00,713.4000244140625,713.6799926757812,713.1099243164062,713.6500244140625,599012
2026-05-13 16:55:00+00:00,713.6699829101562,714.1950073242188,713.6400146484375,713.8599243164062,281238
2026-05-13 17:00:00+00:00,713.9000244140625,714.5499877929688,713.9000244140625,714.3699951171875,292377
2026-05-13 17:05:00+00:00,714.380126953125,714.9000244140625,714.3800048828125,714.5449829101562,296688
2026-05-13 17:10:00+00:00,714.5449829101562,714.9298706054688,714.5399780273438,714.8099975585938,173911
2026-05-13 17:15:00+00:00,714.7999877929688,715.02001953125,714.5599975585938,714.719970703125,243505
2026-05-13 17:20:00+00:00,714.7249755859375,714.760009765625,714.3099975585938,714.3099975585938,135618
2026-05-13 17:25:00+00:00,714.3099975585938,714.9141845703125,714.22998046875,714.8049926757812,191624
2026-05-13 17:30:00+00:00,714.7899780273438,714.9000244140625,714.27001953125,714.4400024414062,173733
2026-05-13 17:35:00+00:00,714.3800048828125,714.5499877929688,714.2849731445312,714.369873046875,282246
2026-05-13 17:40:00+00:00,714.3499755859375,714.6799926757812,714.2999877929688,714.6500244140625,133184
2026-05-13 17:45:00+00:00,714.625,714.8099975585938,714.4600219726562,714.5599975585938,118011
2026-05-13 17:50:00+00:00,714.5399780273438,714.8200073242188,714.5399780273438,714.5798950195312,109451
2026-05-13 17:55:00+00:00,714.5599975585938,714.6400146484375,713.7000122070312,713.7224731445312,358543
2026-05-13 18:00:00+00:00,713.75,714.5700073242188,713.6749877929688,714.4901123046875,220926
2026-05-13 18:05:00+00:00,714.530029296875,714.89990234375,714.4400024414062,714.8400268554688,169447
2026-05-13 18:10:00+00:00,714.8200073242188,715.6898803710938,714.7899780273438,715.6300048828125,595780
2026-05-13 18:15:00+00:00,715.6500244140625,716.2999877929688,715.6500244140625,716.1500244140625,630599
2026-05-13 18:20:00+00:00,716.1599731445312,716.6500244140625,716.1099853515625,716.2999877929688,366765
2026-05-13 18:25:00+00:00,716.3099975585938,716.6099853515625,716.239990234375,716.280029296875,308175
2026-05-13 18:30:00+00:00,716.2750244140625,716.4149780273438,715.94970703125,716.1400146484375,447034
2026-05-13 18:35:00+00:00,716.1300048828125,716.1500244140625,715.344970703125,715.7249755859375,371307
2026-05-13 18:40:00+00:00,715.739990234375,715.9400024414062,715.4000244140625,715.4099731445312,287199
2026-05-13 18:45:00+00:00,715.4099731445312,715.6400756835938,715.1699829101562,715.375,327670
2026-05-13 18:50:00+00:00,715.3800048828125,715.4000244140625,715.010009765625,715.22998046875,459348
2026-05-13 18:55:00+00:00,715.239990234375,715.239990234375,714.27001953125,714.35009765625,329123
2026-05-13 19:00:00+00:00,714.4299926757812,714.969970703125,714.3800048828125,714.8250122070312,690139
2026-05-13 19:05:00+00:00,714.8499145507812,715.5800170898438,714.5601806640625,715.510009765625,372906
2026-05-13 19:10:00+00:00,715.5,715.760009765625,715.2999877929688,715.705078125,258209
2026-05-13 19:15:00+00:00,715.6799926757812,716.0499877929688,715.47998046875,715.9550170898438,235641
2026-05-13 19:20:00+00:00,715.969970703125,716.0499877929688,715.1500244140625,715.2299194335938,302148
2026-05-13 19:25:00+00:00,715.2100219726562,715.6998901367188,715.0700073242188,715.6799926757812,198620
2026-05-13 19:30:00+00:00,715.6900024414062,715.760009765625,715.3900146484375,715.4600219726562,454744
2026-05-13 19:35:00+00:00,715.47998046875,715.8099975585938,715.3599853515625,715.7249755859375,329240
2026-05-13 19:40:00+00:00,715.739990234375,715.9299926757812,715.6500244140625,715.8699951171875,281282
2026-05-13 19:45:00+00:00,715.875,716.0499877929688,715.75,715.8400268554688,1192222
2026-05-13 19:50:00+00:00,715.8300170898438,715.8300170898438,713.8599853515625,714.1099853515625,1012227
2026-05-13 19:55:00+00:00,714.1300048828125,714.719970703125,714.0999755859375,714.47998046875,1856378
2026-05-14 13:30:00+00:00,714.6199951171875,716.469970703125,714.219970703125,716.469970703125,2149293
2026-05-14 13:35:00+00:00,716.4201049804688,717.6500244140625,716.2200927734375,717.3400268554688,823364
2026-05-14 13:40:00+00:00,717.3699951171875,718.3499755859375,717.0499877929688,718.2650146484375,621488
2026-05-14 13:45:00+00:00,718.25,719.5499877929688,718.25,719.2127075195312,958645
2026-05-14 13:50:00+00:00,719.2100219726562,719.6900024414062,717.8499755859375,717.8599853515625,746963
2026-05-14 13:55:00+00:00,717.8499755859375,718.2498779296875,715.9000244140625,716.27001953125,577580
2026-05-14 14:00:00+00:00,716.239990234375,718.0499877929688,716.0399780273438,717.5900268554688,580904
2026-05-14 14:05:00+00:00,717.5999755859375,717.7698974609375,716.2490234375,716.42919921875,573501
2026-05-14 14:10:00+00:00,716.4349975585938,717.5,716.1500244140625,717.239990234375,476902
2026-05-14 14:15:00+00:00,717.2100219726562,718.626220703125,717.1312255859375,718.5050048828125,362327
2026-05-14 14:20:00+00:00,718.5,719.25,718.1500244140625,718.3499755859375,587235
2026-05-14 14:25:00+00:00,718.39501953125,718.52001953125,717.5599975585938,718.1900024414062,457455
2026-05-14 14:30:00+00:00,718.1699829101562,718.469970703125,717.8800048828125,718.4099731445312,247239
2026-05-14 14:35:00+00:00,718.4000244140625,719.5349731445312,718.27001953125,719.5349731445312,346229
2026-05-14 14:40:00+00:00,719.5075073242188,719.7000122070312,719.1699829101562,719.7000122070312,377508
2026-05-14 14:45:00+00:00,719.7000122070312,720.22998046875,719.6599731445312,720.2000122070312,434966
2026-05-14 14:50:00+00:00,720.2000122070312,720.739990234375,719.6400146484375,720.01318359375,585735
2026-05-14 14:55:00+00:00,720.030029296875,720.239990234375,719.1799926757812,719.4199829101562,392433
2026-05-14 15:00:00+00:00,719.4600219726562,720.239990234375,719.2305297851562,719.6610107421875,292087
2026-05-14 15:05:00+00:00,719.6400146484375,720.52001953125,719.530029296875,720.510009765625,274209
2026-05-14 15:10:00+00:00,720.510009765625,720.9299926757812,720.260009765625,720.8599853515625,322393
2026-05-14 15:15:00+00:00,720.8599853515625,721.4500122070312,720.8400268554688,721.3400268554688,706946
2026-05-14 15:20:00+00:00,721.3200073242188,721.7000122070312,721.0,721.3599853515625,922153
2026-05-14 15:25:00+00:00,721.3599853515625,721.8099975585938,721.3300170898438,721.375,342909
2026-05-14 15:30:00+00:00,721.4099731445312,721.719970703125,720.9434204101562,721.0999755859375,318785
2026-05-14 15:35:00+00:00,721.1199951171875,721.3900146484375,720.739990234375,721.0798950195312,298321
2026-05-14 15:40:00+00:00,721.0700073242188,721.3900146484375,720.780029296875,721.3200073242188,181633
2026-05-14 15:45:00+00:00,721.3599853515625,721.3699951171875,720.875,721.1699829101562,165776
2026-05-14 15:50:00+00:00,721.1900024414062,721.4400024414062,721.0399780273438,721.3699951171875,194192
2026-05-14 15:55:00+00:00,721.3590087890625,721.739990234375,721.3499755859375,721.39990234375,519481
2026-05-14 16:00:00+00:00,721.4099731445312,721.7899780273438,721.3154907226562,721.77001953125,297406
2026-05-14 16:05:00+00:00,721.7698974609375,721.9400024414062,721.52001953125,721.6099853515625,223506
2026-05-14 16:10:00+00:00,721.6400146484375,722.030029296875,721.3400268554688,721.4127807617188,289465
2026-05-14 16:15:00+00:00,721.4450073242188,721.9299926757812,721.1799926757812,721.2899780273438,249091
2026-05-14 16:20:00+00:00,721.2899780273438,722.0150146484375,721.27001953125,721.469970703125,193223
2026-05-14 16:25:00+00:00,721.4500122070312,721.5999755859375,720.4199829101562,720.6799926757812,258978
2026-05-14 16:30:00+00:00,720.739990234375,721.0800170898438,720.02001953125,720.2100219726562,529932
2026-05-14 16:35:00+00:00,720.1901245117188,720.7100219726562,720.1900024414062,720.6400146484375,325782
2026-05-14 16:40:00+00:00,720.5800170898438,721.0599975585938,720.4208984375,720.5100708007812,233638
2026-05-14 16:45:00+00:00,720.469970703125,720.9948120117188,719.9299926757812,720.7899780273438,306068
2026-05-14 16:50:00+00:00,720.8099975585938,720.8699951171875,720.22998046875,720.8300170898438,169154
2026-05-14 16:55:00+00:00,720.8499755859375,720.9199829101562,719.97998046875,720.7550048828125,210644
2026-05-14 17:00:00+00:00,720.7999877929688,721.3599853515625,720.760009765625,721.1300048828125,190594
2026-05-14 17:05:00+00:00,721.1199951171875,721.1300048828125,719.7338256835938,719.7650146484375,265059
2026-05-14 17:10:00+00:00,719.7899780273438,720.22998046875,718.9099731445312,719.0700073242188,278004
2026-05-14 17:15:00+00:00,719.10498046875,719.3599853515625,717.8200073242188,718.059814453125,545983
2026-05-14 17:20:00+00:00,718.0800170898438,718.9400024414062,718.010009765625,718.27001953125,657595
2026-05-14 17:25:00+00:00,718.2750244140625,718.8300170898438,717.5599975585938,718.7899780273438,516065
2026-05-14 17:30:00+00:00,718.8099975585938,719.4400024414062,718.5700073242188,718.9400024414062,329562
2026-05-14 17:35:00+00:00,718.969970703125,719.9000244140625,718.9400024414062,719.77001953125,198117
2026-05-14 17:40:00+00:00,719.7249755859375,720.1099243164062,719.5700073242188,720.010009765625,186864
2026-05-14 17:45:00+00:00,720.0499877929688,720.8699951171875,720.0399780273438,720.7000122070312,298334
2026-05-14 17:50:00+00:00,720.7000122070312,721.1699829101562,720.5800170898438,720.9600219726562,319404
2026-05-14 17:55:00+00:00,720.9400024414062,721.3300170898438,720.780029296875,720.7899780273438,298154
2026-05-14 18:00:00+00:00,720.7899780273438,720.7899780273438,718.6500244140625,718.9500122070312,545209
2026-05-14 18:05:00+00:00,718.989990234375,719.3599853515625,718.8200073242188,719.0800170898438,210803
2026-05-14 18:10:00+00:00,719.0850219726562,719.9500122070312,718.8400268554688,719.8244018554688,535837
2026-05-14 18:15:00+00:00,719.8297119140625,720.2650146484375,719.6019897460938,720.1207275390625,283197
2026-05-14 18:20:00+00:00,720.1900024414062,720.2098999023438,719.35498046875,719.47998046875,288217
2026-05-14 18:25:00+00:00,719.5399780273438,719.6500244140625,719.0999755859375,719.4299926757812,149647
2026-05-14 18:30:00+00:00,719.469970703125,720.02001953125,719.4199829101562,719.760009765625,156917
2026-05-14 18:35:00+00:00,719.739990234375,719.9099731445312,719.4600219726562,719.6500244140625,105707
2026-05-14 18:40:00+00:00,719.7100219726562,719.719970703125,719.0,719.4000244140625,251019
2026-05-14 18:45:00+00:00,719.3900146484375,719.780029296875,719.030029296875,719.6900024414062,278751
2026-05-14 18:50:00+00:00,719.7000122070312,720.0999145507812,719.7000122070312,720.0399780273438,151474
2026-05-14 18:55:00+00:00,720.0198974609375,720.4899291992188,719.9600219726562,720.272216796875,246107
2026-05-14 19:00:00+00:00,720.27001953125,720.8400268554688,720.27001953125,720.5599975585938,256036
2026-05-14 19:05:00+00:00,720.5700073242188,720.77001953125,720.1699829101562,720.5700073242188,155779
2026-05-14 19:10:00+00:00,720.5899047851562,720.7100219726562,719.9000244140625,720.2150268554688,164510
2026-05-14 19:15:00+00:00,720.1900024414062,720.4650268554688,720.0999755859375,720.3400268554688,143060
2026-05-14 19:20:00+00:00,720.2999877929688,720.9000244140625,720.2999877929688,720.4801025390625,237282
2026-05-14 19:25:00+00:00,720.47998046875,720.5250244140625,719.9400024414062,720.02001953125,177488
2026-05-14 19:30:00+00:00,720.02001953125,720.6400146484375,719.9849853515625,720.3099975585938,251828
2026-05-14 19:35:00+00:00,720.2899780273438,720.5800170898438,720.0999755859375,720.510009765625,266166
2026-05-14 19:40:00+00:00,720.489990234375,720.9000244140625,720.4849853515625,720.72998046875,431175
2026-05-14 19:45:00+00:00,720.72998046875,720.8049926757812,720.3599853515625,720.5,446488
2026-05-14 19:50:00+00:00,720.469970703125,720.510009765625,719.822998046875,720.3098754882812,683777
2026-05-14 19:55:00+00:00,720.3099975585938,720.3400268554688,719.5599975585938,719.7150268554688,1020747
2026-05-15 13:30:00+00:00,710.10498046875,710.4000244140625,708.0,709.5449829101562,5180005
2026-05-15 13:35:00+00:00,709.5499877929688,709.5599975585938,707.0700073242188,707.4119873046875,1259604
2026-05-15 13:40:00+00:00,707.4400024414062,709.2645263671875,707.3499755859375,707.4450073242188,647235
2026-05-15 13:45:00+00:00,707.4299926757812,708.7650146484375,705.5499877929688,708.6599731445312,1168906
2026-05-15 13:50:00+00:00,708.6799926757812,710.0,707.3599853515625,709.6900024414062,795292
2026-05-15 13:55:00+00:00,709.7000122070312,710.3499755859375,706.780029296875,706.8800048828125,865607
2026-05-15 14:00:00+00:00,706.9000244140625,708.5098876953125,706.6099853515625,707.3800048828125,830500
2026-05-15 14:05:00+00:00,707.3900146484375,709.0800170898438,706.9550170898438,708.530029296875,563284
2026-05-15 14:10:00+00:00,708.5499877929688,710.75,708.1500244140625,710.6900024414062,698502
2026-05-15 14:15:00+00:00,710.6799926757812,712.1500244140625,710.0599975585938,711.8200073242188,1397813
2026-05-15 14:20:00+00:00,711.8499755859375,712.6599731445312,711.5,711.6300048828125,745591
2026-05-15 14:25:00+00:00,711.625,711.7000122070312,709.9600219726562,710.4349975585938,583462
2026-05-15 14:30:00+00:00,710.4600219726562,711.7000122070312,710.2899780273438,711.6400146484375,457073
2026-05-15 14:35:00+00:00,711.640380859375,712.0266723632812,710.77001953125,711.218505859375,395525
2026-05-15 14:40:00+00:00,711.219970703125,712.0999755859375,711.2000122070312,711.7999877929688,732303
2026-05-15 14:45:00+00:00,711.8295288085938,711.9400024414062,710.2100219726562,710.375,349454
2026-05-15 14:50:00+00:00,710.4099731445312,710.84228515625,709.4000244140625,710.8300170898438,508799
2026-05-15 14:55:00+00:00,710.8576049804688,711.3309936523438,710.0599975585938,710.1649780273438,302134
2026-05-15 15:00:00+00:00,710.219970703125,710.9299926757812,709.5,710.1699829101562,410551
2026-05-15 15:05:00+00:00,710.1400146484375,711.1199951171875,709.239990234375,711.0700073242188,405150
2026-05-15 15:10:00+00:00,711.0700073242188,711.239990234375,709.8099975585938,710.3099975585938,361248
2026-05-15 15:15:00+00:00,710.2899780273438,711.1500244140625,710.02001953125,710.9600219726562,405792
2026-05-15 15:20:00+00:00,710.9600219726562,712.0900268554688,710.9600219726562,711.1699829101562,368484
2026-05-15 15:25:00+00:00,711.22998046875,711.7050170898438,710.530029296875,711.4201049804688,317700
2026-05-15 15:30:00+00:00,711.4500122070312,712.3699951171875,711.4500122070312,711.6900024414062,357467
2026-05-15 15:35:00+00:00,711.6588745117188,712.5800170898438,711.3200073242188,711.4299926757812,391357
2026-05-15 15:40:00+00:00,711.4299926757812,711.719970703125,709.9600219726562,710.2739868164062,333789
2026-05-15 15:45:00+00:00,710.2999877929688,710.6599731445312,709.6799926757812,709.8800048828125,334412
2026-05-15 15:50:00+00:00,709.875,709.8900146484375,708.9299926757812,709.27001953125,435923
2026-05-15 15:55:00+00:00,709.2100219726562,710.2999877929688,708.5399780273438,710.1599731445312,1593912
2026-05-15 16:00:00+00:00,710.22998046875,710.9000244140625,709.7899780273438,710.2000122070312,521685
2026-05-15 16:05:00+00:00,710.1199951171875,710.6699829101562,709.7100219726562,710.5800170898438,218758
2026-05-15 16:10:00+00:00,710.5499877929688,710.5701293945312,709.47998046875,710.3200073242188,225015
2026-05-15 16:15:00+00:00,710.3099975585938,710.3599853515625,709.5,709.969970703125,306963
2026-05-15 16:20:00+00:00,709.969970703125,711.194580078125,709.864990234375,711.1201171875,254894
2026-05-15 16:25:00+00:00,711.1300048828125,711.5,710.9400024414062,711.3900146484375,1420154
2026-05-15 16:30:00+00:00,711.4299926757812,711.77001953125,711.1500244140625,711.6099853515625,166112
2026-05-15 16:35:00+00:00,711.6699829101562,711.6900024414062,711.02001953125,711.4249877929688,194394
2026-05-15 16:40:00+00:00,711.5,711.75,711.0399780273438,711.7301025390625,142775
2026-05-15 16:45:00+00:00,711.7249755859375,711.869873046875,711.3499755859375,711.47998046875,138172
2026-05-15 16:50:00+00:00,711.4500122070312,711.8200073242188,710.1500244140625,710.32421875,212076
2026-05-15 16:55:00+00:00,710.2899780273438,711.3300170898438,710.288818359375,711.1900024414062,1155611
2026-05-15 17:00:00+00:00,711.2000122070312,711.5499877929688,710.9299926757812,711.280029296875,220033
2026-05-15 17:05:00+00:00,711.260009765625,711.9400024414062,711.1489868164062,711.8150024414062,220108
2026-05-15 17:10:00+00:00,711.8499145507812,712.1300048828125,711.6199951171875,712.0999755859375,216807
2026-05-15 17:15:00+00:00,712.1099853515625,712.2098999023438,711.6699829101562,712.2098999023438,393259
2026-05-15 17:20:00+00:00,712.2100219726562,713.1799926757812,712.0800170898438,713.0900268554688,343446
2026-05-15 17:25:00+00:00,713.0900268554688,713.72998046875,713.0900268554688,713.469970703125,355532
2026-05-15 17:30:00+00:00,713.4500122070312,714.0800170898438,713.4201049804688,714.0595092773438,249892
2026-05-15 17:35:00+00:00,714.0200805664062,714.1400146484375,713.5800170898438,713.9998779296875,343846
2026-05-15 17:40:00+00:00,713.9979858398438,714.0599975585938,713.1699829101562,713.6300048828125,373404
2026-05-15 17:45:00+00:00,713.6599731445312,713.8699951171875,713.3400268554688,713.4550170898438,222327
2026-05-15 17:50:00+00:00,713.5150146484375,714.0598754882812,713.489990234375,713.97998046875,197799
2026-05-15 17:55:00+00:00,713.969970703125,714.280029296875,713.6900024414062,714.2100219726562,1409683
2026-05-15 18:00:00+00:00,714.22998046875,714.6079711914062,714.219970703125,714.5650024414062,518226
2026-05-15 18:05:00+00:00,714.5651245117188,715.119873046875,714.5449829101562,714.7100219726562,538309
2026-05-15 18:10:00+00:00,714.7100219726562,715.1058959960938,714.6199951171875,714.6729736328125,680276
2026-05-15 18:15:00+00:00,714.6900024414062,714.760009765625,712.760009765625,712.9500122070312,512010
2026-05-15 18:20:00+00:00,712.9266967773438,714.030029296875,712.7999877929688,713.5599975585938,412873
2026-05-15 18:25:00+00:00,713.5599975585938,713.760009765625,712.469970703125,712.6599731445312,273138
2026-05-15 18:30:00+00:00,712.6599731445312,712.760009765625,711.030029296875,711.5700073242188,491043
2026-05-15 18:35:00+00:00,711.5999755859375,712.6599731445312,711.5759887695312,712.635009765625,408801
2026-05-15 18:40:00+00:00,712.598876953125,712.6199951171875,711.8099975585938,712.4412231445312,196149
2026-05-15 18:45:00+00:00,712.4600219726562,712.5150146484375,711.9041748046875,712.360107421875,224749
2026-05-15 18:50:00+00:00,712.3599853515625,713.0999755859375,712.1400756835938,713.03271484375,319850
2026-05-15 18:55:00+00:00,713.030029296875,713.2000122070312,712.3300170898438,712.7999877929688,434121
2026-05-15 19:00:00+00:00,712.7899780273438,712.989990234375,711.7899780273438,711.9199829101562,310877
2026-05-15 19:05:00+00:00,711.9201049804688,712.14501953125,711.2000122070312,711.3900146484375,657074
2026-05-15 19:10:00+00:00,711.3400268554688,711.4000244140625,710.6199951171875,711.1500244140625,364885
2026-05-15 19:15:00+00:00,711.1099853515625,711.1500244140625,710.2899169921875,710.655029296875,272658
2026-05-15 19:20:00+00:00,710.6199951171875,711.1699829101562,710.3499755859375,710.35498046875,466748
2026-05-15 19:25:00+00:00,710.3350219726562,710.6500244140625,710.239990234375,710.4000244140625,348536
2026-05-15 19:30:00+00:00,710.3900146484375,711.166015625,710.3101196289062,710.93798828125,514886
2026-05-15 19:35:00+00:00,710.9500122070312,711.4099731445312,710.5399780273438,711.3333129882812,279081
2026-05-15 19:40:00+00:00,711.344970703125,711.5800170898438,710.45068359375,710.47998046875,512891
2026-05-15 19:45:00+00:00,710.510009765625,710.75,709.9000244140625,710.6099853515625,683392
2026-05-15 19:50:00+00:00,710.5999755859375,710.5999755859375,708.9000244140625,708.989990234375,943002
2026-05-15 19:55:00+00:00,709.0,709.4000244140625,708.3800048828125,708.8800048828125,2633037
2026-05-18 13:30:00+00:00,711.5399780273438,712.0700073242188,710.1099853515625,710.4099731445312,3668476
2026-05-18 13:35:00+00:00,710.3200073242188,710.68798828125,709.260009765625,709.7999877929688,598838
2026-05-18 13:40:00+00:00,709.77001953125,710.22998046875,707.260009765625,707.4199829101562,1176756
2026-05-18 13:45:00+00:00,707.4199829101562,708.3499755859375,706.6699829101562,707.27001953125,1164801
2026-05-18 13:50:00+00:00,707.280029296875,710.0999755859375,707.2349853515625,709.97998046875,746015
2026-05-18 13:55:00+00:00,710.0,710.8198852539062,708.9000244140625,709.25,614317
2026-05-18 14:00:00+00:00,709.1300048828125,709.25,706.7999877929688,707.3200073242188,1273095
2026-05-18 14:05:00+00:00,707.25,709.5999755859375,706.52001953125,709.4500122070312,694591
2026-05-18 14:10:00+00:00,709.3900146484375,709.9600219726562,708.6500244140625,709.7100219726562,613769
2026-05-18 14:15:00+00:00,709.6599731445312,710.6199951171875,708.340087890625,709.4500122070312,484799
2026-05-18 14:20:00+00:00,709.4550170898438,709.8099975585938,708.1701049804688,708.3200073242188,269589
2026-05-18 14:25:00+00:00,708.3400268554688,708.9600219726562,706.719970703125,707.1005859375,450519
2026-05-18 14:30:00+00:00,707.1099853515625,707.5999755859375,703.6699829101562,703.9240112304688,1186154
2026-05-18 14:35:00+00:00,703.9199829101562,705.22998046875,702.719970703125,704.7899780273438,1009647
2026-05-18 14:40:00+00:00,704.780029296875,706.2899780273438,703.780029296875,705.5150146484375,968538
2026-05-18 14:45:00+00:00,705.4500122070312,705.6950073242188,703.4299926757812,703.77001953125,523613
2026-05-18 14:50:00+00:00,703.760009765625,705.97998046875,703.4301147460938,704.7650146484375,596553
2026-05-18 14:55:00+00:00,704.719970703125,705.8300170898438,704.510009765625,705.2999877929688,805775
2026-05-18 15:00:00+00:00,705.3699951171875,706.4000244140625,704.260009765625,705.0599975585938,791198
2026-05-18 15:05:00+00:00,705.094970703125,705.3699951171875,703.719970703125,703.8099975585938,402621
2026-05-18 15:10:00+00:00,703.8400268554688,705.4500122070312,703.5399780273438,704.9400024414062,415400
2026-05-18 15:15:00+00:00,704.8599853515625,705.02001953125,703.219970703125,703.5599975585938,376468
2026-05-18 15:20:00+00:00,703.4299926757812,704.0599975585938,702.9249877929688,703.510009765625,444633
2026-05-18 15:25:00+00:00,703.489990234375,704.4500122070312,702.2960815429688,702.3400268554688,438488
2026-05-18 15:30:00+00:00,702.385009765625,703.739990234375,701.9400024414062,703.6300048828125,652572
2026-05-18 15:35:00+00:00,703.6799926757812,704.9299926757812,703.5700073242188,704.0399780273438,461658
2026-05-18 15:40:00+00:00,704.0499877929688,704.7999877929688,703.3499755859375,703.3800048828125,1336430
2026-05-18 15:45:00+00:00,703.3699951171875,704.3599853515625,703.1849975585938,703.5999755859375,409122
2026-05-18 15:50:00+00:00,703.6199951171875,704.280029296875,702.8800048828125,704.0900268554688,222411
2026-05-18 15:55:00+00:00,704.0499877929688,704.52001953125,703.0700073242188,703.280029296875,532692
2026-05-18 16:00:00+00:00,703.3099975585938,703.5422973632812,702.239990234375,702.6599731445312,426996
2026-05-18 16:05:00+00:00,702.6699829101562,703.52001953125,702.5,703.219970703125,465973
2026-05-18 16:10:00+00:00,703.2000122070312,704.0700073242188,703.1300048828125,704.02001953125,313060
2026-05-18 16:15:00+00:00,703.989990234375,704.3778076171875,703.77001953125,704.0700073242188,365963
2026-05-18 16:20:00+00:00,704.0499877929688,705.1599731445312,702.8400268554688,703.2100219726562,1118400
2026-05-18 16:25:00+00:00,703.219970703125,703.3300170898438,700.0,700.4400024414062,786187
2026-05-18 16:30:00+00:00,700.4500122070312,701.9099731445312,699.619873046875,701.1569213867188,676829
2026-05-18 16:35:00+00:00,701.1400146484375,702.4099731445312,700.9199829101562,701.8599853515625,729540
2026-05-18 16:40:00+00:00,701.7899780273438,702.0800170898438,701.3499755859375,701.489990234375,867806
2026-05-18 16:45:00+00:00,701.469970703125,701.8798828125,701.1199951171875,701.6900024414062,0
2026-05-18 16:50:00+00:00,701.6799926757812,703.8900146484375,701.5701293945312,703.8309936523438,559449
2026-05-18 16:55:00+00:00,703.8699951171875,704.4550170898438,703.25,703.469970703125,479838
2026-05-18 17:00:00+00:00,703.4099731445312,703.7899780273438,702.6099853515625,703.5800170898438,481237
2026-05-18 17:05:00+00:00,703.5399780273438,704.25,703.3078002929688,703.6749877929688,295508
2026-05-18 17:10:00+00:00,703.72998046875,704.280029296875,703.239990234375,703.25,217112
2026-05-18 17:15:00+00:00,703.22998046875,703.77001953125,703.010009765625,703.530029296875,272506
2026-05-18 17:20:00+00:00,703.5650024414062,703.6900024414062,702.5499877929688,702.8087768554688,296748
2026-05-18 17:25:00+00:00,702.8400268554688,703.6500244140625,702.5900268554688,703.60302734375,261972
2026-05-18 17:30:00+00:00,703.6199951171875,703.7000122070312,702.6749877929688,703.010009765625,207408
2026-05-18 17:35:00+00:00,703.010009765625,703.0599975585938,702.4299926757812,702.7999877929688,180333
2026-05-18 17:40:00+00:00,702.8099975585938,704.0800170898438,702.7000122070312,703.6685180664062,218114
2026-05-18 17:45:00+00:00,703.6300048828125,703.780029296875,702.719970703125,702.9199829101562,299319
2026-05-18 17:50:00+00:00,702.8599853515625,703.85009765625,702.8599853515625,703.5800170898438,176029
2026-05-18 17:55:00+00:00,703.530029296875,703.9099731445312,703.2100219726562,703.6900024414062,455060
2026-05-18 18:00:00+00:00,703.72998046875,703.8425903320312,702.0700073242188,702.2050170898438,299379
2026-05-18 18:05:00+00:00,702.22998046875,702.5900268554688,701.7634887695312,701.8699951171875,310960
2026-05-18 18:10:00+00:00,701.8200073242188,702.0999755859375,701.3150024414062,701.340087890625,439141
2026-05-18 18:15:00+00:00,701.3200073242188,701.3800048828125,699.7600708007812,700.1500244140625,509495
2026-05-18 18:20:00+00:00,700.1500244140625,700.47998046875,699.7000122070312,700.155029296875,612547
2026-05-18 18:25:00+00:00,700.1699829101562,700.8400268554688,699.3400268554688,700.760009765625,695026
2026-05-18 18:30:00+00:00,700.77001953125,701.2999877929688,700.3599853515625,700.5999755859375,431643
2026-05-18 18:35:00+00:00,700.6300048828125,701.02001953125,699.9249877929688,699.97998046875,234413
2026-05-18 18:40:00+00:00,699.9849853515625,700.3400268554688,699.5601196289062,700.2999267578125,262495
2026-05-18 18:45:00+00:00,700.2899780273438,700.5,699.1900024414062,699.3250122070312,333978
2026-05-18 18:50:00+00:00,699.3300170898438,699.6099853515625,698.8699951171875,699.1099853515625,462043
2026-05-18 18:55:00+00:00,699.0999755859375,700.02001953125,698.9199829101562,699.5601196289062,382266
2026-05-18 19:00:00+00:00,699.5900268554688,705.0399780273438,699.4299926757812,703.0,1578724
2026-05-18 19:05:00+00:00,703.02001953125,703.77001953125,701.3900146484375,702.5399780273438,914115
2026-05-18 19:10:00+00:00,702.5449829101562,703.1799926757812,702.1300048828125,702.35009765625,365823
2026-05-18 19:15:00+00:00,702.3599853515625,702.8099975585938,701.4299926757812,701.739990234375,362191
2026-05-18 19:20:00+00:00,701.75,702.3200073242188,701.1099853515625,701.3099975585938,539550
2026-05-18 19:25:00+00:00,701.2286987304688,701.5499877929688,700.4600219726562,701.4674072265625,454309
2026-05-18 19:30:00+00:00,701.489990234375,702.6849975585938,701.27001953125,702.2100219726562,340697
2026-05-18 19:35:00+00:00,702.219970703125,703.719970703125,702.1400146484375,703.6199951171875,377740
2026-05-18 19:40:00+00:00,703.72998046875,704.6599731445312,703.6500854492188,704.6400146484375,582464
2026-05-18 19:45:00+00:00,704.6199951171875,705.4550170898438,704.3699951171875,705.25,572903
2026-05-18 19:50:00+00:00,705.2899780273438,706.1599731445312,704.719970703125,705.9393920898438,1015181
2026-05-18 19:55:00+00:00,705.9400024414062,705.9500122070312,705.0062866210938,705.7000122070312,1774761
2026-05-19 13:30:00+00:00,699.8099975585938,703.4299926757812,699.8099975585938,702.39990234375,2885721
2026-05-19 13:35:00+00:00,702.4299926757812,705.1300048828125,701.9500122070312,704.364990234375,930773
2026-05-19 13:40:00+00:00,704.4000244140625,704.5,701.1300048828125,701.2899780273438,743400
2026-05-19 13:45:00+00:00,701.281982421875,703.5499877929688,700.2999877929688,702.0701293945312,827510
2026-05-19 13:50:00+00:00,702.0900268554688,703.6699829101562,701.4099731445312,703.3699951171875,586920
2026-05-19 13:55:00+00:00,703.375,704.0750122070312,701.4700927734375,701.8200073242188,1183674
2026-05-19 14:00:00+00:00,701.9099731445312,702.0399780273438,700.219970703125,701.3599853515625,632641
2026-05-19 14:05:00+00:00,701.35498046875,701.6400146484375,697.8400268554688,698.4000244140625,1268861
2026-05-19 14:10:00+00:00,698.469970703125,699.25,696.8800048828125,697.030029296875,1140074
2026-05-19 14:15:00+00:00,696.97998046875,697.27001953125,695.9201049804688,696.3499755859375,1391687
2026-05-19 14:20:00+00:00,696.3699951171875,696.8599853515625,695.27001953125,696.8200073242188,1072322
2026-05-19 14:25:00+00:00,696.9299926757812,697.5,695.9400024414062,696.4299926757812,869042
2026-05-19 14:30:00+00:00,696.4400024414062,697.719970703125,695.760009765625,696.2000122070312,793025
2026-05-19 14:35:00+00:00,696.1799926757812,697.8499145507812,696.1400146484375,697.6799926757812,574044
2026-05-19 14:40:00+00:00,697.739990234375,698.5999755859375,696.760009765625,697.2000122070312,591014
2026-05-19 14:45:00+00:00,697.219970703125,697.5900268554688,695.5800170898438,696.4000244140625,731863
2026-05-19 14:50:00+00:00,696.3599853515625,697.6500244140625,696.0599975585938,697.1400146484375,434914
2026-05-19 14:55:00+00:00,697.1400146484375,698.719970703125,696.9500122070312,698.6699829101562,472057
2026-05-19 15:00:00+00:00,698.6500244140625,699.2999877929688,698.1099853515625,698.8699951171875,642948
2026-05-19 15:05:00+00:00,698.85498046875,699.0286865234375,697.47998046875,698.3800048828125,541842
2026-05-19 15:10:00+00:00,698.4500122070312,699.4298706054688,698.4099731445312,699.239990234375,337981
2026-05-19 15:15:00+00:00,699.3200073242188,700.02001953125,698.3195190429688,698.3195190429688,495016
2026-05-19 15:20:00+00:00,698.3099975585938,699.0283203125,697.22998046875,697.3016967773438,447194
2026-05-19 15:25:00+00:00,697.25,698.4500122070312,696.8300170898438,697.9000244140625,359466
2026-05-19 15:30:00+00:00,697.8499755859375,699.4993286132812,697.5701293945312,698.4249877929688,500062
2026-05-19 15:35:00+00:00,698.4099731445312,699.9249877929688,698.0999755859375,699.6500244140625,369494
2026-05-19 15:40:00+00:00,699.6900024414062,700.4400024414062,699.219970703125,699.9600219726562,419912
2026-05-19 15:45:00+00:00,699.9600219726562,700.1300048828125,699.1099853515625,699.8790893554688,383151
2026-05-19 15:50:00+00:00,699.8699951171875,700.0,698.7000122070312,699.1099853515625,438773
2026-05-19 15:55:00+00:00,699.0540161132812,699.1599731445312,698.1500244140625,699.0,293288
2026-05-19 16:00:00+00:00,698.989990234375,700.530029296875,698.9500122070312,700.1199951171875,412596
2026-05-19 16:05:00+00:00,700.3099975585938,700.3599243164062,698.7899780273438,698.7899780273438,251927
2026-05-19 16:10:00+00:00,698.8099975585938,699.3381958007812,698.4199829101562,698.9450073242188,312167
2026-05-19 16:15:00+00:00,698.969970703125,700.1699829101562,698.9299926757812,700.0399780273438,415624
2026-05-19 16:20:00+00:00,700.02001953125,700.4500122070312,699.5900268554688,700.4249877929688,357049
2026-05-19 16:25:00+00:00,700.4600219726562,701.5599975585938,700.4199829101562,701.2449951171875,696262
2026-05-19 16:30:00+00:00,701.1900024414062,702.3200073242188,701.0599975585938,702.1099853515625,494404
2026-05-19 16:35:00+00:00,702.1300048828125,702.72998046875,701.5700073242188,702.5651245117188,363890
2026-05-19 16:40:00+00:00,702.630126953125,703.1798706054688,702.5050048828125,703.1599731445312,417379
2026-05-19 16:45:00+00:00,703.1599731445312,703.3200073242188,702.6400146484375,703.0,673996
2026-05-19 16:50:00+00:00,702.9500122070312,704.0499877929688,702.6799926757812,704.0,467038
2026-05-19 16:55:00+00:00,704.010009765625,704.2598876953125,703.6500244140625,703.969970703125,347434
2026-05-19 17:00:00+00:00,703.97998046875,704.8699951171875,703.7100219726562,704.7849731445312,510692
2026-05-19 17:05:00+00:00,704.780029296875,705.1900024414062,704.4600219726562,705.1300048828125,350537
2026-05-19 17:10:00+00:00,705.1099853515625,705.3759765625,704.7899780273438,705.239990234375,274379
2026-05-19 17:15:00+00:00,705.22998046875,705.969970703125,705.22998046875,705.9000244140625,578704
2026-05-19 17:20:00+00:00,705.9199829101562,706.489990234375,705.6099853515625,706.1400146484375,477356
2026-05-19 17:25:00+00:00,706.1749877929688,706.22998046875,704.9100952148438,705.4450073242188,542483
2026-05-19 17:30:00+00:00,705.4400024414062,706.3300170898438,705.3900146484375,705.4000244140625,369734
2026-05-19 17:35:00+00:00,705.3900146484375,706.010009765625,705.3900146484375,705.8900146484375,491185
2026-05-19 17:40:00+00:00,705.9500122070312,706.169921875,705.5,705.5936889648438,247787
2026-05-19 17:45:00+00:00,705.6300048828125,705.6699829101562,704.2999877929688,704.989990234375,447940
2026-05-19 17:50:00+00:00,705.030029296875,705.030029296875,703.655029296875,704.3350219726562,309503
2026-05-19 17:55:00+00:00,704.3599853515625,705.2000122070312,704.260009765625,705.1500244140625,240841
2026-05-19 18:00:00+00:00,705.1799926757812,705.6300048828125,705.010009765625,705.4600219726562,203963
2026-05-19 18:05:00+00:00,705.469970703125,705.8350219726562,705.3699951171875,705.72998046875,409578
2026-05-19 18:10:00+00:00,705.7379760742188,705.9299926757812,705.1917724609375,705.2100219726562,451545
2026-05-19 18:15:00+00:00,705.1799926757812,705.4400024414062,704.7100219726562,704.8984985351562,173153
2026-05-19 18:20:00+00:00,704.9199829101562,704.9500122070312,703.6900024414062,704.4099731445312,324175
2026-05-19 18:25:00+00:00,704.4099731445312,705.038818359375,703.9100952148438,704.010009765625,383530
2026-05-19 18:30:00+00:00,703.9901123046875,704.62939453125,703.655029296875,704.4500122070312,286017
2026-05-19 18:35:00+00:00,704.5399780273438,704.89501953125,703.75,703.8400268554688,209179
2026-05-19 18:40:00+00:00,703.8099975585938,704.0798950195312,703.47998046875,703.860107421875,307247
2026-05-19 18:45:00+00:00,703.8599853515625,703.97998046875,703.280029296875,703.8499755859375,222302
2026-05-19 18:50:00+00:00,703.8200073242188,703.9299926757812,702.80029296875,702.8200073242188,275024
2026-05-19 18:55:00+00:00,702.780029296875,702.780029296875,702.02001953125,702.4400024414062,770378
2026-05-19 19:00:00+00:00,702.4669799804688,703.3800048828125,702.4349975585938,702.9025268554688,288151
2026-05-19 19:05:00+00:00,702.8800048828125,703.8350219726562,702.510009765625,703.5900268554688,305348
2026-05-19 19:10:00+00:00,703.6099853515625,704.760009765625,703.5499877929688,704.6799926757812,280951
2026-05-19 19:15:00+00:00,704.7650146484375,704.85498046875,703.47998046875,703.47998046875,393127
2026-05-19 19:20:00+00:00,703.469970703125,703.7100219726562,702.010009765625,702.0250244140625,452239
2026-05-19 19:25:00+00:00,702.010009765625,703.0198974609375,701.6199951171875,702.8699951171875,410425
2026-05-19 19:30:00+00:00,702.8900146484375,703.530029296875,702.5300903320312,702.6400146484375,313639
2026-05-19 19:35:00+00:00,702.6599731445312,702.8599853515625,701.8790283203125,702.280029296875,401871
2026-05-19 19:40:00+00:00,702.27001953125,702.3099975585938,701.655029296875,701.75,361411
2026-05-19 19:45:00+00:00,701.77001953125,702.010009765625,701.2999877929688,701.4600219726562,562363
2026-05-19 19:50:00+00:00,701.4600219726562,701.8599853515625,700.3499755859375,700.5499877929688,928902
2026-05-19 19:55:00+00:00,700.530029296875,701.6699829101562,700.2000122070312,701.530029296875,3005027
2026-05-20 13:30:00+00:00,705.3200073242188,707.2899780273438,705.260009765625,706.8099975585938,2492009
2026-05-20 13:35:00+00:00,706.77001953125,706.9600219726562,704.1099853515625,705.10009765625,763922
2026-05-20 13:40:00+00:00,705.1699829101562,707.3300170898438,704.47998046875,706.9500122070312,676770
2026-05-20 13:45:00+00:00,707.0,708.22998046875,706.3400268554688,706.75,668360
2026-05-20 13:50:00+00:00,706.719970703125,707.5250244140625,705.1799926757812,705.5750122070312,782020
2026-05-20 13:55:00+00:00,705.5399780273438,706.1599731445312,704.6599731445312,706.0,576548
2026-05-20 14:00:00+00:00,705.989990234375,706.4400024414062,705.0399780273438,705.4199829101562,647035
2026-05-20 14:05:00+00:00,705.3699951171875,706.0299072265625,704.969970703125,705.405029296875,460440
2026-05-20 14:10:00+00:00,705.3599853515625,706.6500244140625,703.7899780273438,705.6699829101562,787613
2026-05-20 14:15:00+00:00,705.7899780273438,709.155029296875,705.4000854492188,707.5650024414062,900507
2026-05-20 14:20:00+00:00,707.5700073242188,709.0250244140625,706.8701171875,707.010009765625,819890
2026-05-20 14:25:00+00:00,707.02001953125,708.6099853515625,706.4299926757812,708.6099853515625,416481
2026-05-20 14:30:00+00:00,708.5999755859375,709.8900146484375,708.5800170898438,708.6600952148438,777873
2026-05-20 14:35:00+00:00,708.6400146484375,708.89501953125,707.7899780273438,708.4299926757812,356130
2026-05-20 14:40:00+00:00,708.3699951171875,708.9400024414062,708.0999755859375,708.9400024414062,164130
2026-05-20 14:45:00+00:00,708.97998046875,709.22998046875,707.8101196289062,708.2899780273438,326156
2026-05-20 14:50:00+00:00,708.3250122070312,709.6599731445312,708.125,709.4199829101562,245259
2026-05-20 14:55:00+00:00,709.4299926757812,710.3099975585938,709.2000122070312,709.905029296875,372076
2026-05-20 15:00:00+00:00,709.8400268554688,710.3400268554688,709.1649780273438,709.3099975585938,288281
2026-05-20 15:05:00+00:00,709.280029296875,709.9398803710938,709.2401123046875,709.77001953125,155056
2026-05-20 15:10:00+00:00,709.7301025390625,709.9500122070312,709.469970703125,709.739990234375,144240
2026-05-20 15:15:00+00:00,709.72998046875,713.0999755859375,709.72998046875,711.3200073242188,1164029
2026-05-20 15:20:00+00:00,711.330078125,711.8699951171875,710.97998046875,711.1599731445312,356001
2026-05-20 15:25:00+00:00,711.1300048828125,711.3300170898438,710.4400024414062,710.6300048828125,648866
2026-05-20 15:30:00+00:00,710.6298828125,711.4500122070312,710.4299926757812,711.4201049804688,308421
2026-05-20 15:35:00+00:00,711.4609985351562,711.6480102539062,711.030029296875,711.14501953125,398730
2026-05-20 15:40:00+00:00,711.1699829101562,711.52001953125,710.8200073242188,711.2927856445312,273552
2026-05-20 15:45:00+00:00,711.3099975585938,711.9199829101562,711.2540283203125,711.8991088867188,304838
2026-05-20 15:50:00+00:00,711.9000244140625,712.219970703125,711.6400146484375,711.9199829101562,375956
2026-05-20 15:55:00+00:00,711.9400024414062,712.0700073242188,710.9600219726562,711.5701293945312,515531
2026-05-20 16:00:00+00:00,711.6099853515625,711.7000122070312,710.860107421875,711.2000122070312,127564
2026-05-20 16:05:00+00:00,711.2100219726562,711.47998046875,710.8250122070312,711.1135864257812,151106
2026-05-20 16:10:00+00:00,711.1099853515625,711.280029296875,710.5,710.8049926757812,217939
2026-05-20 16:15:00+00:00,710.7849731445312,710.7999877929688,709.5499877929688,709.81298828125,348942
2026-05-20 16:20:00+00:00,709.8298950195312,710.02001953125,709.0499877929688,709.3599853515625,539198
2026-05-20 16:25:00+00:00,709.280029296875,709.4299926757812,708.6099853515625,709.27001953125,310596
2026-05-20 16:30:00+00:00,709.3200073242188,709.989990234375,708.9500122070312,709.1950073242188,276439
2026-05-20 16:35:00+00:00,709.2000122070312,709.6900024414062,708.969970703125,709.22998046875,281158
2026-05-20 16:40:00+00:00,709.22998046875,710.5615844726562,709.135009765625,710.5499877929688,294261
2026-05-20 16:45:00+00:00,710.5700073242188,710.72998046875,709.280029296875,709.7199096679688,442907
2026-05-20 16:50:00+00:00,709.8200073242188,710.1099853515625,709.6500244140625,710.0499877929688,207721
2026-05-20 16:55:00+00:00,710.0599975585938,710.1900024414062,709.0101928710938,709.9099731445312,223193
2026-05-20 17:00:00+00:00,709.9600219726562,710.4199829101562,709.5,709.5609741210938,363970
2026-05-20 17:05:00+00:00,709.5700073242188,709.8250122070312,709.280029296875,709.4600219726562,214253
2026-05-20 17:10:00+00:00,709.48876953125,710.8800048828125,709.0999755859375,710.4600219726562,342893
2026-05-20 17:15:00+00:00,710.4500122070312,710.5894775390625,709.9000244140625,710.2899780273438,136482
2026-05-20 17:20:00+00:00,710.2849731445312,710.7000122070312,709.9299926757812,710.0999755859375,146445
2026-05-20 17:25:00+00:00,710.1099853515625,710.9500122070312,710.0316772460938,710.6799926757812,242657
2026-05-20 17:30:00+00:00,710.7100219726562,711.010009765625,710.177978515625,710.4998779296875,183824
2026-05-20 17:35:00+00:00,710.4600219726562,711.4400024414062,710.3800048828125,710.989990234375,310134
2026-05-20 17:40:00+00:00,710.9749755859375,711.0349731445312,710.5800170898438,710.8900146484375,255872
2026-05-20 17:45:00+00:00,710.9000244140625,711.0700073242188,710.5449829101562,710.8298950195312,151473
2026-05-20 17:50:00+00:00,710.8099975585938,710.969482421875,710.469970703125,710.4700927734375,178136
2026-05-20 17:55:00+00:00,710.47998046875,710.9099731445312,710.4100952148438,710.8800048828125,538609
2026-05-20 18:00:00+00:00,710.9000244140625,711.3300170898438,710.2603149414062,711.3110961914062,371119
2026-05-20 18:05:00+00:00,711.2999877929688,711.4299926757812,710.97998046875,711.1400146484375,165742
2026-05-20 18:10:00+00:00,711.1599731445312,711.2899780273438,710.7899780273438,711.02001953125,138010
2026-05-20 18:15:00+00:00,710.9400024414062,711.219970703125,710.7899780273438,710.9450073242188,176209
2026-05-20 18:20:00+00:00,710.9400024414062,711.0792846679688,710.3099975585938,710.3900146484375,231342
2026-05-20 18:25:00+00:00,710.3400268554688,710.9550170898438,710.29248046875,710.9500122070312,489853
2026-05-20 18:30:00+00:00,710.9500122070312,711.2098999023438,710.8099975585938,711.0700073242188,159194
2026-05-20 18:35:00+00:00,711.0700073242188,711.9000244140625,711.030029296875,711.6201171875,252607
2026-05-20 18:40:00+00:00,711.6599731445312,711.719970703125,710.739990234375,710.760009765625,297492
2026-05-20 18:45:00+00:00,710.739990234375,711.2000122070312,710.6599731445312,710.9000244140625,208277
2026-05-20 18:50:00+00:00,710.9000244140625,711.0999755859375,710.5599975585938,710.760009765625,175602
2026-05-20 18:55:00+00:00,710.7849731445312,711.1500244140625,710.77001953125,710.8300170898438,138756
2026-05-20 19:00:00+00:00,710.8599853515625,711.510009765625,710.8300170898438,711.0700073242188,227385
2026-05-20 19:05:00+00:00,711.0552978515625,711.3474731445312,710.8599853515625,711.2698974609375,304547
2026-05-20 19:10:00+00:00,711.2550048828125,711.739990234375,711.1400146484375,711.719970703125,167917
2026-05-20 19:15:00+00:00,711.719970703125,711.9899291992188,711.6199951171875,711.760009765625,360623
2026-05-20 19:20:00+00:00,711.77001953125,712.02001953125,711.6699829101562,711.8499755859375,272412
2026-05-20 19:25:00+00:00,711.8699951171875,712.010009765625,711.5499877929688,711.8099975585938,273992
2026-05-20 19:30:00+00:00,711.8099975585938,711.9600219726562,711.489990234375,711.8099975585938,329061
2026-05-20 19:35:00+00:00,711.7949829101562,712.6699829101562,711.5999755859375,712.260009765625,387495
2026-05-20 19:40:00+00:00,712.27001953125,712.3400268554688,711.97998046875,712.1199951171875,611266
2026-05-20 19:45:00+00:00,712.1099853515625,712.5900268554688,711.9199829101562,712.2449951171875,363391
2026-05-20 19:50:00+00:00,712.260009765625,712.8585815429688,711.6799926757812,712.3499755859375,1448145
2026-05-20 19:55:00+00:00,712.3599853515625,713.1099853515625,712.02001953125,713.0700073242188,1775656
2026-05-21 13:30:00+00:00,709.0,710.1900024414062,707.9400024414062,710.155029296875,2957908
2026-05-21 13:35:00+00:00,710.2100219726562,710.22900390625,708.3599853515625,708.8400268554688,709049
2026-05-21 13:40:00+00:00,708.8599853515625,710.1300048828125,708.2999877929688,708.844970703125,529840
2026-05-21 13:45:00+00:00,708.9500122070312,709.8099975585938,708.4000244140625,708.5800170898438,510573
2026-05-21 13:50:00+00:00,708.510009765625,710.8900146484375,708.3099975585938,710.8499755859375,879624
2026-05-21 13:55:00+00:00,710.844970703125,711.3499755859375,709.5700073242188,710.6300048828125,674202
2026-05-21 14:00:00+00:00,710.6099853515625,711.8900146484375,710.5499877929688,711.1199951171875,592069
2026-05-21 14:05:00+00:00,711.0700073242188,711.47998046875,710.22998046875,711.4650268554688,592166
2026-05-21 14:10:00+00:00,711.4199829101562,711.510009765625,709.780029296875,710.1699829101562,454290
2026-05-21 14:15:00+00:00,710.1300048828125,710.4099731445312,708.219970703125,708.2849731445312,686131
2026-05-21 14:20:00+00:00,708.2650146484375,708.3599853515625,706.77001953125,707.5103149414062,684159
2026-05-21 14:25:00+00:00,707.510009765625,708.469970703125,707.1900024414062,708.2650146484375,313613
2026-05-21 14:30:00+00:00,708.3099975585938,709.4000244140625,707.97998046875,708.4500122070312,480876
2026-05-21 14:35:00+00:00,708.4749755859375,709.8300170898438,708.4000244140625,709.5499877929688,446736
2026-05-21 14:40:00+00:00,709.5498046875,709.6500244140625,708.52001953125,709.3699951171875,421112
2026-05-21 14:45:00+00:00,709.3950805664062,709.6300048828125,707.9000244140625,708.5,332698
2026-05-21 14:50:00+00:00,708.510009765625,709.219970703125,707.7319946289062,709.0701293945312,291072
2026-05-21 14:55:00+00:00,709.1199951171875,709.8298950195312,708.77001953125,709.4199829101562,240018
2026-05-21 15:00:00+00:00,709.4400024414062,709.6099853515625,708.5700073242188,708.8394775390625,301487
2026-05-21 15:05:00+00:00,708.7432861328125,708.919921875,707.1500244140625,707.760009765625,387056
2026-05-21 15:10:00+00:00,707.6950073242188,709.739990234375,706.8499755859375,709.3117065429688,778130
2026-05-21 15:15:00+00:00,709.3099975585938,709.8099975585938,708.9099731445312,709.6099853515625,521173
2026-05-21 15:20:00+00:00,709.5900268554688,710.010009765625,709.0499877929688,709.4600219726562,353713
2026-05-21 15:25:00+00:00,709.4299926757812,709.97998046875,709.0999755859375,709.3599853515625,258816
2026-05-21 15:30:00+00:00,709.4500122070312,709.6400146484375,707.989990234375,708.25,390219
2026-05-21 15:35:00+00:00,708.1799926757812,709.8800048828125,708.0,709.8547973632812,363375
2026-05-21 15:40:00+00:00,709.8599853515625,710.3400268554688,709.6199951171875,709.9500122070312,236647
2026-05-21 15:45:00+00:00,709.9600219726562,710.9199829101562,709.9450073242188,710.8499145507812,293669
2026-05-21 15:50:00+00:00,710.8200073242188,711.0399780273438,710.4500122070312,710.6798706054688,144546
2026-05-21 15:55:00+00:00,710.5700073242188,710.7799072265625,710.0800170898438,710.0800170898438,247205
2026-05-21 16:00:00+00:00,710.1900024414062,710.9099731445312,710.1300048828125,710.7000122070312,202290
2026-05-21 16:05:00+00:00,710.780029296875,711.239990234375,710.219970703125,711.1799926757812,152126
2026-05-21 16:10:00+00:00,711.1710205078125,711.1900024414062,710.010009765625,710.385009765625,435122
2026-05-21 16:15:00+00:00,710.4384765625,710.530029296875,709.8701171875,710.0999755859375,163189
2026-05-21 16:20:00+00:00,710.094970703125,710.3400268554688,708.969970703125,709.6300048828125,539564
2026-05-21 16:25:00+00:00,709.5999755859375,709.8200073242188,709.2999877929688,709.7100219726562,159783
2026-05-21 16:30:00+00:00,709.739990234375,710.2000122070312,709.5432739257812,710.0700073242188,201711
2026-05-21 16:35:00+00:00,710.0703125,710.3400268554688,709.3900146484375,709.85498046875,138914
2026-05-21 16:40:00+00:00,709.8900146484375,710.10498046875,709.530029296875,709.8800048828125,121899
2026-05-21 16:45:00+00:00,709.989990234375,710.280029296875,709.0989990234375,709.3800048828125,196771
2026-05-21 16:50:00+00:00,709.3400268554688,709.7639770507812,708.77001953125,709.5499267578125,169116
2026-05-21 16:55:00+00:00,709.5050048828125,709.989990234375,709.469970703125,709.989990234375,120992
2026-05-21 17:00:00+00:00,710.0,710.7979736328125,710.0,710.4099731445312,227218
2026-05-21 17:05:00+00:00,710.3800048828125,710.77001953125,710.3800048828125,710.6300048828125,105515
2026-05-21 17:10:00+00:00,710.6199951171875,712.9500122070312,710.58251953125,712.0399169921875,809948
2026-05-21 17:15:00+00:00,712.0399780273438,714.2999877929688,711.8800048828125,713.6699829101562,841319
2026-05-21 17:20:00+00:00,713.6500244140625,715.2100219726562,712.5999755859375,713.77001953125,986067
2026-05-21 17:25:00+00:00,713.8300170898438,714.1799926757812,713.4650268554688,713.6699829101562,266600
2026-05-21 17:30:00+00:00,713.7449951171875,714.6300048828125,713.594970703125,714.280029296875,412284
2026-05-21 17:35:00+00:00,714.3099975585938,714.9199829101562,714.25,714.8599853515625,408747
2026-05-21 17:40:00+00:00,714.8300170898438,715.72998046875,714.8150024414062,715.6400146484375,597536
2026-05-21 17:45:00+00:00,715.6699829101562,715.89990234375,715.080078125,715.7999877929688,287271
2026-05-21 17:50:00+00:00,715.8250122070312,716.8699951171875,715.4500122070312,716.8099975585938,630708
2026-05-21 17:55:00+00:00,716.8499755859375,717.1195068359375,715.6699829101562,715.6950073242188,771504
2026-05-21 18:00:00+00:00,715.719970703125,716.3099975585938,714.9000244140625,715.0399780273438,426906
2026-05-21 18:05:00+00:00,715.010009765625,715.760009765625,714.8200073242188,715.4450073242188,319549
2026-05-21 18:10:00+00:00,715.4312133789062,715.5499877929688,714.4901123046875,714.5999755859375,331911
2026-05-21 18:15:00+00:00,714.5900268554688,715.030029296875,714.1300048828125,714.9967041015625,272470
2026-05-21 18:20:00+00:00,714.97998046875,715.25,714.530029296875,715.1500244140625,179761
2026-05-21 18:25:00+00:00,715.1799926757812,715.2598876953125,714.7000122070312,714.8250122070312,234942
2026-05-21 18:30:00+00:00,714.8300170898438,715.0599975585938,714.4000244140625,714.7299194335938,171514
2026-05-21 18:35:00+00:00,714.7050170898438,714.8400268554688,714.2800903320312,714.4500122070312,124989
2026-05-21 18:40:00+00:00,714.4099731445312,715.0499877929688,714.3900146484375,714.7899780273438,120443
2026-05-21 18:45:00+00:00,714.748291015625,714.97998046875,713.0900268554688,713.5401000976562,410703
2026-05-21 18:50:00+00:00,713.5399780273438,714.1099853515625,711.1300048828125,711.1799926757812,769131
2026-05-21 18:55:00+00:00,711.219970703125,711.9000244140625,710.9099731445312,711.8800048828125,729557
2026-05-21 19:00:00+00:00,711.9199829101562,712.9199829101562,711.8400268554688,712.7849731445312,615053
2026-05-21 19:05:00+00:00,712.7999877929688,713.4598999023438,712.0800170898438,713.39990234375,280849
2026-05-21 19:10:00+00:00,713.3300170898438,713.6900024414062,712.9400024414062,713.6804809570312,226914
2026-05-21 19:15:00+00:00,713.7000122070312,714.0800170898438,713.47998046875,714.0800170898438,240466
2026-05-21 19:20:00+00:00,714.0999755859375,714.219970703125,713.52001953125,713.968994140625,253798
2026-05-21 19:25:00+00:00,714.0,714.3099975585938,713.7000122070312,714.0449829101562,288335
2026-05-21 19:30:00+00:00,714.02001953125,714.25,713.5800170898438,713.5800170898438,188758
2026-05-21 19:35:00+00:00,713.6099853515625,714.219970703125,713.5900268554688,714.1199951171875,453982
2026-05-21 19:40:00+00:00,714.1199951171875,714.47998046875,713.4500122070312,713.780029296875,370708
2026-05-21 19:45:00+00:00,713.77001953125,714.135009765625,713.47998046875,714.0499877929688,204556
2026-05-21 19:50:00+00:00,714.0499877929688,714.5499877929688,713.4199829101562,713.9000244140625,830574
2026-05-21 19:55:00+00:00,713.7899780273438,714.9000244140625,713.4099731445312,714.4400024414062,1192428
